lat,lon,n,r_plant_km,r_cover_km,area_km2,emissions_t,capacity,subsector
12.47590,-69.98230,1,0.000,2.000,0.5027,751130.0000,356.5000,electricity-generation
34.71810,69.30760,1,0.000,2.000,0.5027,16270.0000,45.0000,electricity-generation
34.56160,69.29480,1,0.000,2.000,0.5027,30171.0000,108.0000,electricity-generation
-14.95230,13.58020,1,0.000,2.000,0.5027,38800.0000,40.0000,electricity-generation
-9.58050,15.72410,1,0.000,2.000,0.5027,0.0000,51.0000,electricity-generation
-12.47060,13.73190,1,0.000,2.000,0.5027,28628.0000,22.8000,electricity-generation
-8.79890,13.29433,5,7.909,9.909,196.5323,884756.9527,65348.0000,electricity-generation
-12.37839,13.58413,2,1.796,3.796,10.1391,157516.0000,130.0000,electricity-generation
-5.37305,12.20969,2,2.059,4.059,13.3133,119284.0000,30095.0000,electricity-generation
-6.16868,12.32776,2,5.582,7.582,97.8839,817970.0000,870.0000,electricity-generation
-15.33330,15.00000,1,0.000,2.000,0.5027,20760.0000,21.4000,electricity-generation
42.49590,1.52230,1,0.000,2.000,0.5027,0.0000,18.0000,electricity-generation
24.23470,55.74820,1,0.000,2.000,0.5027,305460.0000,192.0000,electricity-generation
25.14950,55.42610,2,2.025,4.025,12.8825,2268700.0000,2184.0000,electricity-generation
25.68630,55.79840,1,0.000,2.000,0.5027,110046.0000,45.0000,electricity-generation
25.79690,55.95660,1,0.000,2.000,0.5027,711460.0000,387.0000,electricity-generation
25.27440,55.43850,1,0.000,2.000,0.5027,0.0000,12.0000,electricity-generation
25.45516,55.47709,3,3.727,5.727,43.6276,2246420.0000,1332.3000,electricity-generation
23.31390,54.17420,1,0.000,2.000,0.5027,506390.0000,191.6500,electricity-generation
23.54640,53.31130,1,0.000,2.000,0.5027,387670.0000,138.1000,electricity-generation
25.16090,52.87660,1,0.000,2.000,0.5027,456080.0000,177.6000,electricity-generation
24.78834,54.70540,4,3.666,5.666,42.2195,27871393.6669,316262.7068,electricity-generation
25.03908,55.10132,4,5.493,7.493,94.7901,27106525.0531,319522.9479,electricity-generation
25.31438,56.36768,3,6.484,8.484,132.0942,3104910.0000,3158.3000,electricity-generation
23.83970,53.65170,1,0.000,2.000,0.5027,1163140.0000,760.0000,electricity-generation
23.90940,53.70580,1,0.000,2.000,0.5027,409530.0000,256.0000,electricity-generation
24.91150,54.91550,1,0.000,2.000,0.5027,6545900.0000,2400.0000,electricity-generation
25.05570,56.34990,1,0.000,2.000,0.5027,276670.0000,109.0000,electricity-generation
25.35490,55.36840,1,0.000,2.000,0.5027,4124000.0000,2065.0000,electricity-generation
23.57950,53.72960,1,0.000,2.000,0.5027,291070.0000,114.6000,electricity-generation
24.12100,53.44700,1,0.000,2.000,0.5027,1327180.0000,1522.8000,electricity-generation
24.12673,52.73189,3,2.238,4.238,15.7312,13279439.2890,1131914.4269,electricity-generation
25.29706,55.61827,2,3.805,5.805,45.4785,1220661.4122,362687.5342,electricity-generation
24.16020,52.56830,1,0.000,2.000,0.5027,4274400.0000,4856.4000,electricity-generation
24.33186,54.46748,3,5.608,7.608,98.7896,1481148.2587,433150.6849,iron-and-steel
24.43480,54.48760,2,0.562,2.562,0.9926,2084000.0000,1966.0000,electricity-generation
25.37320,55.46110,1,0.000,2.000,0.5027,2052300.0000,862.0000,electricity-generation
24.89180,53.06480,1,0.000,2.000,0.5027,745390.0000,330.0000,electricity-generation
-38.04960,-57.54550,1,0.000,2.000,0.5027,430800.0000,182.0000,electricity-generation
-38.93620,-68.35700,1,0.000,2.000,0.5027,1869000.0000,739.7000,electricity-generation
-38.95240,-68.02180,1,0.000,2.000,0.5027,63909.3000,97.5000,electricity-generation
-42.73732,-65.05303,2,0.548,2.548,0.9437,1614579.4595,25130.3425,electricity-generation
-28.44520,-62.85560,1,0.000,2.000,0.5027,8106.5600,21.6000,electricity-generation
-33.31310,-68.89150,1,0.000,2.000,0.5027,57258.5000,41.0000,electricity-generation
-34.72550,-58.73970,1,0.000,2.000,0.5027,10938.9000,106.0000,electricity-generation
-26.17600,-58.20980,1,0.000,2.000,0.5027,3108.3500,30.0000,electricity-generation
-33.36302,-60.15754,3,1.657,3.657,8.6246,5781870.7000,299053.5055,electricity-generation
-33.12460,-60.52200,1,0.000,2.000,0.5027,204250.0000,133.0000,electricity-generation
-37.54730,-59.45280,1,0.000,2.000,0.5027,552610.0000,260.0000,electricity-generation
-31.66480,-63.83160,2,0.307,2.307,0.5027,1093640.0000,496.0000,electricity-generation
-31.71090,-60.78060,1,0.000,2.000,0.5027,62849.0000,292.0000,electricity-generation
-32.78180,-61.41840,1,0.000,2.000,0.5027,28982.4000,65.0000,electricity-generation
-28.49097,-65.77610,2,5.309,7.309,88.5350,10069.2200,38.4000,electricity-generation
-27.75280,-64.26550,1,0.000,2.000,0.5027,28265.0000,32.0000,electricity-generation
-22.34970,-63.76640,1,0.000,2.000,0.5027,39880.0000,30.0000,electricity-generation
-45.76350,-68.29730,1,0.000,2.000,0.5027,376800.0000,244.0000,electricity-generation
-45.80751,-67.46708,3,3.990,5.990,50.0246,240452.9000,329.9700,electricity-generation
-34.62143,-58.35156,4,6.289,8.289,124.2376,7360951.2895,116966.7000,electricity-generation
-26.99608,-65.16973,3,0.824,2.824,2.1352,1956014.0000,1559.0000,electricity-generation
-32.16122,-64.15455,2,0.080,2.080,0.5027,15157.0000,86.0000,electricity-generation
-27.09220,-54.86250,1,0.000,2.000,0.5027,18468.5700,15.0000,electricity-generation
-32.61030,-62.68640,1,0.000,2.000,0.5027,1963.8700,18.3700,electricity-generation
-35.13510,-60.43080,1,0.000,2.000,0.5027,202290.0000,170.0000,electricity-generation
-27.23690,-61.19390,1,0.000,2.000,0.5027,4284.7300,16.0000,electricity-generation
-32.47670,-58.26720,1,0.000,2.000,0.5027,107304.0000,41.0000,electricity-generation
-30.05570,-59.52980,1,0.000,2.000,0.5027,14340.0000,16.5000,electricity-generation
-34.57080,-60.91610,1,0.000,2.000,0.5027,19073.7000,20.0000,electricity-generation
-37.07810,-57.81810,1,0.000,2.000,0.5027,128346.0000,49.8000,electricity-generation
-34.85700,-61.52040,1,0.000,2.000,0.5027,7791.5600,15.0000,electricity-generation
-34.39310,-58.83720,1,0.000,2.000,0.5027,107985.0000,41.0000,electricity-generation
-37.01090,-60.27535,4,8.427,10.427,223.1030,2894485.0966,846384.4658,cement
-31.77640,-60.45530,1,0.000,2.000,0.5027,107304.0000,41.0000,electricity-generation
-37.09530,-56.87890,1,0.000,2.000,0.5027,54147.0000,20.0000,electricity-generation
-25.67860,-59.07560,1,0.000,2.000,0.5027,12030.7800,15.0000,electricity-generation
-31.25670,-61.52030,1,0.000,2.000,0.5027,2722.5100,19.2000,electricity-generation
-37.41020,-68.90010,1,0.000,2.000,0.5027,84334.0000,32.0000,electricity-generation
-31.39340,-64.20590,1,0.000,2.000,0.5027,6267.9000,35.5600,electricity-generation
-34.87906,-57.92244,4,3.556,5.556,39.7273,3895338.7858,189846.4400,electricity-generation
-45.86490,-68.54880,1,0.000,2.000,0.5027,345250.0000,148.0000,electricity-generation
-34.90330,-58.61620,1,0.000,2.000,0.5027,373520.0000,150.0000,electricity-generation
-37.27420,-69.65200,1,0.000,2.000,0.5027,5674.0000,67.5000,electricity-generation
-27.94730,-56.00080,1,0.000,2.000,0.5027,0.0000,40.0000,electricity-generation
-28.60720,-65.12280,1,0.000,2.000,0.5027,6572.2000,60.0000,electricity-generation
-34.90220,-58.73330,1,0.000,2.000,0.5027,3345300.0000,1170.0000,electricity-generation
-34.03640,-63.92170,1,0.000,2.000,0.5027,74088.0000,42.0000,electricity-generation
-33.45530,-60.28360,1,0.000,2.000,0.5027,279532.0000,260.0000,electricity-generation
-24.73537,-65.05034,2,5.191,7.191,84.6541,1363465.0000,1004.0000,electricity-generation
-38.68650,-62.41850,1,0.000,2.000,0.5027,249360.0000,576.0000,electricity-generation
-26.86650,-65.22410,1,0.000,2.000,0.5027,95684.0000,220.0000,electricity-generation
-38.77339,-62.27825,5,3.534,5.534,39.2398,1657216.6585,93672.9333,electricity-generation
-23.25370,-64.24130,1,0.000,2.000,0.5027,0.0000,52.7000,electricity-generation
-33.24220,-62.39460,1,0.000,2.000,0.5027,3545.4800,20.0000,electricity-generation
-25.95640,-60.62020,1,0.000,2.000,0.5027,432.8400,15.0000,electricity-generation
-34.93500,-58.01820,1,0.000,2.000,0.5027,10068.9400,40.6000,electricity-generation
-29.38248,-66.83366,2,0.114,2.114,0.5027,26207.4400,116.0000,electricity-generation
-34.08090,-59.12540,1,0.000,2.000,0.5027,96527.0000,202.0000,electricity-generation
-23.82250,-64.78430,1,0.000,2.000,0.5027,1472.6400,15.6000,electricity-generation
-38.36000,-68.71470,1,0.000,2.000,0.5027,519150.0000,212.0000,electricity-generation
-38.51270,-68.60610,1,0.000,2.000,0.5027,2112640.0000,765.0000,electricity-generation
-33.05893,-68.97956,2,0.658,2.658,1.3622,2758644.9090,106563.0000,electricity-generation
-34.55780,-59.03360,1,0.000,2.000,0.5027,112216.0000,127.0000,electricity-generation
-35.10020,-57.48430,1,0.000,2.000,0.5027,1612.5000,25.0000,electricity-generation
-45.66020,-67.80970,1,0.000,2.000,0.5027,154170.0000,58.5000,electricity-generation
-34.17242,-58.97850,3,3.108,5.108,30.3553,2999008.4080,246912.1918,electricity-generation
-36.72080,-63.19770,1,0.000,2.000,0.5027,10561.1000,30.0000,electricity-generation
-33.15825,-64.36410,2,0.744,2.744,1.7371,362839.0000,608.5700,electricity-generation
-38.57850,-58.71090,1,0.000,2.000,0.5027,112400.0000,206.0000,electricity-generation
-27.50190,-55.12450,1,0.000,2.000,0.5027,6360.4000,17.6000,electricity-generation
-23.13510,-64.29930,1,0.000,2.000,0.5027,2130.3500,10.0700,electricity-generation
-37.24890,-56.99760,1,0.000,2.000,0.5027,102491.6000,127.0000,electricity-generation
-34.40320,-58.96610,1,0.000,2.000,0.5027,127968.8000,99.6000,electricity-generation
-35.83560,-61.87840,1,0.000,2.000,0.5027,17383.0000,20.0000,electricity-generation
-33.00944,-60.79777,2,4.377,6.377,60.1773,57343.5748,55285.4795,electricity-generation
-31.51290,-68.53990,1,0.000,2.000,0.5027,10979.4000,31.5000,electricity-generation
-25.98938,-54.63503,2,0.168,2.168,0.5027,189148.3626,29688.8087,electricity-generation
-26.48070,-54.71600,1,0.000,2.000,0.5027,0.0000,46.0000,electricity-generation
-38.94600,-67.60060,1,0.000,2.000,0.5027,559140.0000,250.0000,electricity-generation
-34.30470,-60.22410,1,0.000,2.000,0.5027,32158.0000,60.0000,electricity-generation
-28.05600,-56.00830,1,0.000,2.000,0.5027,0.0000,40.0000,electricity-generation
-31.43910,-62.11190,1,0.000,2.000,0.5027,7640.9000,39.0000,electricity-generation
-33.77780,-59.72890,1,0.000,2.000,0.5027,185604.0000,108.0000,electricity-generation
-32.90520,-60.68030,1,0.000,2.000,0.5027,17696.0000,140.0000,electricity-generation
-31.46280,-64.23930,1,0.000,2.000,0.5027,9060.7000,140.0000,electricity-generation
-23.73260,-64.61360,1,0.000,2.000,0.5027,73424.0000,89.0000,electricity-generation
-22.54117,-63.80561,2,0.108,2.108,0.5027,74015.5000,34.9800,electricity-generation
-32.69898,-60.74541,3,4.016,6.016,50.6691,918457.3567,52885.0662,electricity-generation
-32.69610,-63.43720,1,0.000,2.000,0.5027,0.0000,10.0000,electricity-generation
-32.57997,-60.79009,3,0.854,2.854,2.2898,3459277.0000,1868.0000,electricity-generation
-52.89660,-68.35350,1,0.000,2.000,0.5027,348810.0000,135.9000,electricity-generation
-33.77770,-61.95550,1,0.000,2.000,0.5027,5102.1200,19.2000,electricity-generation
-27.58060,-60.70990,1,0.000,2.000,0.5027,429.0600,15.0000,electricity-generation
-32.42680,-63.17400,1,0.000,2.000,0.5027,185561.0000,260.0000,electricity-generation
-28.51610,-59.34570,1,0.000,2.000,0.5027,12555.1000,50.0000,electricity-generation
40.56950,44.75280,1,0.000,2.000,0.5027,876630.0000,839.9000,electricity-generation
40.11427,44.49749,2,0.144,2.144,0.5027,953430.0000,543.0000,electricity-generation
-34.50225,139.02866,2,0.395,2.395,0.5027,125914.4389,23831.8219,electricity-generation
-34.19367,150.78493,2,1.995,3.995,12.5095,112237.0000,68.7000,electricity-generation
-16.71620,128.40310,1,0.000,2.000,0.5027,36549.0000,30.0000,electricity-generation
-37.84290,147.56390,1,0.000,2.000,0.5027,4293.0000,92.0000,electricity-generation
-34.80549,138.51372,10,7.787,9.787,190.4850,2331841.4891,137996.7410,electricity-generation
-20.79170,115.44640,1,0.000,2.000,0.5027,886810.0000,590.0000,electricity-generation
-32.39387,150.95032,3,3.617,5.617,41.1064,14765938.0000,2759.0000,electricity-generation
-12.42620,130.91950,1,0.000,2.000,0.5027,110039.0000,66.5000,electricity-generation
-33.33482,116.23590,2,2.490,4.490,19.4710,4327760.0000,816.0000,electricity-generation
-20.41558,118.54550,4,4.194,6.194,55.2617,404219.0000,301.0000,electricity-generation
-27.11055,150.90520,4,4.612,6.612,66.8143,1244417.0000,1746.4400,electricity-generation
-29.01750,153.44500,1,0.000,2.000,0.5027,0.0000,38.0000,electricity-generation
-31.98630,141.42030,1,0.000,2.000,0.5027,78851.0000,50.0000,electricity-generation
-17.98100,122.20460,1,0.000,2.000,0.5027,16948.0000,13.9100,electricity-generation
-20.61478,116.75910,3,5.398,7.398,91.5502,800010.0000,492.3000,electricity-generation
-24.34490,150.61820,1,0.000,2.000,0.5027,8105900.0000,1620.0000,electricity-generation
-21.86010,140.91580,1,0.000,2.000,0.5027,61961.0000,38.1600,electricity-generation
-20.64970,117.14110,1,0.000,2.000,0.5027,301890.0000,196.4400,electricity-generation
-24.89110,113.70950,2,4.214,6.214,55.7982,25324.0000,17.8800,electricity-generation
-12.54446,130.90095,3,6.461,8.461,131.1347,1115660.0000,987.1000,electricity-generation
-22.39900,119.73200,1,0.000,2.000,0.5027,34114.0000,28.0000,electricity-generation
-37.95020,145.11870,1,0.000,2.000,0.5027,17862.0000,11.0000,electricity-generation
-22.32470,119.40400,1,0.000,2.000,0.5027,56043.0000,46.0000,electricity-generation
-32.19536,115.77521,9,3.630,5.630,41.4057,4956877.0000,187951.8151,electricity-generation
-33.16195,151.54530,2,5.321,7.321,88.9399,6075825.0000,2044.0000,electricity-generation
-26.66800,150.27000,1,0.000,2.000,0.5027,119470.0000,148.1400,electricity-generation
-28.31070,153.43610,1,0.000,2.000,0.5027,0.0000,30.0000,electricity-generation
-23.76548,151.20164,2,1.508,3.508,7.1470,271374.0000,176.0000,electricity-generation
-17.31410,123.64410,1,0.000,2.000,0.5027,17843.0000,10.9900,electricity-generation
-20.78394,139.48407,3,0.979,2.979,3.0081,316315.0000,304.6000,electricity-generation
-33.06220,151.52140,1,0.000,2.000,0.5027,15173400.0000,2922.0000,electricity-generation
-33.87620,121.89980,1,0.000,2.000,0.5027,17365.0000,14.2500,electricity-generation
-28.77010,114.64850,1,0.000,2.000,0.5027,32802.0000,20.8000,electricity-generation
-22.96126,148.56827,2,4.067,6.067,51.9663,116856.0000,42.6500,electricity-generation
-23.82525,151.15350,4,3.432,5.432,37.0052,5162392.5353,424867.2603,aluminum
-23.86291,151.25614,3,10.315,12.315,334.2805,12824504.7721,363063.5616,aluminum
-32.45980,151.12860,1,0.000,2.000,0.5027,16333.0000,10.0600,electricity-generation
-12.18890,136.68680,1,0.000,2.000,0.5027,147690.0000,120.5000,electricity-generation
-27.99410,123.86390,1,0.000,2.000,0.5027,84109.0000,52.6000,electricity-generation
-17.60660,145.99140,1,0.000,2.000,0.5027,0.0000,19.3000,electricity-generation
-33.34870,138.75170,1,0.000,2.000,0.5027,368380.0000,220.6000,electricity-generation
-38.27510,146.42570,2,3.060,5.060,29.4148,68050.0000,440.0000,electricity-generation
-32.79737,151.47248,2,4.762,6.762,71.2259,638770.0000,495.0000,electricity-generation
-19.64220,147.40160,1,0.000,2.000,0.5027,0.0000,10.0000,electricity-generation
-19.51650,147.10560,1,0.000,2.000,0.5027,0.0000,61.5000,electricity-generation
-26.37120,120.57760,1,0.000,2.000,0.5027,30852.0000,20.2000,electricity-generation
-30.87370,121.48420,1,0.000,2.000,0.5027,29432.0000,21.4000,electricity-generation
-31.19190,121.67215,2,0.186,2.186,0.5027,412581.0000,286.0000,electricity-generation
-20.75220,116.83790,1,0.000,2.000,0.5027,92881.0000,86.0000,electricity-generation
-14.45870,132.24450,1,0.000,2.000,0.5027,52949.0000,36.1000,electricity-generation
-33.16330,115.78050,1,0.000,2.000,0.5027,74074.0000,310.0000,electricity-generation
-26.91790,150.75070,1,0.000,2.000,0.5027,4763400.0000,750.0000,electricity-generation
-37.45670,140.78270,1,0.000,2.000,0.5027,66795.0000,80.0000,electricity-generation
-37.84152,144.85488,5,5.849,7.849,107.4656,516350.7631,75401.9087,electricity-generation
-27.81410,120.69900,1,0.000,2.000,0.5027,0.0000,0.0000,electricity-generation
-38.22360,147.16570,1,0.000,2.000,0.5027,45344.0000,33.5000,electricity-generation
-35.10983,138.49108,2,0.060,2.060,0.5027,27781.7000,82.8000,electricity-generation
-38.25354,146.57924,3,0.844,2.844,2.2364,24300912.0000,3628.0000,electricity-generation
-34.02931,151.00209,2,2.367,4.367,17.5961,35558.0000,42.9000,electricity-generation
-21.14462,149.15908,2,3.365,5.365,35.5803,53617.0000,81.0000,electricity-generation
-21.14210,148.94000,1,0.000,2.000,0.5027,0.0000,18.0000,electricity-generation
-38.18490,146.44669,2,0.134,2.134,0.5027,175054.3671,27583.3224,electricity-generation
-16.43350,136.09350,1,0.000,2.000,0.5027,119395.0000,73.9000,electricity-generation
-31.54220,118.22700,1,0.000,2.000,0.5027,4665.8000,82.0000,electricity-generation
-27.96070,151.27930,1,0.000,2.000,0.5027,4905800.0000,880.0000,electricity-generation
-33.90320,138.73820,1,0.000,2.000,0.5027,12870.6000,90.0000,electricity-generation
-22.00164,148.02858,2,1.884,3.884,11.1556,176541.0000,75.5600,electricity-generation
-38.06350,142.66820,1,0.000,2.000,0.5027,365607.0000,567.0000,electricity-generation
-27.21460,120.54800,1,0.000,2.000,0.5027,128246.0000,97.6800,electricity-generation
-33.35970,150.03310,1,0.000,2.000,0.5027,6732400.0000,1390.0000,electricity-generation
-19.33770,146.85160,1,0.000,2.000,0.5027,43056.0000,423.0000,electricity-generation
-33.44590,116.30750,1,0.000,2.000,0.5027,2270990.0000,454.0000,electricity-generation
-17.09320,145.78870,1,0.000,2.000,0.5027,0.0000,10.5000,electricity-generation
-28.88930,115.11770,1,0.000,2.000,0.5027,76412.0000,113.1000,electricity-generation
-28.92380,121.32930,1,0.000,2.000,0.5027,122245.0000,76.0000,electricity-generation
-31.67130,115.80210,1,0.000,2.000,0.5027,84743.0000,330.0000,electricity-generation
-23.34386,119.70940,2,0.147,2.147,0.5027,472840.0000,407.3000,electricity-generation
-27.27970,120.50190,1,0.000,2.000,0.5027,243560.0000,150.0000,electricity-generation
-32.54050,137.78505,2,0.348,2.348,0.5027,0.0000,0.0000,electricity-generation
-27.41840,151.68020,1,0.000,2.000,0.5027,52079.0000,346.0000,electricity-generation
-23.86370,133.82350,1,0.000,2.000,0.5027,147230.0000,90.9000,electricity-generation
-23.22330,117.61330,1,0.000,2.000,0.5027,44726.0000,24.8000,electricity-generation
-30.73760,121.50640,1,0.000,2.000,0.5027,55531.0000,105.0000,electricity-generation
-13.78560,131.86240,1,0.000,2.000,0.5027,27113.0000,16.6000,electricity-generation
-31.55910,115.82080,1,0.000,2.000,0.5027,260970.0000,584.5000,electricity-generation
-32.64675,115.94648,3,0.073,2.073,0.5027,7518696.8700,425037.5342,electricity-generation
-19.55740,147.33080,1,0.000,2.000,0.5027,0.0000,68.0000,electricity-generation
-21.42820,149.21590,1,0.000,2.000,0.5027,0.0000,14.0000,electricity-generation
-25.31100,119.45080,1,0.000,2.000,0.5027,26791.0000,16.5000,electricity-generation
-34.70030,135.80440,1,0.000,2.000,0.5027,84612.0000,50.0000,electricity-generation
-20.39850,148.57970,1,0.000,2.000,0.5027,0.0000,20.0000,electricity-generation
-33.64350,120.39610,1,0.000,2.000,0.5027,76330.0000,55.5000,electricity-generation
-27.73780,153.32610,1,0.000,2.000,0.5027,0.0000,30.0000,electricity-generation
-26.57720,148.84020,1,0.000,2.000,0.5027,32851.0000,97.7700,electricity-generation
-23.70910,133.89120,1,0.000,2.000,0.5027,95162.0000,57.0700,electricity-generation
-21.07650,116.15930,1,0.000,2.000,0.5027,481930.0000,500.0000,electricity-generation
-33.85000,150.94950,1,0.000,2.000,0.5027,20313.9000,160.0000,electricity-generation
-37.66460,140.41560,1,0.000,2.000,0.5027,99353.0000,63.0000,electricity-generation
-22.14700,117.95700,1,0.000,2.000,0.5027,213130.0000,135.6000,electricity-generation
-37.63180,144.95310,1,0.000,2.000,0.5027,73370.0000,150.0000,electricity-generation
-34.74400,138.65300,1,0.000,2.000,0.5027,0.0000,0.0000,electricity-generation
-23.51020,150.32000,1,0.000,2.000,0.5027,8024000.0000,1460.0000,electricity-generation
-29.09270,122.43930,1,0.000,2.000,0.5027,50875.0000,36.3500,electricity-generation
-27.65540,152.81800,1,0.000,2.000,0.5027,225290.0000,422.0000,electricity-generation
-25.54820,152.71690,1,0.000,2.000,0.5027,0.0000,24.0000,electricity-generation
-34.52250,150.80600,1,0.000,2.000,0.5027,309297.0000,796.0000,electricity-generation
-41.13197,146.88413,2,1.838,3.838,10.6179,687210.3767,16484.8493,electricity-generation
-26.78041,151.91498,2,0.483,2.483,0.7336,10234057.0000,1860.0000,electricity-generation
-21.74190,122.18240,1,0.000,2.000,0.5027,161880.0000,147.0000,electricity-generation
-19.65490,134.17530,1,0.000,2.000,0.5027,39507.0000,26.7900,electricity-generation
-19.20110,146.61870,1,0.000,2.000,0.5027,78418.4000,229.0000,electricity-generation
-17.93720,145.92730,1,0.000,2.000,0.5027,0.0000,21.4000,electricity-generation
-35.17950,147.21590,1,0.000,2.000,0.5027,353820.0000,664.0000,electricity-generation
-18.65080,146.20160,1,0.000,2.000,0.5027,0.0000,11.8000,electricity-generation
-32.91659,115.91565,2,0.283,2.283,0.5027,4210164.6472,238287.2192,electricity-generation
-19.44340,133.82360,1,0.000,2.000,0.5027,0.0000,0.0000,electricity-generation
-23.15460,118.72450,1,0.000,2.000,0.5027,112315.0000,90.0000,electricity-generation
-30.78060,121.42340,1,0.000,2.000,0.5027,11025.3000,61.4000,electricity-generation
-30.36340,149.67720,1,0.000,2.000,0.5027,152350.0000,25.0000,electricity-generation
-26.63160,120.25190,1,0.000,2.000,0.5027,27603.0000,17.0000,electricity-generation
-28.29330,118.53710,1,0.000,2.000,0.5027,20782.0000,12.8000,electricity-generation
-33.23876,116.07000,2,0.346,2.346,0.5027,6790907.1460,373966.6301,electricity-generation
-38.17730,146.34420,1,0.000,2.000,0.5027,9113100.0000,1480.0000,electricity-generation
-25.23230,130.99120,1,0.000,2.000,0.5027,18563.0000,11.4300,electricity-generation
-20.76360,116.74270,1,0.000,2.000,0.5027,318140.0000,230.0000,electricity-generation
47.41810,15.27890,1,0.000,2.000,0.5027,0.0000,50.0000,electricity-generation
48.16118,16.47940,6,4.478,6.478,63.0098,6056311.5745,248275.3324,electricity-generation
48.32610,15.92330,1,0.000,2.000,0.5027,0.0000,0.0000,electricity-generation
48.25510,15.68990,1,0.000,2.000,0.5027,0.0000,10.0000,electricity-generation
46.86230,14.86690,1,0.000,2.000,0.5027,0.0000,33.0000,electricity-generation
46.72970,14.38340,1,0.000,2.000,0.5027,0.0000,10.0000,electricity-generation
47.13510,15.33540,1,0.000,2.000,0.5027,85723.0000,194.7500,electricity-generation
47.04840,15.43670,1,0.000,2.000,0.5027,500940.0000,280.0000,electricity-generation
48.33170,16.33930,1,0.000,2.000,0.5027,125306.0000,149.7000,electricity-generation
48.39603,15.70335,2,5.145,7.145,83.1503,564040.0000,668.3500,electricity-generation
47.95855,13.79732,5,4.253,6.253,56.8222,678243.2015,125349.3361,electricity-generation
48.00093,13.59903,2,3.095,5.095,30.0959,305207.7000,521.8500,electricity-generation
48.27660,16.43373,2,7.216,9.216,163.5842,5569.0000,164.8000,electricity-generation
48.28095,14.33163,5,2.130,4.130,14.2495,12008212.3125,637753.3014,electricity-generation
46.90920,15.48970,1,0.000,2.000,0.5027,764702.0000,1084.0000,electricity-generation
48.18300,14.25510,1,0.000,2.000,0.5027,0.0000,28.0000,electricity-generation
48.03180,12.84310,1,0.000,2.000,0.5027,0.0000,0.0000,electricity-generation
47.80930,13.03820,1,0.000,2.000,0.5027,70304.0000,85.0600,electricity-generation
48.15172,14.00756,2,5.459,7.459,93.6132,34628.0000,74.0000,electricity-generation
48.54860,16.78370,1,0.000,2.000,0.5027,0.0000,15.0000,electricity-generation
38.48690,48.82750,1,0.000,2.000,0.5027,266710.0000,87.0000,electricity-generation
40.78100,46.99090,1,0.000,2.000,0.5027,8137700.0000,2400.0000,electricity-generation
40.40100,49.91224,6,6.931,8.931,150.9127,2326155.9609,259344.2904,electricity-generation
40.41400,49.66840,1,0.000,2.000,0.5027,1180240.0000,385.0000,electricity-generation
39.89390,48.91850,1,0.000,2.000,0.5027,1003260.0000,780.0000,electricity-generation
41.43200,48.81240,1,0.000,2.000,0.5027,266710.0000,87.0000,electricity-generation
39.15910,45.48660,1,0.000,2.000,0.5027,266710.0000,87.0000,electricity-generation
40.20565,49.46215,2,4.525,6.525,64.3377,1574523.5732,178663.9644,electricity-generation
41.40770,48.47480,1,0.000,2.000,0.5027,320040.0000,104.4000,electricity-generation
41.06250,47.14240,1,0.000,2.000,0.5027,266710.0000,87.0000,electricity-generation
40.49960,50.20910,1,0.000,2.000,0.5027,1283180.0000,800.0000,electricity-generation
40.60411,49.63105,2,0.621,2.621,1.2114,900905.4134,18168.8356,electricity-generation
50.93550,4.04520,1,0.000,2.000,0.5027,66645.0000,48.0000,electricity-generation
51.09020,3.44690,1,0.000,2.000,0.5027,64906.0000,18.0000,electricity-generation
50.42332,4.40215,4,3.558,5.558,39.7657,976875.2266,18792243.5298,electricity-generation
50.44154,4.63933,4,8.166,10.166,209.4818,653670.3472,164439600.1237,glass
50.61396,5.55454,4,10.127,12.127,322.1763,754385.0000,824.5000,electricity-generation
50.90703,3.28809,4,5.584,7.584,97.9717,89576.5454,18723537.5243,electricity-generation
51.32226,4.85300,2,0.427,2.427,0.5735,204211.0000,65.0000,electricity-generation
51.25649,4.33121,10,10.870,12.870,371.2002,9492394.9820,742952.8872,electricity-generation
51.34991,4.26934,9,7.147,9.147,160.4639,2312968.7500,125346.2888,electricity-generation
50.53050,5.20860,1,0.000,2.000,0.5027,0.0000,26.0000,electricity-generation
50.92465,4.42005,2,1.890,3.890,11.2177,0.0000,0.0000,electricity-generation
49.55183,5.50540,2,0.175,2.175,0.5027,188702.9900,38202.3541,electricity-generation
50.24440,5.93020,1,0.000,2.000,0.5027,61300.0000,17.0000,electricity-generation
50.73030,3.85310,1,0.000,2.000,0.5027,64906.0000,18.0000,electricity-generation
50.80230,4.29900,1,0.000,2.000,0.5027,332961.0000,553.0000,electricity-generation
50.93309,5.51202,2,1.628,3.628,8.3283,87360.5917,101917.8082,electricity-generation
51.08066,3.73144,4,6.645,8.645,138.7308,590885.0000,796.1000,electricity-generation
51.16935,3.80744,3,2.252,4.252,15.9286,11098039.7187,441976.8356,electricity-generation
51.27738,3.20478,3,8.255,10.255,214.1039,329242.0000,484.2000,electricity-generation
50.95480,2.81030,1,0.000,2.000,0.5027,64906.0000,18.0000,electricity-generation
50.47103,3.95117,4,8.944,10.944,251.3076,1320389.6888,18887882.0805,electricity-generation
50.86811,5.68840,4,3.644,5.644,41.7136,363609.2208,30131081.1056,electricity-generation
50.54890,3.62610,1,0.000,2.000,0.5027,0.0000,37.4000,electricity-generation
51.05860,5.10560,1,0.000,2.000,0.5027,279000.0000,422.0000,electricity-generation
50.68160,5.64460,1,0.000,2.000,0.5027,0.0000,30.0000,electricity-generation
51.14240,3.13680,1,0.000,2.000,0.5027,64906.0000,18.0000,electricity-generation
6.35060,2.42950,1,0.000,2.000,0.5027,69250.0000,48.5000,electricity-generation
6.43087,2.30651,2,0.508,2.508,0.8102,542503.0000,147.4000,electricity-generation
11.20000,-4.30000,1,0.000,2.000,0.5027,180490.0000,65.7000,electricity-generation
13.87390,-0.91720,1,0.000,2.000,0.5027,149430.0000,54.4000,electricity-generation
12.25110,-1.57570,1,0.000,2.000,0.5027,257100.0000,93.5900,electricity-generation
12.43350,-1.48540,1,0.000,2.000,0.5027,309160.0000,112.5300,electricity-generation
12.37030,-1.52470,1,0.000,2.000,0.5027,115273.0000,41.9600,electricity-generation
23.65435,90.33042,3,5.264,7.264,87.0364,361541.0000,253.2000,electricity-generation
22.47910,90.70993,3,0.443,2.443,0.6162,710860.0000,424.0000,electricity-generation
23.99870,91.10990,1,0.000,2.000,0.5027,0.0000,0.0000,electricity-generation
23.59530,90.49175,5,5.725,7.725,102.9507,720375.0000,504.5000,electricity-generation
24.63210,88.40140,2,0.237,2.237,0.5027,152920.0000,107.1000,electricity-generation
22.29200,91.83972,12,6.897,8.897,149.4456,3891163.1424,78905.9618,electricity-generation
24.04121,91.00950,7,2.635,4.635,21.8194,4838725.0000,2179.2000,electricity-generation
24.12902,89.59502,4,4.873,6.873,74.5865,1299704.0000,610.6000,electricity-generation
23.54634,90.77782,2,0.079,2.079,0.5027,380343.0000,266.3500,electricity-generation
23.01967,89.41131,2,0.824,2.824,2.1322,211046.0000,147.8000,electricity-generation
21.97500,91.88890,1,0.000,2.000,0.5027,2973200.0000,1320.0000,electricity-generation
22.49804,91.73719,5,9.803,11.803,301.8950,700265.9397,276237.2288,iron-and-steel
25.55340,88.95050,1,0.000,2.000,0.5027,1438550.0000,400.0000,electricity-generation
21.96300,90.06550,1,0.000,2.000,0.5027,1101660.0000,350.0000,electricity-generation
22.65920,90.33590,2,0.424,2.424,0.5651,170650.0000,119.5000,electricity-generation
24.04940,89.01750,1,0.000,2.000,0.5027,641810.0000,410.0000,electricity-generation
22.67410,90.61160,1,0.000,2.000,0.5027,215240.0000,58.5000,electricity-generation
24.63686,91.66148,3,0.290,2.290,0.5027,2240310.0000,1134.0000,electricity-generation
23.22010,90.67151,3,1.429,3.429,6.4169,823520.0000,529.0000,electricity-generation
22.97400,91.09760,1,0.000,2.000,0.5027,167630.0000,117.4000,electricity-generation
23.74280,90.34200,1,0.000,2.000,0.5027,156010.0000,108.8000,electricity-generation
24.76850,89.34640,1,0.000,2.000,0.5027,317860.0000,222.6000,electricity-generation
25.67042,89.26676,2,6.336,8.336,126.1089,209595.0000,140.0000,electricity-generation
23.86670,89.99690,1,0.000,2.000,0.5027,82679.0000,57.9000,electricity-generation
22.15150,92.07220,1,0.000,2.000,0.5027,145634.0000,102.0000,electricity-generation
24.32250,89.92290,1,0.000,2.000,0.5027,82508.0000,22.0000,electricity-generation
23.68267,90.52427,7,1.290,3.290,5.2280,4042806.0000,1797.6000,electricity-generation
24.25497,91.37922,4,5.439,7.439,92.9286,1691586.0000,653.8000,electricity-generation
25.97280,88.51290,1,0.000,2.000,0.5027,159930.0000,112.0000,electricity-generation
23.61920,89.77330,1,0.000,2.000,0.5027,79679.0000,55.8000,electricity-generation
24.66972,91.92978,5,2.467,4.467,19.1157,1848535.5686,70576.0562,electricity-generation
23.01707,91.35446,2,1.951,3.951,11.9593,269438.0000,152.9000,electricity-generation
23.99188,90.34017,4,8.189,10.189,210.6761,1115070.0000,822.9000,electricity-generation
24.84040,89.35150,1,0.000,2.000,0.5027,82508.0000,22.0000,electricity-generation
23.91860,90.69260,2,7.971,9.971,199.5949,87010.0000,23.2000,electricity-generation
23.98013,90.64096,2,1.061,3.061,3.5335,3630160.0000,1424.9000,electricity-generation
23.02960,89.81980,1,0.000,2.000,0.5027,159490.0000,111.7000,electricity-generation
24.14410,91.33580,1,0.000,2.000,0.5027,294020.0000,78.4000,electricity-generation
23.43764,91.15932,2,1.392,3.392,6.0833,200165.0000,86.5000,electricity-generation
23.78145,90.54922,2,4.266,6.266,57.1842,206874.0000,91.2000,electricity-generation
24.36735,88.67610,2,0.041,2.041,0.5027,150790.0000,105.6000,electricity-generation
22.86611,89.53931,2,0.392,2.392,0.5027,1426140.0000,749.0000,electricity-generation
22.93420,89.81010,1,0.000,2.000,0.5027,157760.0000,110.5000,electricity-generation
23.79824,90.23860,2,1.270,3.270,5.0673,314029.0000,219.9000,electricity-generation
21.70180,91.88340,1,0.000,2.000,0.5027,3428200.0000,1200.0000,electricity-generation
23.61168,90.59579,5,0.753,2.753,1.7809,3298510.0000,2170.9000,electricity-generation
22.76560,91.46000,1,0.000,2.000,0.5027,237740.0000,166.5000,electricity-generation
24.90276,89.98310,2,2.352,4.352,17.3728,633800.0000,441.2000,electricity-generation
24.76190,90.41900,1,0.000,2.000,0.5027,399800.0000,210.0000,electricity-generation
24.39590,88.98700,1,0.000,2.000,0.5027,76396.0000,53.5000,electricity-generation
22.76650,89.58450,1,0.000,2.000,0.5027,157760.0000,110.5000,electricity-generation
22.00783,90.30783,2,1.974,3.974,12.2464,5407900.0000,1980.0000,electricity-generation
22.59250,89.55640,1,0.000,2.000,0.5027,4251400.0000,1320.0000,electricity-generation
22.45712,91.97582,2,4.701,6.701,69.4236,1836061.0000,445.0000,electricity-generation
24.79770,88.98430,1,0.000,2.000,0.5027,74539.0000,52.2000,electricity-generation
25.81150,88.88550,1,0.000,2.000,0.5027,0.0000,0.0000,electricity-generation
24.91027,91.82907,2,0.267,2.267,0.5027,992591.0000,475.0000,electricity-generation
24.38610,89.74330,1,0.000,2.000,0.5027,2208100.0000,1040.0000,electricity-generation
24.23010,90.54200,1,0.000,2.000,0.5027,232750.0000,163.0000,electricity-generation
23.88990,90.32310,1,0.000,2.000,0.5027,176270.0000,47.0000,electricity-generation
23.50490,90.91290,1,0.000,2.000,0.5027,0.0000,0.0000,electricity-generation
24.24840,90.40010,1,0.000,2.000,0.5027,123769.0000,33.0000,electricity-generation
26.03830,88.42560,1,0.000,2.000,0.5027,4283.9000,3.0000,electricity-generation
23.89660,90.41210,1,0.000,2.000,0.5027,384140.0000,105.0000,electricity-generation
24.30710,89.55120,1,0.000,2.000,0.5027,41256.0000,11.0000,electricity-generation
22.37030,90.32220,1,0.000,2.000,0.5027,210330.0000,147.3000,electricity-generation
23.94790,90.27500,1,0.000,2.000,0.5027,293570.0000,78.2800,electricity-generation
42.28540,23.03420,1,0.000,2.000,0.5027,1931900.0000,540.0000,electricity-generation
42.15524,25.92148,3,6.852,8.852,147.5081,4804352.0000,1798.0000,electricity-generation
43.20802,27.62682,3,3.917,5.917,48.1950,1128054.9539,263467.3712,electricity-generation
42.25410,26.13400,1,0.000,2.000,0.5027,5737000.0000,1602.0000,electricity-generation
42.54208,27.32778,3,0.927,2.927,2.7002,1758046.8729,217220.5662,electricity-generation
42.17482,24.74045,2,0.913,2.913,2.6210,238678.0000,13902365.6097,electricity-generation
42.60575,23.08100,2,2.346,4.346,17.2861,400850.0000,119059.1096,electricity-generation
43.86731,26.00255,2,6.228,8.228,121.8697,382960.0000,247.6000,electricity-generation
42.65480,26.32590,1,0.000,2.000,0.5027,73550.0000,30.0000,electricity-generation
42.65150,23.41720,1,0.000,2.000,0.5027,168567.0000,186.0000,electricity-generation
42.72438,23.31929,2,1.019,3.019,3.2614,182200.0000,6501396.6828,electricity-generation
43.62714,25.32746,3,2.472,4.472,19.1981,107857.8006,16916.3169,pulp-and-paper
43.43708,24.57469,4,4.452,6.452,62.2656,242824.0000,19504008.0485,glass
43.19480,27.76550,1,0.000,2.000,0.5027,316620.0000,210.0000,electricity-generation
26.06875,50.60361,3,11.067,13.067,384.7828,25308490.5952,210918.1918,electricity-generation
26.10322,50.59962,2,1.566,3.566,7.6998,11273109.5410,383430.4000,electricity-generation
26.17709,50.63436,5,7.741,9.741,188.2556,7929714.6690,113102.9589,electricity-generation
25.03860,-77.35570,1,0.000,2.000,0.5027,554030.0000,211.0000,electricity-generation
25.00420,-77.54020,1,0.000,2.000,0.5027,342850.0000,268.2400,electricity-generation
26.51820,-78.75070,1,0.000,2.000,0.5027,131142.0000,52.0000,electricity-generation
45.12998,17.98513,2,0.174,2.174,0.5027,244511.0588,24046.5000,electricity-generation
44.09479,18.11410,2,2.475,4.475,19.2519,2168291.4801,65847.2603,electricity-generation
43.17210,18.51160,1,0.000,2.000,0.5027,1368995.0000,300.0000,electricity-generation
44.75330,17.79190,1,0.000,2.000,0.5027,1286130.0000,300.0000,electricity-generation
44.52076,18.59740,3,5.819,7.819,106.3883,2791565.9853,106494.3836,electricity-generation
44.68220,18.96740,1,0.000,2.000,0.5027,278772.0000,300.0000,electricity-generation
52.45340,25.19340,1,0.000,2.000,0.5027,2001400.0000,1373.0000,electricity-generation
53.18950,29.20580,1,0.000,2.000,0.5027,246300.0000,180.0000,electricity-generation
54.09389,28.35033,2,0.035,2.035,0.5027,187224.0000,139.0000,electricity-generation
52.41410,31.00310,1,0.000,2.000,0.5027,42846.0000,40.0000,electricity-generation
52.44930,30.81790,1,0.000,2.000,0.5027,430250.0000,548.0000,electricity-generation
53.67358,23.91913,5,4.802,6.802,72.4295,2384299.3400,158455.6329,chemicals
53.90110,25.29100,1,0.000,2.000,0.5027,65489.0000,43.0000,electricity-generation
54.68000,29.13330,1,0.000,2.000,0.5027,5622800.0000,3178.0000,electricity-generation
53.88223,27.63099,3,5.115,7.115,82.1826,912384.5000,13870.4638,electricity-generation
53.87190,27.40230,1,0.000,2.000,0.5027,2072200.0000,1035.0000,electricity-generation
53.61080,27.95280,1,0.000,2.000,0.5027,1601400.0000,1194.0000,electricity-generation
53.81250,30.34120,1,0.000,2.000,0.5027,591050.0000,295.0000,electricity-generation
51.89306,29.32097,2,1.335,3.335,5.5958,2024415.8204,240135.0000,electricity-generation
55.52326,28.55490,3,2.322,4.322,16.9396,2668086.3144,251530.5744,electricity-generation
54.48050,30.39260,1,0.000,2.000,0.5027,66727.0000,66.0000,electricity-generation
52.62537,29.77214,2,1.056,3.056,3.5036,385085.5000,13399.0638,electricity-generation
55.16890,30.13550,1,0.000,2.000,0.5027,220400.0000,110.0000,electricity-generation
18.03980,-88.55990,1,0.000,2.000,0.5027,0.0000,27.5000,electricity-generation
32.29858,-64.79216,2,0.204,2.204,0.5027,364383.0000,160.8000,electricity-generation
-19.01697,-65.25017,2,3.231,5.231,32.7924,294864.6217,65099.8342,electricity-generation
-17.21176,-64.52450,3,3.827,5.827,46.0107,1315660.0000,809.0000,electricity-generation
-21.69420,-63.56140,1,0.000,2.000,0.5027,558040.0000,480.0000,electricity-generation
-16.56530,-68.18152,2,0.189,2.189,0.5027,246346.0000,99.4000,electricity-generation
-17.78195,-63.15001,2,3.196,5.196,32.0890,660688.0000,398.0000,electricity-generation
-19.55100,-65.72200,1,0.000,2.000,0.5027,42599.0000,14.3000,electricity-generation
-19.14155,-57.88686,2,0.808,2.808,2.0492,415141.3425,17094.3014,electricity-generation
-14.33700,-67.61320,1,0.000,2.000,0.5027,0.0000,30.0000,electricity-generation
-17.43679,-66.11886,2,1.904,3.904,11.3856,612901.0925,40664.1000,electricity-generation
-17.53520,-63.14680,1,0.000,2.000,0.5027,641540.0000,520.0000,electricity-generation
-20.54425,-43.75275,2,0.446,2.446,0.6262,5725002.1874,305876.1047,electricity-generation
-19.25170,-44.98500,1,0.000,2.000,0.5027,0.0000,52.0000,electricity-generation
-9.49790,-40.36590,1,0.000,2.000,0.5027,0.0000,16.0000,electricity-generation
-22.76808,-50.56748,2,4.403,6.403,60.9024,0.0000,44.5000,electricity-generation
-22.34970,-52.52400,1,0.000,2.000,0.5027,0.0000,38.0000,electricity-generation
-18.45740,-39.94540,1,0.000,2.000,0.5027,0.0000,33.0000,electricity-generation
-29.78380,-55.77190,1,0.000,2.000,0.5027,0.0000,0.0000,electricity-generation
-20.47944,-47.87859,2,0.493,2.493,0.7637,0.0000,108.0000,electricity-generation
-22.39710,-53.89030,1,0.000,2.000,0.5027,3044.2000,121.5000,electricity-generation
-22.03900,-53.84150,1,0.000,2.000,0.5027,0.0000,70.0000,electricity-generation
-3.11863,-59.99524,5,9.135,11.135,262.1599,1497950.9226,84624.4581,electricity-generation
-3.11758,-59.93016,4,0.508,2.508,0.8104,1708890.0000,710.0000,electricity-generation
-12.65542,-38.31743,11,6.053,8.053,115.0931,2922722.9621,158450.7213,electricity-generation
-19.84000,-40.08270,1,0.000,2.000,0.5027,0.0000,225.0000,electricity-generation
-25.56844,-49.36578,4,5.628,7.628,99.4949,1751540.4598,244164.8329,electricity-generation
-8.17210,-34.97770,1,0.000,2.000,0.5027,0.0000,28.5000,electricity-generation
-23.38116,-46.75937,2,4.309,6.309,58.3383,106148.0000,52.3000,electricity-generation
-22.91468,-43.74694,8,7.277,9.277,166.3669,11335999.2614,523334.2260,electricity-generation
-19.97562,-44.09621,2,1.577,3.577,7.8140,1168362.3914,157226.0000,electricity-generation
-6.41610,-35.05570,1,0.000,2.000,0.5027,0.0000,40.0000,electricity-generation
-22.01160,-47.44510,1,0.000,2.000,0.5027,0.0000,60.0000,electricity-generation
-20.08710,-46.03990,1,0.000,2.000,0.5027,0.0000,30.0000,electricity-generation
-22.72340,-43.64230,1,0.000,2.000,0.5027,1309700.0000,882.0000,electricity-generation
-1.54622,-48.72991,3,1.393,3.393,6.0978,10882756.2012,574136.9863,aluminum
-22.47680,-48.53320,1,0.000,2.000,0.5027,0.0000,136.0000,electricity-generation
-22.62873,-48.77552,2,2.729,4.729,23.3930,0.0000,169.3000,electricity-generation
-15.03300,-57.21050,1,0.000,2.000,0.5027,0.0000,23.4000,electricity-generation
0.95970,-59.95330,1,0.000,2.000,0.5027,0.0000,17.9000,electricity-generation
-9.91640,-36.33400,1,0.000,2.000,0.5027,0.0000,53.0000,electricity-generation
-27.31940,-50.50940,1,0.000,2.000,0.5027,0.0000,14.3000,electricity-generation
-18.44110,-49.19010,1,0.000,2.000,0.5027,0.0000,50.0000,electricity-generation
-23.27080,-52.48760,1,0.000,2.000,0.5027,0.0000,50.0000,electricity-generation
-17.06276,-46.18236,2,0.267,2.267,0.5027,0.0000,85.0000,electricity-generation
-21.34320,-47.15590,1,0.000,2.000,0.5027,0.0000,45.0000,electricity-generation
-9.76230,-36.15168,2,7.445,9.445,174.1292,344166.5257,68007.2055,electricity-generation
-21.41723,-48.28619,2,0.682,2.682,1.4624,0.0000,131.9000,electricity-generation
-21.64598,-49.82516,2,5.727,7.727,103.0339,0.0000,222.5000,electricity-generation
-30.15080,-52.26030,1,0.000,2.000,0.5027,0.0000,12.7000,electricity-generation
-18.54560,-50.43760,1,0.000,2.000,0.5027,0.0000,84.0000,electricity-generation
-17.95100,-49.88830,1,0.000,2.000,0.5027,0.0000,16.0000,electricity-generation
-22.54277,-48.81138,4,6.350,8.350,126.6958,686587.1989,115791.4004,electricity-generation
-21.48751,-51.33937,2,5.802,7.802,105.7465,0.0000,55.0000,electricity-generation
-22.35120,-48.10540,1,0.000,2.000,0.5027,0.0000,70.0000,electricity-generation
-20.21630,-47.65410,1,0.000,2.000,0.5027,0.0000,74.0000,electricity-generation
-21.09969,-51.44179,2,4.182,6.182,54.9541,0.0000,55.0000,electricity-generation
-22.61480,-54.69160,1,0.000,2.000,0.5027,0.0000,114.0000,electricity-generation
-18.49450,-49.64450,1,0.000,2.000,0.5027,0.0000,40.0000,electricity-generation
-18.79160,-51.00950,1,0.000,2.000,0.5027,0.0000,80.0000,electricity-generation
0.38430,-53.95400,1,0.000,2.000,0.5027,23881.0000,25.3000,electricity-generation
-17.92400,-50.63520,1,0.000,2.000,0.5027,0.0000,20.0000,electricity-generation
-7.29640,-35.90840,1,0.000,2.000,0.5027,7125.5000,175.0000,electricity-generation
-10.46810,-37.18150,1,0.000,2.000,0.5027,0.0000,25.0000,electricity-generation
-21.71550,-41.32850,1,0.000,2.000,0.5027,3062.2800,30.0000,electricity-generation
-22.94270,-47.60200,1,0.000,2.000,0.5027,0.0000,30.0000,electricity-generation
-21.64910,-41.39570,1,0.000,2.000,0.5027,0.0000,44.0000,electricity-generation
2.72580,-60.68230,1,0.000,2.000,0.5027,0.0000,11.5000,electricity-generation
-22.70979,-47.32900,2,1.430,3.430,6.4255,0.0000,70.0000,electricity-generation
-19.81180,-50.77510,1,0.000,2.000,0.5027,0.0000,24.0000,electricity-generation
-20.23460,-50.34390,1,0.000,2.000,0.5027,0.0000,16.4000,electricity-generation
-21.10330,-48.97707,2,3.692,5.692,42.8193,0.0000,115.0000,electricity-generation
-21.12950,-48.83580,1,0.000,2.000,0.5027,0.0000,12.0000,electricity-generation
-23.37480,-46.02770,1,0.000,2.000,0.5027,266170.0000,139.0000,electricity-generation
-12.70747,-38.57340,2,0.439,2.439,0.6049,2057131.5743,333186.0000,electricity-generation
-17.92370,-49.18950,1,0.000,2.000,0.5027,0.0000,24.0000,electricity-generation
-19.32005,-42.39430,3,0.210,2.210,0.5027,605667.9932,101730.7879,pulp-and-paper
-7.41760,-35.24410,1,0.000,2.000,0.5027,0.0000,30.0000,electricity-generation
-19.92570,-49.15310,1,0.000,2.000,0.5027,0.0000,154.0000,electricity-generation
-21.77630,-54.96570,1,0.000,2.000,0.5027,0.0000,39.0000,electricity-generation
-18.75593,-48.61179,3,0.136,2.136,0.5027,0.0000,91.0000,electricity-generation
-20.74780,-47.42180,1,0.000,2.000,0.5027,0.0000,54.0000,electricity-generation
-29.87380,-51.38704,2,1.207,3.207,4.5783,1805316.1829,105220.8676,electricity-generation
-29.95130,-51.62240,1,0.000,2.000,0.5027,0.0000,0.0000,electricity-generation
-21.57970,-50.43170,1,0.000,2.000,0.5027,0.0000,11.2000,electricity-generation
-21.85030,-50.24720,1,0.000,2.000,0.5027,0.0000,45.0000,electricity-generation
-30.13290,-51.31913,3,0.696,2.696,1.5211,3716259.7241,623787.7804,pulp-and-paper
-14.34320,-48.43080,1,0.000,2.000,0.5027,34031.0000,36.0000,electricity-generation
-7.55080,-35.27560,1,0.000,2.000,0.5027,0.0000,12.0000,electricity-generation
-22.53410,-51.50650,1,0.000,2.000,0.5027,0.0000,182.0000,electricity-generation
-22.47000,-50.77930,1,0.000,2.000,0.5027,0.0000,25.0000,electricity-generation
-23.43030,-51.97740,1,0.000,2.000,0.5027,0.0000,13.0000,electricity-generation
-15.08320,-49.30620,1,0.000,2.000,0.5027,0.0000,88.0000,electricity-generation
-20.58290,-49.95130,1,0.000,2.000,0.5027,0.0000,90.0000,electricity-generation
-21.21305,-48.83465,2,0.548,2.548,0.9426,0.0000,126.0000,electricity-generation
-20.03610,-50.66620,1,0.000,2.000,0.5027,0.0000,50.0000,electricity-generation
-13.11490,-60.51860,1,0.000,2.000,0.5027,11220.7000,11.9500,electricity-generation
-20.27970,-48.18640,1,0.000,2.000,0.5027,0.0000,57.0000,electricity-generation
-4.85470,-42.88610,1,0.000,2.000,0.5027,0.0000,23.5000,electricity-generation
-22.40020,-52.10480,1,0.000,2.000,0.5027,0.0000,130.0000,electricity-generation
-23.37080,-52.70890,1,0.000,2.000,0.5027,0.0000,10.0000,electricity-generation
-23.12600,-54.19240,1,0.000,2.000,0.5027,0.0000,12.0000,electricity-generation
-21.28560,-49.91840,1,0.000,2.000,0.5027,0.0000,10.0000,electricity-generation
-13.78090,-57.84060,1,0.000,2.000,0.5027,0.0000,27.2000,electricity-generation
-19.70687,-50.33154,2,0.449,2.449,0.6335,0.0000,44.0000,electricity-generation
-19.81380,-48.73580,1,0.000,2.000,0.5027,0.0000,60.0000,electricity-generation
-10.11110,-36.27530,1,0.000,2.000,0.5027,0.0000,32.0000,electricity-generation
-23.65920,-53.39940,1,0.000,2.000,0.5027,0.0000,15.0000,electricity-generation
-22.69644,-47.65757,2,7.480,9.480,175.7603,557097.7447,93508.8575,electricity-generation
-7.61540,-72.67460,1,0.000,2.000,0.5027,49577.0000,52.8000,electricity-generation
-3.58412,-38.86059,3,1.621,3.621,8.2560,7177889.8630,259986.3699,electricity-generation
-20.24889,-40.23552,4,1.904,3.904,11.3909,13827462.7736,698640.9863,electricity-generation
-22.51224,-44.11222,2,0.351,2.351,0.5027,9084434.9977,531164.0693,electricity-generation
-8.63690,-35.26170,1,0.000,2.000,0.5027,0.0000,12.6000,electricity-generation
-15.67800,-56.02000,1,0.000,2.000,0.5027,20642.0000,450.0000,electricity-generation
-25.66030,-49.34420,1,0.000,2.000,0.5027,0.0000,10.0000,electricity-generation
-21.05078,-50.84398,2,0.018,2.018,0.5027,0.0000,120.0000,electricity-generation
-21.17430,-47.63000,1,0.000,2.000,0.5027,0.0000,110.0000,electricity-generation
-22.76800,-50.11250,1,0.000,2.000,0.5027,0.0000,33.0000,electricity-generation
-19.97410,-47.77065,2,3.273,5.273,33.6446,0.0000,161.7000,electricity-generation
-17.11160,-46.64925,2,1.960,3.960,12.0644,0.0000,56.0000,electricity-generation
-25.35790,-51.48130,1,0.000,2.000,0.5027,0.0000,12.3000,electricity-generation
-20.59667,-51.61222,3,0.504,2.504,0.7996,416856.5136,70224.3156,electricity-generation
-21.86480,-54.02220,1,0.000,2.000,0.5027,0.0000,116.0000,electricity-generation
-8.37957,-35.01711,4,6.205,8.205,120.9573,1705343.8625,131001.1000,electricity-generation
-25.58000,-49.62650,1,0.000,2.000,0.5027,13121.0000,10.5000,electricity-generation
-22.35968,-46.95381,2,3.518,5.518,38.8796,73566.4748,7962.1911,electricity-generation
-5.03450,-42.44430,1,0.000,2.000,0.5027,1330.4000,13.1200,electricity-generation
-17.96938,-50.30498,2,1.261,3.261,4.9967,0.0000,65.0000,electricity-generation
-12.72891,-38.48090,2,4.203,6.203,55.4912,46568.0000,351.7900,electricity-generation
-15.21260,-48.98600,1,0.000,2.000,0.5027,0.0000,77.6900,electricity-generation
-22.65880,-47.21030,1,0.000,2.000,0.5027,0.0000,50.0000,electricity-generation
-6.22660,-35.19800,1,0.000,2.000,0.5027,0.0000,15.0000,electricity-generation
-23.87053,-46.42672,3,1.954,3.954,11.9951,4144229.5523,266187.4630,electricity-generation
-21.15350,-49.61020,1,0.000,2.000,0.5027,0.0000,62.0000,electricity-generation
-17.29410,-53.27670,1,0.000,2.000,0.5027,0.0000,32.0000,electricity-generation
-21.86738,-47.33055,3,3.989,5.989,49.9964,0.0000,285.5000,electricity-generation
-20.99485,-51.79055,4,0.532,2.532,0.8889,844257.0448,142100.9121,pulp-and-paper
-23.85250,-50.39060,1,0.000,2.000,0.5027,5259.8000,30.0000,electricity-generation
-3.18200,-47.37080,1,0.000,2.000,0.5027,0.0000,20.0000,electricity-generation
-17.61780,-50.71440,1,0.000,2.000,0.5027,0.0000,20.0000,electricity-generation
-3.69835,-38.84648,3,2.901,4.901,26.4426,190257.5565,31122.3425,electricity-generation
-20.08570,-48.82350,1,0.000,2.000,0.5027,0.0000,15.0000,electricity-generation
-20.82550,-48.82080,1,0.000,2.000,0.5027,0.0000,16.1000,electricity-generation
-15.34420,-54.20890,1,0.000,2.000,0.5027,0.0000,191.0000,electricity-generation
-22.91713,-48.97583,2,4.820,6.820,72.9773,0.0000,90.0000,electricity-generation
-22.72864,-47.13580,2,7.901,9.901,196.1073,5821922.2370,434011.5000,electricity-generation
-20.76870,-51.25850,1,0.000,2.000,0.5027,0.0000,82.0000,electricity-generation
-3.56610,-44.55800,1,0.000,2.000,0.5027,13757.0000,330.6000,electricity-generation
-7.35330,-35.02970,1,0.000,2.000,0.5027,0.0000,30.0000,electricity-generation
-21.84470,-41.01600,1,0.000,2.000,0.5027,83389.0000,1330.0000,electricity-generation
-16.79370,-49.24000,1,0.000,2.000,0.5027,17742.3000,140.4000,electricity-generation
-18.07370,-49.67300,1,0.000,2.000,0.5027,0.0000,63.5000,electricity-generation
-22.71698,-43.26152,4,2.267,4.267,16.1500,4859433.0035,285440.3630,electricity-generation
-10.60710,-48.37340,1,0.000,2.000,0.5027,0.0000,11.5000,electricity-generation
-10.18550,-59.46030,1,0.000,2.000,0.5027,0.0000,30.0000,electricity-generation
-20.41840,-48.21140,1,0.000,2.000,0.5027,0.0000,55.0000,electricity-generation
-21.23400,-48.28530,1,0.000,2.000,0.5027,0.0000,14.0000,electricity-generation
-20.68970,-49.11280,1,0.000,2.000,0.5027,0.0000,65.0000,electricity-generation
-20.48620,-49.53900,1,0.000,2.000,0.5027,0.0000,38.0000,electricity-generation
-20.11380,-49.76030,1,0.000,2.000,0.5027,0.0000,12.0000,electricity-generation
-9.98330,-36.22780,1,0.000,2.000,0.5027,0.0000,14.3000,electricity-generation
-21.79720,-49.01210,1,0.000,2.000,0.5027,0.0000,19.0000,electricity-generation
-18.80010,-52.90990,1,0.000,2.000,0.5027,0.0000,64.0000,electricity-generation
-22.16160,-50.47440,1,0.000,2.000,0.5027,0.0000,16.5000,electricity-generation
-21.00470,-48.26082,3,7.556,9.556,179.3454,0.0000,221.0000,electricity-generation
-19.96770,-44.28200,1,0.000,2.000,0.5027,118168.0000,125.0000,electricity-generation
-22.33440,-54.81420,1,0.000,2.000,0.5027,0.0000,52.0000,electricity-generation
-12.01690,-55.51280,1,0.000,2.000,0.5027,0.0000,42.0000,electricity-generation
-20.52650,-51.23450,1,0.000,2.000,0.5027,0.0000,40.0000,electricity-generation
-19.48680,-42.54417,2,0.470,2.470,0.6946,6828986.4037,424720.5342,electricity-generation
-23.10230,-49.59240,1,0.000,2.000,0.5027,0.0000,76.0000,electricity-generation
-8.39370,-35.89700,1,0.000,2.000,0.5027,0.0000,11.2000,electricity-generation
-22.58240,-47.52160,1,0.000,2.000,0.5027,0.0000,14.0000,electricity-generation
-26.92930,-51.79050,1,0.000,2.000,0.5027,0.0000,10.0000,electricity-generation
-7.88740,-35.24320,1,0.000,2.000,0.5027,0.0000,47.0000,electricity-generation
-14.75880,-57.19580,1,0.000,2.000,0.5027,0.0000,38.0000,electricity-generation
-2.58730,-44.33840,1,0.000,2.000,0.5027,744979.0000,360.0000,electricity-generation
-19.01490,-49.67570,1,0.000,2.000,0.5027,0.0000,56.0000,electricity-generation
-18.51680,-49.36210,1,0.000,2.000,0.5027,0.0000,62.0000,electricity-generation
-23.30100,-45.95650,1,0.000,2.000,0.5027,13340.0000,10.5000,electricity-generation
-23.93150,-49.94130,1,0.000,2.000,0.5027,0.0000,20.0000,electricity-generation
2.95557,-60.68177,2,4.345,6.345,59.3075,468602.7000,292.9000,electricity-generation
-6.97853,-35.14113,2,2.449,4.449,18.8442,0.0000,40.1000,electricity-generation
-2.94219,-60.02763,3,5.580,7.580,97.8274,1177030.0000,338.5000,electricity-generation
-0.92555,-52.43417,2,0.206,2.206,0.5027,85823.3999,14456.1238,electricity-generation
-17.69540,-51.62090,1,0.000,2.000,0.5027,0.0000,105.0000,electricity-generation
-8.22390,-35.27180,1,0.000,2.000,0.5027,0.0000,30.0000,electricity-generation
-5.38190,-36.82010,1,0.000,2.000,0.5027,575850.0000,323.0000,electricity-generation
-9.29070,-35.55660,1,0.000,2.000,0.5027,0.0000,27.4000,electricity-generation
-28.45400,-48.96900,1,0.000,2.000,0.5027,4209500.0000,857.0000,electricity-generation
-21.82040,-49.91200,1,0.000,2.000,0.5027,0.0000,19.0000,electricity-generation
-21.63085,-43.46557,2,6.694,8.694,140.7910,233042.1739,93514.6575,electricity-generation
-24.24480,-50.74020,1,0.000,2.000,0.5027,0.0000,465.0000,electricity-generation
-27.58480,-50.36380,1,0.000,2.000,0.5027,0.0000,23.0000,electricity-generation
-27.50570,-50.10110,1,0.000,2.000,0.5027,0.0000,34.0000,electricity-generation
-24.30195,-50.61777,2,1.508,3.508,7.1470,352957.5000,59366.0929,electricity-generation
-17.25760,-47.68990,1,0.000,2.000,0.5027,0.0000,21.7000,electricity-generation
-22.45410,-53.30470,1,0.000,2.000,0.5027,0.0000,35.0000,electricity-generation
-22.61080,-54.81380,1,0.000,2.000,0.5027,0.0000,21.5000,electricity-generation
-20.07710,-45.56750,1,0.000,2.000,0.5027,0.0000,85.0000,electricity-generation
-22.17220,-47.33760,1,0.000,2.000,0.5027,0.0000,40.0000,electricity-generation
-21.72970,-54.50260,1,0.000,2.000,0.5027,0.0000,90.0000,electricity-generation
-18.83445,-47.91305,2,0.169,2.169,0.5027,122604.8570,20776.0340,electricity-generation
-19.52270,-50.66040,1,0.000,2.000,0.5027,0.0000,12.0000,electricity-generation
-21.57560,-49.72120,1,0.000,2.000,0.5027,0.0000,16.0000,electricity-generation
-13.00150,-55.94620,1,0.000,2.000,0.5027,0.0000,30.0000,electricity-generation
-20.74680,-51.66190,1,0.000,2.000,0.5027,75477.0000,368.0000,electricity-generation
-19.53352,-39.80123,2,0.099,2.099,0.5027,430245.0000,352.0000,electricity-generation
-20.48110,-48.41010,1,0.000,2.000,0.5027,0.0000,90.0000,electricity-generation
-21.35280,-55.43820,1,0.000,2.000,0.5027,0.0000,12.4000,electricity-generation
-3.84900,-38.55620,1,0.000,2.000,0.5027,6840.3000,168.0000,electricity-generation
-22.34874,-41.87143,3,4.916,6.916,75.9265,1722929.0000,2297.0000,electricity-generation
-10.14760,-36.53795,2,0.555,2.555,0.9670,0.0000,41.0000,electricity-generation
-3.20150,-60.16580,1,0.000,2.000,0.5027,0.0000,0.0000,electricity-generation
-20.77870,-48.19190,1,0.000,2.000,0.5027,0.0000,16.4000,electricity-generation
-20.45690,-50.20790,1,0.000,2.000,0.5027,0.0000,90.0000,electricity-generation
-26.25300,-51.90260,1,0.000,2.000,0.5027,0.0000,16.0000,electricity-generation
-20.20180,-49.35560,1,0.000,2.000,0.5027,0.0000,89.0000,electricity-generation
-23.65330,-45.50040,1,0.000,2.000,0.5027,147860.0000,92.4000,electricity-generation
-22.29280,-55.10410,1,0.000,2.000,0.5027,0.0000,20.0000,electricity-generation
-21.48610,-47.76540,1,0.000,2.000,0.5027,0.0000,10.0000,electricity-generation
-1.76200,-55.85650,1,0.000,2.000,0.5027,21821.0000,31.7400,electricity-generation
-18.92080,-51.99170,1,0.000,2.000,0.5027,0.0000,50.0000,electricity-generation
-21.18150,-48.64470,1,0.000,2.000,0.5027,0.0000,54.0000,electricity-generation
-17.33040,-50.49570,1,0.000,2.000,0.5027,0.0000,47.0000,electricity-generation
-22.33670,-47.40840,1,0.000,2.000,0.5027,0.0000,28.0000,electricity-generation
-22.67520,-43.47750,1,0.000,2.000,0.5027,0.0000,16.9000,electricity-generation
-20.82780,-49.76520,1,0.000,2.000,0.5027,0.0000,15.5000,electricity-generation
-23.69881,-46.67661,2,0.862,2.862,2.3344,176735.0000,950.0000,electricity-generation
-15.70440,-58.12530,1,0.000,2.000,0.5027,0.0000,12.0000,electricity-generation
-29.96680,-51.18440,1,0.000,2.000,0.5027,0.0000,0.0000,electricity-generation
3.83840,-51.82660,1,0.000,2.000,0.5027,11268.0000,12.0000,electricity-generation
-24.21310,-48.93110,1,0.000,2.000,0.5027,0.0000,13.1000,electricity-generation
-19.92250,-50.40200,1,0.000,2.000,0.5027,0.0000,12.0000,electricity-generation
-3.71750,-47.48760,1,0.000,2.000,0.5027,0.0000,20.0000,electricity-generation
0.94688,-60.41480,2,1.543,3.543,7.4778,0.0000,28.9000,electricity-generation
-16.77780,-49.93970,1,0.000,2.000,0.5027,7617.2000,169.4000,electricity-generation
-31.45060,-53.77690,2,5.558,7.558,97.0624,2249700.0000,355.0000,electricity-generation
-18.35350,-49.41790,1,0.000,2.000,0.5027,0.0000,20.0000,electricity-generation
-22.55800,-51.82690,1,0.000,2.000,0.5027,0.0000,60.0000,electricity-generation
-2.62910,-56.73110,1,0.000,2.000,0.5027,15375.0000,16.3800,electricity-generation
-4.82060,-44.35500,1,0.000,2.000,0.5027,3746150.0000,1850.4000,electricity-generation
-21.51950,-54.71080,1,0.000,2.000,0.5027,0.0000,92.8000,electricity-generation
-20.71860,-46.62200,1,0.000,2.000,0.5027,0.0000,14.1000,electricity-generation
-21.27760,-51.78000,1,0.000,2.000,0.5027,0.0000,33.7500,electricity-generation
3.20360,-60.82780,1,0.000,2.000,0.5027,0.0000,11.5000,electricity-generation
-9.19800,-48.14330,1,0.000,2.000,0.5027,0.0000,80.0000,electricity-generation
-7.86143,-35.01870,2,0.286,2.286,0.5027,49016.5000,493.8000,electricity-generation
-9.37180,-40.58260,1,0.000,2.000,0.5027,5537.4000,136.0000,electricity-generation
-20.72630,-50.95250,1,0.000,2.000,0.5027,0.0000,102.0000,electricity-generation
-18.46840,-52.60200,1,0.000,2.000,0.5027,0.0000,160.0000,electricity-generation
-10.81560,-36.93710,1,0.000,2.000,0.5027,729545.0000,1500.0000,electricity-generation
-5.87360,-35.31020,1,0.000,2.000,0.5027,13194.5000,207.2000,electricity-generation
-21.09990,-49.31770,1,0.000,2.000,0.5027,0.0000,40.0000,electricity-generation
-31.55597,-53.68125,2,3.388,5.388,36.0513,2047295.0078,54706.1644,electricity-generation
-12.50000,-38.20740,1,0.000,2.000,0.5027,237070.0000,130.0000,electricity-generation
-22.24840,-50.65380,1,0.000,2.000,0.5027,0.0000,66.5000,electricity-generation
-18.43170,-50.26220,1,0.000,2.000,0.5027,0.0000,98.0000,electricity-generation
-23.00760,-47.53130,1,0.000,2.000,0.5027,0.0000,50.0000,electricity-generation
-22.46580,-50.49200,1,0.000,2.000,0.5027,0.0000,14.0000,electricity-generation
-21.21640,-50.20790,1,0.000,2.000,0.5027,0.0000,65.0000,electricity-generation
-26.12180,-50.31880,1,0.000,2.000,0.5027,0.0000,79.0000,electricity-generation
-8.72430,-63.91380,1,0.000,2.000,0.5027,0.0000,0.0000,electricity-generation
-21.34817,-51.35957,2,1.147,3.147,4.1361,0.0000,60.0000,electricity-generation
-12.10160,-60.69400,1,0.000,2.000,0.5027,0.0000,24.0000,electricity-generation
-21.04090,-48.71080,1,0.000,2.000,0.5027,0.0000,28.0000,electricity-generation
-21.40890,-48.71080,1,0.000,2.000,0.5027,0.0000,28.0000,electricity-generation
-12.86030,-38.35210,1,0.000,2.000,0.5027,40044.0000,19.7300,electricity-generation
-21.33720,-48.29300,1,0.000,2.000,0.5027,0.0000,42.0000,electricity-generation
-22.10280,-48.48210,1,0.000,2.000,0.5027,0.0000,83.0000,electricity-generation
-21.76280,-48.08390,1,0.000,2.000,0.5027,0.0000,84.0000,electricity-generation
-21.10570,-48.06800,1,0.000,2.000,0.5027,0.0000,42.0000,electricity-generation
-21.81780,-48.61220,1,0.000,2.000,0.5027,0.0000,22.0000,electricity-generation
-21.49815,-49.19941,2,1.861,3.861,10.8851,0.0000,86.0000,electricity-generation
-19.30230,-47.46400,1,0.000,2.000,0.5027,0.0000,82.0000,electricity-generation
-21.58690,-54.24860,1,0.000,2.000,0.5027,0.0000,130.0000,electricity-generation
-0.01320,-51.18300,1,0.000,2.000,0.5027,0.0000,0.0000,electricity-generation
-7.55920,-34.99840,1,0.000,2.000,0.5027,0.0000,20.2000,electricity-generation
-22.87560,-52.18080,1,0.000,2.000,0.5027,0.0000,36.0000,electricity-generation
-23.74800,-52.87330,1,0.000,2.000,0.5027,0.0000,59.0000,electricity-generation
-18.77090,-50.22400,1,0.000,2.000,0.5027,0.0000,41.0000,electricity-generation
-28.67100,-55.91470,1,0.000,2.000,0.5027,0.0000,12.3000,electricity-generation
-21.98310,-49.20510,1,0.000,2.000,0.5027,0.0000,12.0000,electricity-generation
-22.82910,-43.09680,1,0.000,2.000,0.5027,0.0000,0.0000,electricity-generation
-21.92740,-46.92260,1,0.000,2.000,0.5027,0.0000,77.0000,electricity-generation
-23.64146,-46.48262,3,6.897,8.897,149.4301,1573938.1975,115837.3854,electricity-generation
-21.97200,-46.79640,1,0.000,2.000,0.5027,0.0000,70.0000,electricity-generation
-22.42640,-47.35750,1,0.000,2.000,0.5027,0.0000,41.0000,electricity-generation
-20.66190,-48.53390,1,0.000,2.000,0.5027,0.0000,83.0000,electricity-generation
-15.20120,-43.88320,1,0.000,2.000,0.5027,0.0000,82.0000,electricity-generation
-2.70822,-44.34764,3,1.808,3.808,10.2656,6901414.3741,362232.8767,aluminum
-22.67170,-48.54250,1,0.000,2.000,0.5027,0.0000,14.8000,electricity-generation
-21.32180,-48.11990,1,0.000,2.000,0.5027,0.0000,131.0000,electricity-generation
-18.68310,-48.15810,1,0.000,2.000,0.5027,0.0000,11.4000,electricity-generation
3.12190,-60.70850,1,0.000,2.000,0.5027,101243.0000,83.3000,electricity-generation
-29.87353,-51.15898,2,1.325,3.325,5.5141,2188958.7770,201248.0000,electricity-generation
-9.11070,-36.57390,1,0.000,2.000,0.5027,0.0000,17.2000,electricity-generation
-18.38360,-52.10640,1,0.000,2.000,0.5027,0.0000,10.0000,electricity-generation
-9.88110,-36.15070,1,0.000,2.000,0.5027,0.0000,18.0000,electricity-generation
-17.61730,-54.76150,1,0.000,2.000,0.5027,0.0000,35.0000,electricity-generation
-12.41690,-55.65040,1,0.000,2.000,0.5027,0.0000,55.0000,electricity-generation
-20.47194,-53.67722,2,0.439,2.439,0.6041,2672785.8811,448876.1411,electricity-generation
-5.41639,-47.56500,2,0.347,2.347,0.5027,404596.0279,68146.0122,electricity-generation
-18.04347,-39.92042,3,0.878,2.878,2.4239,833713.0272,140090.2312,pulp-and-paper
-12.99370,-45.50830,1,0.000,2.000,0.5027,0.0000,30.0000,electricity-generation
-7.50302,-34.85466,3,2.984,4.984,27.9795,1215736.0800,288779.3233,cement
-8.26980,-35.02480,1,0.000,2.000,0.5027,1483.2000,48.0000,electricity-generation
-8.79480,-63.81530,1,0.000,2.000,0.5027,20199.0000,423.0000,electricity-generation
-7.20930,-34.92250,1,0.000,2.000,0.5027,14386.0000,341.7000,electricity-generation
-20.85560,-46.44170,1,0.000,2.000,0.5027,0.0000,25.0000,electricity-generation
-8.59340,-35.11640,1,0.000,2.000,0.5027,0.0000,26.0000,electricity-generation
-17.68190,-50.10310,1,0.000,2.000,0.5027,0.0000,127.0000,electricity-generation
-19.39140,-47.81690,1,0.000,2.000,0.5027,0.0000,50.0000,electricity-generation
-22.85850,-51.37750,1,0.000,2.000,0.5027,0.0000,42.0000,electricity-generation
-22.93180,-51.95170,1,0.000,2.000,0.5027,0.0000,72.5000,electricity-generation
-8.34960,-35.34800,1,0.000,2.000,0.5027,0.0000,10.0000,electricity-generation
-17.53920,-52.25890,1,0.000,2.000,0.5027,0.0000,80.0000,electricity-generation
-17.73610,-53.31310,1,0.000,2.000,0.5027,0.0000,73.0000,electricity-generation
-18.46630,-53.16800,1,0.000,2.000,0.5027,0.0000,80.0000,electricity-generation
-17.72460,-53.02190,1,0.000,2.000,0.5027,0.0000,73.0000,electricity-generation
-21.86500,-51.26040,1,0.000,2.000,0.5027,0.0000,64.5000,electricity-generation
-21.32450,-50.94940,1,0.000,2.000,0.5027,0.0000,45.0000,electricity-generation
-14.41740,-49.65200,1,0.000,2.000,0.5027,0.0000,25.0000,electricity-generation
-9.50140,-36.21430,1,0.000,2.000,0.5027,0.0000,10.0000,electricity-generation
-29.76520,-57.00020,1,0.000,2.000,0.5027,49771.0000,525.0000,electricity-generation
-23.37260,-52.90500,1,0.000,2.000,0.5027,0.0000,40.0000,electricity-generation
-22.78310,-52.70400,1,0.000,2.000,0.5027,0.0000,16.5000,electricity-generation
-22.00950,-47.99260,1,0.000,2.000,0.5027,0.0000,16.2000,electricity-generation
-22.65150,-51.80400,1,0.000,2.000,0.5027,0.0000,78.0000,electricity-generation
-23.87400,-51.83650,1,0.000,2.000,0.5027,0.0000,18.4000,electricity-generation
-20.39040,-51.03380,1,0.000,2.000,0.5027,0.0000,68.0000,electricity-generation
-19.31025,-50.71575,2,0.844,2.844,2.2357,0.0000,50.0000,electricity-generation
-20.61280,-48.00030,1,0.000,2.000,0.5027,0.0000,93.0000,electricity-generation
-19.06630,-50.37160,1,0.000,2.000,0.5027,0.0000,55.0000,electricity-generation
-19.34680,-48.23236,2,0.017,2.017,0.5027,0.0000,85.0000,electricity-generation
-20.59800,-49.19000,1,0.000,2.000,0.5027,0.0000,10.0000,electricity-generation
-16.08931,-39.40861,3,0.133,2.133,0.5027,281991.1709,47434.9782,pulp-and-paper
-20.40580,-49.00310,1,0.000,2.000,0.5027,0.0000,55.2500,electricity-generation
-20.37930,-40.43700,1,0.000,2.000,0.5027,83617.0000,211.5000,electricity-generation
-4.87448,-47.40714,2,2.306,4.306,16.7051,718100.7159,50971.1041,electricity-generation
-12.75850,-60.12780,1,0.000,2.000,0.5027,22371.0000,23.8300,electricity-generation
-21.89310,-51.58390,1,0.000,2.000,0.5027,0.0000,25.0000,electricity-generation
-21.08920,-51.58460,1,0.000,2.000,0.5027,0.0000,50.0000,electricity-generation
-21.78020,-55.57660,1,0.000,2.000,0.5027,0.0000,54.0000,electricity-generation
-23.48920,-48.10310,1,0.000,2.000,0.5027,0.0000,60.0000,electricity-generation
-19.98050,-48.26880,1,0.000,2.000,0.5027,0.0000,80.0000,electricity-generation
-18.21530,-45.99070,1,0.000,2.000,0.5027,0.0000,46.0000,electricity-generation
-20.54730,-54.75050,1,0.000,2.000,0.5027,18920.0000,190.0000,electricity-generation
-16.58170,-49.25750,1,0.000,2.000,0.5027,1656.3000,53.6000,electricity-generation
-21.79040,-48.17440,1,0.000,2.000,0.5027,0.0000,16.0000,electricity-generation
13.12570,-59.63260,1,0.000,2.000,0.5027,421440.0000,133.5000,electricity-generation
4.92609,114.91533,2,5.230,7.230,85.9454,1708340.0000,490.7000,electricity-generation
4.82820,114.74610,1,0.000,2.000,0.5027,148630.0000,116.0000,electricity-generation
4.66797,114.46828,2,0.715,2.715,1.6046,694487.5000,72381.4808,electricity-generation
4.99909,115.12004,2,0.368,2.368,0.5027,3884644.2704,175234.0000,electricity-generation
-21.16689,27.51749,2,0.141,2.141,0.5027,135042.0000,125.0000,electricity-generation
-22.52287,27.04696,2,1.090,3.090,3.7332,2943420.0000,735.5400,electricity-generation
4.38950,18.55390,1,0.000,2.000,0.5027,0.0000,50.0000,electricity-generation
53.77771,-113.13386,10,7.619,9.619,182.3441,9810406.9568,659971.4064,electricity-generation
43.81004,-79.06583,3,5.303,7.303,88.3313,64192.0000,102.1000,electricity-generation
53.50740,-114.55900,1,0.000,2.000,0.5027,1631100.0000,535.0000,electricity-generation
54.92351,-112.86414,2,0.359,2.359,0.5027,150529.6118,23697.1765,electricity-generation
47.99236,-66.72732,2,0.340,2.340,0.5027,33721.6305,5306.1173,electricity-generation
48.83810,-91.57060,1,0.000,2.000,0.5027,0.0000,205.0000,electricity-generation
57.27107,-111.50624,2,2.994,4.994,28.1690,1142250.0000,362.0000,electricity-generation
51.18244,-113.93790,2,1.163,3.163,4.2470,933649.5000,420.0000,electricity-generation
52.46930,-112.13510,1,0.000,2.000,0.5027,585451.0000,540.0000,electricity-generation
55.07120,-118.69000,1,0.000,2.000,0.5027,181669.0000,120.0000,electricity-generation
46.38317,-72.37492,3,2.813,4.813,24.8599,2621928.1295,40862.8082,electricity-generation
49.21050,-84.66730,1,0.000,2.000,0.5027,816.6900,16.2700,electricity-generation
47.90610,-65.86370,1,0.000,2.000,0.5027,3765500.0000,490.0000,electricity-generation
49.09570,-103.03040,1,0.000,2.000,0.5027,3733600.0000,408.0000,electricity-generation
42.28552,-83.14290,17,8.612,10.612,232.9743,11459673.7681,725008.8853,electricity-generation
44.34560,-79.14850,1,0.000,2.000,0.5027,0.0000,12.0000,electricity-generation
45.48230,-71.95230,1,0.000,2.000,0.5027,0.0000,23.0000,electricity-generation
44.05820,-64.69270,1,0.000,2.000,0.5027,0.0000,30.0000,electricity-generation
49.14756,-123.01697,4,6.127,8.127,117.9510,699471.3022,186870.3151,cement
44.68114,-63.59584,2,3.907,5.907,47.9463,1245371.0000,614.6000,electricity-generation
49.29360,-122.98698,2,7.013,9.013,154.5065,360772.3212,55000.0000,electricity-generation
49.74560,-84.07360,1,0.000,2.000,0.5027,0.0000,35.0000,electricity-generation
47.37420,-61.88511,2,0.063,2.063,0.5027,85692.0000,133.0400,electricity-generation
44.78460,-75.37790,1,0.000,2.000,0.5027,158013.6000,156.0000,electricity-generation
53.00285,-122.49278,5,0.892,2.892,2.5024,362414.6217,56833.4502,pulp-and-paper
50.84288,-113.59243,2,0.205,2.205,0.5027,1059471.9258,45943.0137,electricity-generation
54.28370,-115.69950,1,0.000,2.000,0.5027,12699.4000,15.0000,electricity-generation
53.58000,-116.50990,1,0.000,2.000,0.5027,2154400.0000,900.0000,electricity-generation
48.86385,-123.64580,2,1.353,3.353,5.7525,101700.1556,15977.2427,electricity-generation
49.24741,-124.81085,2,0.026,2.026,0.5027,88433.0007,13885.9106,electricity-generation
51.00560,-113.17160,1,0.000,2.000,0.5027,212474.0000,105.0000,electricity-generation
49.77560,-74.87607,2,1.637,3.637,8.4219,0.0000,59.0000,electricity-generation
46.23840,-63.11840,1,0.000,2.000,0.5027,42148.0000,65.0000,electricity-generation
50.34530,-107.93730,1,0.000,2.000,0.5027,343990.0000,350.0000,electricity-generation
55.58400,-110.88170,1,0.000,2.000,0.5027,290360.0000,147.5000,electricity-generation
55.66500,-110.71850,1,0.000,2.000,0.5027,594970.0000,170.0000,electricity-generation
53.55765,-113.35242,3,3.381,5.381,35.9219,2207443.5876,146244.4000,electricity-generation
54.58380,-110.39340,1,0.000,2.000,0.5027,691510.0000,313.0000,electricity-generation
54.72710,-110.34560,1,0.000,2.000,0.5027,635470.0000,170.0000,electricity-generation
45.15420,-66.20230,1,0.000,2.000,0.5027,680850.0000,1050.0000,electricity-generation
48.95550,-57.94856,2,0.045,2.045,0.5027,88433.0007,13874.9106,electricity-generation
52.09270,-106.85330,1,0.000,2.000,0.5027,339340.0000,260.0000,electricity-generation
51.39720,-114.01470,1,0.000,2.000,0.5027,58048.0000,120.0000,electricity-generation
43.87985,-78.70277,3,4.046,6.046,51.4380,1321434.7016,153062.2123,electricity-generation
64.49120,-110.34230,1,0.000,2.000,0.5027,17389.0000,27.0000,electricity-generation
48.87940,-72.21740,1,0.000,2.000,0.5027,0.0000,28.7500,electricity-generation
44.66190,-75.58310,1,0.000,2.000,0.5027,84017.0000,42.8000,electricity-generation
42.37405,-83.00279,7,9.789,11.789,301.0375,317624.6991,280.8000,electricity-generation
42.52138,-83.03953,6,7.333,9.333,168.9375,260274.9986,6.0000,other-manufacturing
47.36865,-68.33203,2,0.174,2.174,0.5027,62034.4186,9761.5186,electricity-generation
43.74098,-79.68758,6,10.584,12.584,351.9361,2032891.7403,64993606.9207,electricity-generation
51.85750,-109.03330,1,0.000,2.000,0.5027,205030.0000,92.0000,electricity-generation
46.26910,-81.76720,1,0.000,2.000,0.5027,0.0000,25.0000,electricity-generation
48.63660,-72.43540,1,0.000,2.000,0.5027,0.0000,22.0000,electricity-generation
57.24180,-110.85580,1,0.000,2.000,0.5027,2106800.0000,425.0000,electricity-generation
48.61000,-93.40120,2,0.650,2.650,1.3292,102643.0000,158.0000,electricity-generation
57.39000,-111.56530,1,0.000,2.000,0.5027,893430.0000,170.0000,electricity-generation
58.65190,-122.69230,1,0.000,2.000,0.5027,104592.0000,75.0000,electricity-generation
54.48900,-124.21500,1,0.000,2.000,0.5027,0.0000,40.0000,electricity-generation
55.06740,-110.53600,1,0.000,2.000,0.5027,296360.0000,98.0000,electricity-generation
54.06520,-124.74900,1,0.000,2.000,0.5027,0.0000,12.0000,electricity-generation
45.55990,-73.62410,1,0.000,2.000,0.5027,0.0000,25.0000,electricity-generation
53.34330,-114.30480,1,0.000,2.000,0.5027,3523200.0000,1857.0000,electricity-generation
55.14168,-118.76876,2,3.739,5.739,43.9306,88433.0007,13877.9106,electricity-generation
55.33209,-119.21216,2,0.875,2.875,2.4069,348545.5000,153.0000,electricity-generation
45.28211,-66.01371,6,6.811,8.811,145.7530,4424682.4160,332174.7008,electricity-generation
50.39045,-105.52917,2,0.709,2.709,1.5813,775325.1211,22370.0000,electricity-generation
42.77389,-82.47749,6,4.249,6.249,56.7054,11908625.4176,43167.8315,electricity-generation
43.55988,-79.84686,2,4.413,6.413,61.1780,1716968.6001,685.0000,electricity-generation
47.52440,-52.84690,1,0.000,2.000,0.5027,45019.0000,54.0000,electricity-generation
49.13784,-123.85679,3,0.075,2.075,0.5027,199385.8313,31305.8048,pulp-and-paper
47.45340,-53.09770,1,0.000,2.000,0.5027,431150.0000,626.0500,electricity-generation
57.33930,-111.75780,1,0.000,2.000,0.5027,697450.0000,195.0000,electricity-generation
49.52183,-123.49029,2,0.346,2.346,0.5027,95009.3559,15003.6083,electricity-generation
54.00770,-119.10360,1,0.000,2.000,0.5027,844720.0000,300.0000,electricity-generation
53.95233,-122.69621,7,3.362,5.362,35.5175,344012.9631,53720.7317,electricity-generation
48.76920,-80.66660,1,0.000,2.000,0.5027,27128.8000,126.0000,electricity-generation
50.06940,-125.28150,1,0.000,2.000,0.5027,426970.0000,275.0000,electricity-generation
52.31303,-113.54379,3,1.741,3.741,9.5177,4155456.9192,223995.9817,electricity-generation
50.68949,-120.40348,3,0.327,2.327,0.5027,208252.4791,32714.9551,pulp-and-paper
43.87770,-79.50180,1,0.000,2.000,0.5027,0.0000,33.0000,electricity-generation
53.44770,-114.45150,1,0.000,2.000,0.5027,2641000.0000,866.2000,electricity-generation
48.13500,-80.04050,1,0.000,2.000,0.5027,212500.0000,137.8000,electricity-generation
46.52193,-84.37039,2,0.459,2.459,0.6633,5067454.9825,471584.8630,electricity-generation
52.22440,-108.43510,1,0.000,2.000,0.5027,213120.0000,78.0000,electricity-generation
44.15067,-76.83673,3,3.387,5.387,36.0373,2782586.4134,96554.6575,electricity-generation
45.60980,-74.24910,1,0.000,2.000,0.5027,0.0000,11.0000,electricity-generation
46.23560,-60.03830,1,0.000,2.000,0.5027,5290100.0000,632.8000,electricity-generation
56.40810,-110.94880,1,0.000,2.000,0.5027,852280.0000,170.0000,electricity-generation
57.04130,-111.90550,1,0.000,2.000,0.5027,404420.0000,165.0000,electricity-generation
55.32424,-123.17573,2,3.815,5.815,45.7243,0.0000,49.9000,electricity-generation
49.83774,-99.89976,2,0.910,2.910,2.6028,1384405.2948,46992.3288,electricity-generation
56.14472,-120.66612,2,0.861,2.861,2.3272,405955.3573,9767.4364,electricity-generation
50.07498,-110.71744,2,3.752,5.752,44.2265,2187057.3810,96613.7603,electricity-generation
53.26104,-109.94879,2,0.282,2.282,0.5027,623422.9673,30225.0000,electricity-generation
50.09790,-120.79600,1,0.000,2.000,0.5027,0.0000,40.0000,electricity-generation
57.04890,-111.60810,1,0.000,2.000,0.5027,1144680.0000,436.0000,electricity-generation
47.07210,-65.45490,1,0.000,2.000,0.5027,333470.0000,400.0000,electricity-generation
46.96970,-65.59430,1,0.000,2.000,0.5027,0.0000,42.0000,electricity-generation
46.01247,-67.22573,2,0.060,2.060,0.5027,50582.4458,7952.6760,electricity-generation
49.02779,-76.96111,2,0.023,2.023,0.5027,88433.0007,13894.9106,electricity-generation
52.70387,-108.20251,2,3.107,5.107,30.3268,606200.0000,406.0000,electricity-generation
45.40330,-75.65420,1,0.000,2.000,0.5027,89747.0000,74.0000,electricity-generation
53.86171,-101.21340,2,0.309,2.309,0.5027,88433.0007,13882.2106,electricity-generation
56.37173,-117.18555,2,0.075,2.075,0.5027,88433.0007,13889.9106,electricity-generation
46.32160,-60.33000,1,0.000,2.000,0.5027,171330.0000,183.0000,electricity-generation
45.06860,-66.45430,1,0.000,2.000,0.5027,7406.9000,11.5000,electricity-generation
45.58726,-61.34830,3,1.513,3.513,7.1871,1348043.0007,14069.9106,electricity-generation
57.00519,-111.48622,2,0.334,2.334,0.5027,2296640.0000,1166.0000,electricity-generation
49.05700,-105.48510,1,0.000,2.000,0.5027,5628300.0000,630.0000,electricity-generation
50.38390,-127.45090,1,0.000,2.000,0.5027,0.0000,16.6000,electricity-generation
43.64950,-79.33110,1,0.000,2.000,0.5027,1108410.0000,550.0000,electricity-generation
54.69630,-110.72380,1,0.000,2.000,0.5027,500740.0000,100.0000,electricity-generation
52.09440,-106.70500,1,0.000,2.000,0.5027,1071810.0000,688.2000,electricity-generation
58.44830,-119.23820,1,0.000,2.000,0.5027,385860.0000,189.7000,electricity-generation
47.62970,-64.91690,1,0.000,2.000,0.5027,83369.0000,100.0000,electricity-generation
48.72101,-72.50739,2,2.862,4.862,25.7256,95544.6198,15017.4991,electricity-generation
42.92038,-82.42058,8,4.339,6.339,59.1555,7872050.5121,467567.1062,electricity-generation
50.13440,-96.85180,1,0.000,2.000,0.5027,0.0000,0.0000,electricity-generation
48.38350,-77.22390,1,0.000,2.000,0.5027,0.0000,35.0000,electricity-generation
49.08820,-102.86300,1,0.000,2.000,0.5027,2201400.0000,300.0000,electricity-generation
51.44270,-111.79030,1,0.000,2.000,0.5027,367810.0000,780.0000,electricity-generation
50.97156,-113.88702,2,7.621,9.621,182.4771,2339659.9400,801.0000,electricity-generation
49.52840,-115.75800,1,0.000,2.000,0.5027,0.0000,51.0000,electricity-generation
50.59900,-101.84780,1,0.000,2.000,0.5027,189370.0000,86.0000,electricity-generation
42.80936,-80.08616,3,4.194,6.194,55.2649,4734133.4875,324393.7671,electricity-generation
48.53570,-58.51800,1,0.000,2.000,0.5027,41683.0000,50.0000,electricity-generation
46.70940,-79.09540,1,0.000,2.000,0.5027,0.0000,0.0000,electricity-generation
48.79392,-87.09559,2,0.899,2.899,2.5383,88433.0007,13909.9106,electricity-generation
43.10710,-79.19830,1,0.000,2.000,0.5027,518390.0000,273.5000,electricity-generation
48.35800,-89.23170,2,0.733,2.733,1.6898,181330.0000,121.4700,electricity-generation
45.59821,-75.25751,2,0.736,2.736,1.7018,88433.0007,13883.9106,electricity-generation
49.90140,-119.49940,1,0.000,2.000,0.5027,0.0000,20.0000,electricity-generation
45.62130,-62.64893,2,6.041,8.041,114.6503,3056133.0007,14209.9106,electricity-generation
48.87100,-80.89340,1,0.000,2.000,0.5027,21610.8000,48.0000,electricity-generation
54.93890,-117.20330,1,0.000,2.000,0.5027,36419.0000,100.0000,electricity-generation
46.16190,-60.11280,1,0.000,2.000,0.5027,50022.0000,60.0000,electricity-generation
54.41530,-114.17690,1,0.000,2.000,0.5027,156250.0000,17.0000,electricity-generation
43.85820,-78.90558,2,0.458,2.458,0.6580,184849.5534,101967.8082,electricity-generation
54.14252,-115.67665,2,4.317,6.317,58.5477,93671.1959,14702.3815,electricity-generation
52.16120,-122.17100,1,0.000,2.000,0.5027,0.0000,66.0000,electricity-generation
45.56051,-71.97601,2,0.704,2.704,1.5588,18656.7700,51.0000,electricity-generation
44.07570,-79.53090,1,0.000,2.000,0.5027,134063.0000,494.0000,electricity-generation
43.77770,-79.49850,1,0.000,2.000,0.5027,19282.0000,10.3000,electricity-generation
49.33504,-117.72828,3,0.425,2.425,0.5677,214685.7149,33747.2220,pulp-and-paper
47.41372,8.56872,2,0.416,2.416,0.5436,0.0000,29.0000,electricity-generation
47.57330,7.56870,1,0.000,2.000,0.5027,0.0000,30.0000,electricity-generation
47.41417,8.15862,2,4.979,6.979,77.8862,258511.1081,67956.2055,electricity-generation
46.19470,6.03210,1,0.000,2.000,0.5027,0.0000,31.0000,electricity-generation
47.04058,7.03556,3,0.906,2.906,2.5800,849821.1664,93523.2521,electricity-generation
46.95170,7.41410,1,0.000,2.000,0.5027,0.0000,28.0000,electricity-generation
46.53420,6.64570,1,0.000,2.000,0.5027,0.0000,20.0000,electricity-generation
47.13550,9.04010,1,0.000,2.000,0.5027,0.0000,12.5000,electricity-generation
46.25470,6.97200,1,0.000,2.000,0.5027,45285.0000,55.0000,electricity-generation
47.11350,8.37600,1,0.000,2.000,0.5027,0.0000,33.0000,electricity-generation
46.69660,6.69960,1,0.000,2.000,0.5027,0.0000,28.0000,electricity-generation
46.76160,7.60650,1,0.000,2.000,0.5027,0.0000,12.0000,electricity-generation
47.49780,8.75280,1,0.000,2.000,0.5027,0.0000,30.0000,electricity-generation
-23.06998,-70.37880,6,5.558,7.558,97.0389,7520960.0000,3042.2000,electricity-generation
-39.80068,-73.18532,2,0.335,2.335,0.5027,6309.0200,114.8000,electricity-generation
-37.21139,-73.22466,2,0.688,2.688,1.4889,997894.5178,190928.3209,electricity-generation
-37.03575,-73.13402,4,11.366,13.366,405.8321,241774.3000,410.5000,electricity-generation
-34.03390,-70.61380,1,0.000,2.000,0.5027,121461.0000,254.0000,electricity-generation
-27.48766,-70.38497,2,0.885,2.885,2.4599,7115.7900,170.4000,electricity-generation
-35.32498,-72.41782,5,8.091,10.091,205.6679,371022.2450,70530.2182,electricity-generation
-31.92492,-71.47115,3,5.025,7.025,79.3272,61363.4000,344.0000,electricity-generation
-37.16400,-72.06990,1,0.000,2.000,0.5027,0.0000,30.0000,electricity-generation
-40.57860,-73.08840,1,0.000,2.000,0.5027,469.7500,15.0000,electricity-generation
-33.60770,-70.55820,1,0.000,2.000,0.5027,4964.9000,51.9000,electricity-generation
-37.28898,-72.71082,2,0.139,2.139,0.5027,65970.7812,12817.1387,electricity-generation
-37.79056,-72.48139,2,0.326,2.326,0.5027,126866.8869,24473.6514,electricity-generation
-37.51972,-72.65028,2,0.831,2.831,2.1678,332391.2437,64246.5067,electricity-generation
-32.92848,-71.49970,3,2.451,4.451,18.8670,1386803.5557,104135.0000,electricity-generation
-34.24244,-70.67436,2,0.045,2.045,0.5027,4206.9600,45.5000,electricity-generation
-31.14250,-71.08700,1,0.000,2.000,0.5027,35298.0000,79.8000,electricity-generation
-42.14530,-73.71350,1,0.000,2.000,0.5027,1247.8500,50.3000,electricity-generation
-26.39793,-70.03805,3,2.515,4.515,19.8752,24355.4000,184.0000,electricity-generation
-18.52870,-70.29890,1,0.000,2.000,0.5027,6334.1000,14.3200,electricity-generation
-20.25800,-70.12730,1,0.000,2.000,0.5027,0.0000,0.0000,electricity-generation
-22.16500,-70.08990,1,0.000,2.000,0.5027,0.0000,0.0000,electricity-generation
-30.14603,-71.22575,2,1.061,3.061,3.5396,18711.0000,230.4000,electricity-generation
-33.98130,-70.69732,2,1.503,3.503,7.0959,13743.0000,38.0000,electricity-generation
-28.46500,-71.25650,2,0.739,2.739,1.7174,3751308.5900,824.2000,electricity-generation
-37.16900,-72.40870,1,0.000,2.000,0.5027,0.0000,12.7000,electricity-generation
-38.54300,-72.46830,1,0.000,2.000,0.5027,0.0000,42.0000,electricity-generation
-32.95670,-70.80460,1,0.000,2.000,0.5027,37174.0000,20.8000,electricity-generation
-37.09664,-72.30676,4,1.941,3.941,11.8300,167611.8000,759.9000,electricity-generation
-32.84400,-71.01310,1,0.000,2.000,0.5027,75575.0000,132.0000,electricity-generation
-28.50770,-70.91890,1,0.000,2.000,0.5027,30256.0000,68.4000,electricity-generation
-23.44500,-70.07580,1,0.000,2.000,0.5027,8846.2000,20.0000,electricity-generation
-37.04550,-72.40010,1,0.000,2.000,0.5027,0.0000,11.1000,electricity-generation
-32.93643,-71.32086,2,0.549,2.549,0.9457,1386730.0000,1621.8000,electricity-generation
-36.77715,-73.12543,4,3.280,5.280,33.8033,1483639.5663,179713.6301,electricity-generation
-36.65583,-72.47500,2,0.486,2.486,0.7429,837588.2035,161385.2992,electricity-generation
-33.41840,-70.68700,2,0.079,2.079,0.5027,802780.0000,380.0000,electricity-generation
-22.09640,-70.21180,2,0.196,2.196,0.5027,479880.0000,481.1000,electricity-generation
-29.11390,-70.91430,1,0.000,2.000,0.5027,2519.0000,100.8000,electricity-generation
-20.80530,-70.19320,1,0.000,2.000,0.5027,0.0000,0.0000,electricity-generation
-34.86660,-71.14071,3,0.256,2.256,0.5027,131769.7817,42546.4534,electricity-generation
-43.09130,-73.61430,1,0.000,2.000,0.5027,4423.2000,10.0000,electricity-generation
-32.75671,-71.48300,2,3.434,5.434,37.0439,2353300.0000,792.4000,electricity-generation
-33.70040,-70.79770,1,0.000,2.000,0.5027,0.0000,14.0000,electricity-generation
-24.98880,-70.46600,1,0.000,2.000,0.5027,90005.0000,240.0000,electricity-generation
-41.51790,-73.07750,1,0.000,2.000,0.5027,44714.7000,81.0000,electricity-generation
-39.56528,-72.89389,2,0.524,2.524,0.8626,167464.2907,32401.6598,electricity-generation
41.15420,80.39970,1,0.000,2.000,0.5027,2884800.0000,700.0000,electricity-generation
41.07708,80.17799,4,7.189,9.189,162.3706,2045314.5708,70370.3917,electricity-generation
46.43734,125.22939,3,6.740,8.740,142.7324,3553611.6258,100440.0000,electricity-generation
41.51520,120.33821,4,4.738,6.738,70.5322,10287591.8913,179756.1644,electricity-generation
30.53878,117.19406,4,6.000,8.000,113.1038,16287279.2255,316926.5753,electricity-generation
30.52600,116.88550,1,0.000,2.000,0.5027,0.0000,42.0000,electricity-generation
32.91226,117.51250,4,4.123,6.123,53.4167,805536.8562,104962.5876,lime
32.78440,117.11470,1,0.000,2.000,0.5027,10234800.0000,2580.0000,electricity-generation
33.77040,115.73860,1,0.000,2.000,0.5027,0.0000,30.0000,electricity-generation
-31.74750,-50.89510,1,0.000,2.000,0.5027,0.0000,30.0000,electricity-generation
32.11450,117.19870,1,0.000,2.000,0.5027,0.0000,20.0000,electricity-generation
31.52023,118.43773,4,7.594,9.594,181.1903,11049613.8931,359208.9219,electricity-generation
31.79950,117.76280,1,0.000,2.000,0.5027,0.0000,30.0000,electricity-generation
30.60463,117.51272,2,6.253,8.253,122.8339,268512.2854,34998.6959,electricity-generation
32.38990,118.33230,1,0.000,2.000,0.5027,0.0000,24.0000,electricity-generation
34.41440,116.41460,1,0.000,2.000,0.5027,0.0000,30.0000,electricity-generation
32.58490,117.25266,3,2.404,4.404,18.1539,2932628.4029,109784.9296,electricity-generation
32.30840,117.61050,1,0.000,2.000,0.5027,0.0000,30.0000,electricity-generation
32.63200,117.74280,1,0.000,2.000,0.5027,0.0000,10.0000,electricity-generation
31.80470,117.50750,3,5.720,7.720,102.8053,3045900.0000,820.0000,electricity-generation
31.69160,117.08680,1,0.000,2.000,0.5027,0.0000,50.0000,electricity-generation
32.91940,117.68220,1,0.000,2.000,0.5027,0.0000,30.0000,electricity-generation
32.63253,115.64845,2,4.768,6.768,71.4177,0.0000,40.0000,electricity-generation
32.93299,115.85440,4,7.208,9.208,163.2126,4185109.4044,154127.1781,chemicals
32.98500,115.94780,1,0.000,2.000,0.5027,0.0000,27.0000,electricity-generation
33.44500,116.14650,1,0.000,2.000,0.5027,0.0000,30.0000,electricity-generation
33.23310,117.33720,1,0.000,2.000,0.5027,0.0000,30.0000,electricity-generation
31.51240,118.08540,1,0.000,2.000,0.5027,0.0000,30.0000,electricity-generation
31.77270,118.21550,1,0.000,2.000,0.5027,0.0000,15.0000,electricity-generation
33.83353,116.89574,7,8.535,10.535,228.8508,24382754.1975,57970.0748,electricity-generation
32.75639,116.73869,6,8.393,10.393,221.2923,31490608.0320,81052.5041,electricity-generation
32.68245,116.89851,5,10.066,12.066,318.3242,20626626.1735,180498.2192,electricity-generation
32.68141,117.06389,2,3.853,5.853,46.6303,11068500.0000,2540.0000,electricity-generation
30.75790,116.80050,1,0.000,2.000,0.5027,381930.0000,60.0000,electricity-generation
32.98740,117.11340,1,0.000,2.000,0.5027,0.0000,30.0000,electricity-generation
29.82510,118.38070,1,0.000,2.000,0.5027,0.0000,22.0000,electricity-generation
32.39010,116.27210,1,0.000,2.000,0.5027,0.0000,30.0000,electricity-generation
31.42770,116.37260,1,0.000,2.000,0.5027,0.0000,30.0000,electricity-generation
33.29870,115.35770,1,0.000,2.000,0.5027,0.0000,12.0000,electricity-generation
31.76574,115.92497,2,1.738,3.738,9.4848,95572.2685,42495.7534,electricity-generation
33.56490,117.62623,2,7.874,9.874,194.7960,268512.2854,35009.1959,electricity-generation
33.77020,117.45560,1,0.000,2.000,0.5027,0.0000,30.0000,electricity-generation
33.06631,115.28241,5,7.671,9.671,184.8565,9283194.2011,365267.4795,chemicals
33.24908,116.05890,2,1.108,3.108,3.8600,0.0000,50.0000,electricity-generation
31.65650,116.49140,2,4.821,6.821,73.0113,4476600.0000,1347.0000,electricity-generation
31.38320,116.98120,1,0.000,2.000,0.5027,0.0000,30.0000,electricity-generation
31.24990,117.22830,1,0.000,2.000,0.5027,0.0000,30.0000,electricity-generation
31.66610,118.63760,1,0.000,2.000,0.5027,0.0000,27.0000,electricity-generation
31.71525,118.47307,6,10.230,12.230,328.7565,40607366.6625,1476177.3288,electricity-generation
33.26407,116.50647,2,1.721,3.721,9.3088,0.0000,45.0000,electricity-generation
32.85820,118.08430,1,0.000,2.000,0.5027,0.0000,30.0000,electricity-generation
30.91860,118.26920,1,0.000,2.000,0.5027,0.0000,30.0000,electricity-generation
32.45240,118.29200,1,0.000,2.000,0.5027,0.0000,30.0000,electricity-generation
31.13814,118.17560,3,3.867,5.867,46.9676,1858807.1150,595627.1411,electricity-generation
30.68775,118.88690,2,3.776,5.776,44.8007,1279302.1622,254824.5205,electricity-generation
32.49280,116.72350,1,0.000,2.000,0.5027,0.0000,30.0000,electricity-generation
33.56847,117.89935,2,0.478,2.478,0.7184,0.0000,52.0000,electricity-generation
33.51080,116.92610,2,4.724,6.724,70.1138,2373300.0000,730.0000,electricity-generation
33.84534,116.72670,2,1.768,3.768,9.8172,268512.2854,35009.1959,electricity-generation
33.76570,117.18960,1,0.000,2.000,0.5027,0.0000,12.0000,electricity-generation
33.56478,117.06531,2,1.071,3.071,3.6009,0.0000,78.0000,electricity-generation
33.31560,115.59100,1,0.000,2.000,0.5027,0.0000,18.0000,electricity-generation
32.73310,118.79060,1,0.000,2.000,0.5027,0.0000,38.0000,electricity-generation
32.72750,119.02830,1,0.000,2.000,0.5027,0.0000,30.0000,electricity-generation
33.20270,117.58670,1,0.000,2.000,0.5027,0.0000,10.0000,electricity-generation
31.45210,118.34450,2,3.409,5.409,36.5163,5675700.0000,1356.0000,electricity-generation
31.23524,118.14948,3,1.846,3.846,10.7043,11405420.8093,172207.0137,electricity-generation
34.09583,116.87739,2,1.361,3.361,5.8209,268512.2854,35009.1959,electricity-generation
32.93208,117.30262,2,2.028,4.028,12.9161,658780.0000,110.0000,electricity-generation
30.93600,118.62440,1,0.000,2.000,0.5027,0.0000,18.0000,electricity-generation
30.86960,118.86500,1,0.000,2.000,0.5027,4852300.0000,1320.0000,electricity-generation
32.72984,116.27043,2,0.108,2.108,0.5027,0.0000,42.0000,electricity-generation
31.80820,116.42350,1,0.000,2.000,0.5027,0.0000,30.0000,electricity-generation
41.14258,122.97829,5,9.234,11.234,267.8890,39709161.8635,2153618.6986,iron-and-steel
26.21621,105.67321,4,5.308,7.308,88.5251,11983590.3667,465729.2433,electricity-generation
39.47180,112.32632,2,0.380,2.380,0.5027,6266300.0000,1300.0000,electricity-generation
28.64110,106.75310,1,0.000,2.000,0.5027,5356700.0000,1320.0000,electricity-generation
36.13009,114.28264,5,4.057,6.057,51.7187,6559213.9457,319053.8003,iron-and-steel
27.64878,114.00884,2,6.446,8.446,130.5540,5547521.0436,86251.5068,electricity-generation
39.20363,111.11527,4,5.778,7.778,104.8947,25279780.0000,5400.0000,electricity-generation
31.28620,120.79121,3,5.539,7.539,96.3713,891539.0000,455.0000,electricity-generation
32.17388,119.58756,7,11.406,13.406,408.7174,18341935.5403,239661.8630,electricity-generation
40.58940,81.19540,1,0.000,2.000,0.5027,1389300.0000,850.0000,electricity-generation
35.34939,119.51052,4,8.590,10.590,231.8270,11383202.5729,42885.6371,electricity-generation
23.78532,106.81552,8,8.526,10.526,228.3955,7341866.5837,198697.9408,electricity-generation
23.62960,107.02410,1,0.000,2.000,0.5027,1719600.0000,270.0000,electricity-generation
42.03190,126.57900,1,0.000,2.000,0.5027,0.0000,0.0000,electricity-generation
29.59055,107.54003,2,2.341,4.341,17.2142,1959620.0000,320.0000,electricity-generation
36.47190,117.84250,2,0.303,2.303,0.5027,1816000.0000,600.0000,electricity-generation
44.71827,118.39585,2,5.824,7.824,106.5666,268512.2854,34979.1959,electricity-generation
44.80108,118.51272,2,0.426,2.426,0.5705,6982600.0000,2020.0000,electricity-generation
38.97270,110.97960,1,0.000,2.000,0.5027,144350.0000,144.0000,electricity-generation
38.89516,111.11903,4,5.748,7.748,103.8072,7762475.1536,62175.5142,electricity-generation
38.86050,115.40450,2,3.045,5.045,29.1198,3633900.0000,1100.0000,electricity-generation
38.96180,115.36720,1,0.000,2.000,0.5027,2677400.0000,700.0000,electricity-generation
31.44960,121.42109,5,4.117,6.117,53.2467,49731890.3944,1688389.9856,electricity-generation
24.70926,113.63999,6,11.809,13.809,438.0688,11247327.8085,857131.7277,iron-and-steel
40.61973,109.74930,11,10.531,12.531,348.4360,68531013.4775,1543366.0290,electricity-generation
40.67710,109.89130,1,0.000,2.000,0.5027,5366000.0000,1000.0000,electricity-generation
40.57017,110.11688,5,11.352,13.352,404.8444,31706853.7060,142237.6712,electricity-generation
40.56659,110.60164,3,4.794,6.794,72.1955,10623360.0000,2020.0000,electricity-generation
30.17095,114.82317,9,5.783,7.783,105.0663,2650490.5840,417310.2283,lime
30.23718,114.85856,5,6.643,8.643,138.6479,1539502.0812,250327.7423,lime
30.39185,114.85895,4,5.642,7.642,100.0081,8732873.2153,457333.7164,iron-and-steel
34.28510,109.05030,2,5.498,7.498,94.9737,2950600.0000,910.0000,electricity-generation
38.81480,105.72320,1,0.000,2.000,0.5027,3553000.0000,660.0000,electricity-generation
44.93150,118.70830,1,0.000,2.000,0.5027,6820100.0000,1200.0000,electricity-generation
34.82292,117.26084,3,6.579,8.579,135.9899,1448102.5728,40986.6371,electricity-generation
40.30958,122.12122,4,1.580,3.580,7.8413,20399342.9104,639111.3014,electricity-generation
48.23230,126.52900,1,0.000,2.000,0.5027,412700.0000,100.0000,electricity-generation
21.54946,109.57206,6,7.998,9.998,200.9480,15920156.5465,453127.1233,electricity-generation
38.01555,117.97551,2,1.162,3.162,4.2431,8945100.0000,1760.0000,electricity-generation
39.62860,116.51810,1,0.000,2.000,0.5027,0.0000,135.0000,electricity-generation
40.16160,116.34400,1,0.000,2.000,0.5027,0.0000,60.0000,electricity-generation
39.95317,116.61867,3,0.776,2.776,1.8899,1983500.0000,1656.0000,electricity-generation
39.83390,116.35150,1,0.000,2.000,0.5027,1044310.0000,838.0000,electricity-generation
40.10200,116.46800,1,0.000,2.000,0.5027,251710.0000,255.0000,electricity-generation
39.81330,116.14340,1,0.000,2.000,0.5027,391280.0000,410.0000,electricity-generation
39.94201,116.12580,2,0.148,2.148,0.5027,3645800.0000,3369.0000,electricity-generation
40.08710,116.19480,1,0.000,2.000,0.5027,328640.0000,266.0000,electricity-generation
39.97770,116.44630,2,4.149,6.149,54.0834,1230700.0000,1038.6000,electricity-generation
44.60245,116.70074,2,0.219,2.219,0.5027,12719000.0000,2640.0000,electricity-generation
22.07500,113.25500,1,0.000,2.000,0.5027,823740.0000,930.0000,electricity-generation
40.28260,116.59260,1,0.000,2.000,0.5027,0.0000,12.0000,electricity-generation
40.36030,116.94440,1,0.000,2.000,0.5027,0.0000,12.0000,electricity-generation
39.78129,116.50229,2,6.359,8.359,127.0314,179580.0000,175.0000,electricity-generation
40.13000,116.87150,1,0.000,2.000,0.5027,0.0000,30.0000,electricity-generation
39.66210,116.75700,1,0.000,2.000,0.5027,0.0000,50.0000,electricity-generation
29.93467,121.84160,6,10.402,12.402,339.9423,35145375.7232,555726.8548,electricity-generation
47.28990,87.72930,1,0.000,2.000,0.5027,1056690.0000,270.0000,electricity-generation
41.22395,123.61322,2,1.452,3.452,6.6262,4297844.5426,220901.9178,electricity-generation
41.28407,123.73085,5,9.825,11.825,303.2530,24102501.5220,1185040.6929,electricity-generation
41.34220,123.90356,5,2.571,4.571,20.7699,1093705.4284,142477.4153,lime
41.36159,123.72950,5,1.593,3.593,7.9753,1434837.7965,245231.8519,lime
41.36152,123.80674,5,11.834,13.834,439.9534,1321043.1576,247797.2423,lime
27.26541,105.34892,3,4.209,6.209,55.6485,2116077.7764,206638.8609,cement
35.13660,107.93140,1,0.000,2.000,0.5027,5347500.0000,1260.0000,electricity-generation
37.34490,117.89130,2,0.369,2.369,0.5027,6562300.0000,1320.0000,electricity-generation
38.07805,118.06489,3,0.730,2.730,1.6726,16862894.8000,511189.0411,electricity-generation
44.86743,82.10827,2,3.880,5.880,47.3042,1319722.2854,35279.1959,electricity-generation
39.30100,109.96860,1,0.000,2.000,0.5027,5233500.0000,1320.0000,electricity-generation
38.36160,117.62450,1,0.000,2.000,0.5027,2670800.0000,700.0000,electricity-generation
38.29995,117.84828,3,3.733,5.733,43.7835,23533211.8601,639626.3014,electricity-generation
38.35387,116.84301,3,8.585,10.585,231.5452,4711466.6244,170675.0000,electricity-generation
38.32880,117.06850,1,0.000,2.000,0.5027,2774800.0000,700.0000,electricity-generation
38.96791,118.49598,3,3.219,5.219,32.5508,33721075.2248,1167304.6438,electricity-generation
22.49490,107.55550,1,0.000,2.000,0.5027,5560100.0000,1320.0000,electricity-generation
36.74381,118.06684,8,9.613,11.613,290.2932,8873162.0661,865321.1335,electricity-generation
36.78678,118.02005,2,6.564,8.564,135.3449,6525430.0000,340016.0274,electricity-generation
36.88610,118.13550,2,0.907,2.907,2.5832,296180.0000,50.0000,electricity-generation
36.89736,118.10032,3,1.406,3.406,6.2148,1438819.1292,239580.0000,oil-and-gas-refining
36.76224,118.22195,8,8.967,10.967,252.5931,2846577.2413,363457.4264,oil-and-gas-refining
36.78563,118.24791,4,3.100,5.100,30.1925,6757040.7195,261025.0000,electricity-generation
36.85319,118.19360,3,4.265,6.265,57.1523,246903.2907,11620.8433,electricity-generation
43.88339,125.39183,2,3.354,5.354,35.3447,5001112.2854,36299.1959,electricity-generation
43.77810,125.14310,1,0.000,2.000,0.5027,3344800.0000,760.0000,electricity-generation
43.65100,125.56930,1,0.000,2.000,0.5027,2894300.0000,700.0000,electricity-generation
28.93760,111.73690,2,3.483,5.483,38.1148,4733400.0000,1344.0000,electricity-generation
44.14190,88.01640,1,0.000,2.000,0.5027,1115400.0000,270.0000,electricity-generation
36.72652,118.86655,2,3.938,5.938,48.7090,1108980.6080,85051.5068,electricity-generation
45.31700,124.48930,1,0.000,2.000,0.5027,3617800.0000,660.0000,electricity-generation
28.48960,112.79780,1,0.000,2.000,0.5027,4481000.0000,1200.0000,electricity-generation
29.79258,107.02966,6,7.402,9.402,172.1432,13104462.2421,958369.8493,electricity-generation
31.75627,120.97540,5,4.640,6.640,67.6245,27243290.0000,5633.0000,electricity-generation
24.60580,117.76650,1,0.000,2.000,0.5027,538290.0000,90.0000,electricity-generation
39.56089,121.24950,3,1.545,3.545,7.5007,9629755.8547,528547.3973,electricity-generation
36.17456,112.97824,2,3.640,5.640,41.6164,10633000.0000,1980.0000,electricity-generation
36.33269,113.09193,10,5.682,7.682,101.4148,30777202.4944,748914.1122,lime
36.48929,112.94947,3,3.350,5.350,35.2631,3802331.4720,49719.6822,electricity-generation
36.49937,113.00158,2,11.866,13.866,442.3432,131041.9121,17070.8789,electricity-generation
36.44760,113.12559,4,7.438,9.438,173.8088,1067802.2874,90374.9748,lime
36.34351,113.19110,16,10.321,12.321,334.6622,13522914.3152,975585.1814,lime
36.36530,112.85060,1,0.000,2.000,0.5027,1767300.0000,270.0000,electricity-generation
31.95830,119.99250,2,2.527,4.527,20.0619,5396000.0000,1296.0000,electricity-generation
31.71141,120.06773,5,7.985,9.985,200.3026,7834342.6218,316678.5753,electricity-generation
31.65199,117.82925,2,4.034,6.034,51.1225,6520288.1670,263171.8310,electricity-generation
41.61430,120.42460,1,0.000,2.000,0.5027,3849000.0000,700.0000,electricity-generation
23.56650,117.09720,1,0.000,2.000,0.5027,14231000.0000,3260.0000,electricity-generation
23.66170,116.80290,2,3.108,5.108,30.3492,198350.0000,232.0000,electricity-generation
40.51587,117.60041,3,4.893,6.893,75.2083,6903858.9207,501155.8904,electricity-generation
40.80360,118.06140,1,0.000,2.000,0.5027,3110800.0000,700.0000,electricity-generation
30.70560,104.58030,1,0.000,2.000,0.5027,5281900.0000,1200.0000,electricity-generation
30.08300,102.90000,1,0.000,2.000,0.5027,288280.0000,36.0000,electricity-generation
30.64700,104.28305,2,7.550,9.550,179.0945,192200.0000,134.0000,electricity-generation
30.66000,104.13260,1,0.000,2.000,0.5027,300570.0000,50.0000,electricity-generation
30.82200,104.23300,1,0.000,2.000,0.5027,288280.0000,36.0000,electricity-generation
38.96190,117.18560,1,0.000,2.000,0.5027,2240200.0000,1800.0000,electricity-generation
42.27986,119.02219,7,11.002,13.002,380.2763,14026233.4490,209992.1918,electricity-generation
43.58960,118.71140,1,0.000,2.000,0.5027,7061200.0000,1200.0000,electricity-generation
42.19118,118.90737,2,2.751,4.751,23.7717,1287461.6666,215826.0274,electricity-generation
42.30330,119.32420,1,0.000,2.000,0.5027,9349700.0000,1800.0000,electricity-generation
31.80029,119.86220,2,6.868,8.868,148.1959,111596.0000,123.0000,electricity-generation
40.38370,107.00380,1,0.000,2.000,0.5027,2933400.0000,660.0000,electricity-generation
27.49740,120.66320,1,0.000,2.000,0.5027,8483800.0000,2000.0000,electricity-generation
22.14994,113.14178,2,6.442,8.442,130.3561,120654.0000,210.0000,electricity-generation
22.25340,113.06670,1,0.000,2.000,0.5027,817580.0000,906.0000,electricity-generation
22.25591,113.06984,3,8.721,10.721,238.9515,1030351.0000,956.0000,electricity-generation
30.75310,117.59070,1,0.000,2.000,0.5027,6754000.0000,1960.0000,electricity-generation
31.26920,108.45690,1,0.000,2.000,0.5027,2601900.0000,600.0000,electricity-generation
29.53820,106.88060,1,0.000,2.000,0.5027,0.0000,48.0000,electricity-generation
29.67160,106.43080,1,0.000,2.000,0.5027,0.0000,24.0000,electricity-generation
30.26850,107.53730,1,0.000,2.000,0.5027,0.0000,10.0000,electricity-generation
28.96421,106.86684,5,4.085,6.085,52.4146,2004912.0868,402875.8072,cement
29.67847,107.22154,3,8.884,10.884,247.9265,5063792.4931,77248.1370,electricity-generation
30.06525,106.58083,3,7.313,9.313,168.0007,859688.9713,158154.8808,electricity-generation
29.17380,106.39680,1,0.000,2.000,0.5027,0.0000,105.0000,electricity-generation
29.91030,107.78300,1,0.000,2.000,0.5027,0.0000,30.0000,electricity-generation
31.11940,108.46910,1,0.000,2.000,0.5027,0.0000,12.0000,electricity-generation
29.03630,105.85500,2,3.529,5.529,39.1298,973450.0000,200.0000,electricity-generation
29.70710,107.30330,1,0.000,2.000,0.5027,1754330.0000,400.0000,electricity-generation
29.68090,106.88250,1,0.000,2.000,0.5027,0.0000,90.0000,electricity-generation
29.34447,106.40850,7,6.403,8.403,128.7917,19700634.8271,655169.0778,cement
29.00430,106.56880,1,0.000,2.000,0.5027,2700500.0000,660.0000,electricity-generation
28.84360,106.77371,2,0.434,2.434,0.5926,8474690.0000,1995.5000,electricity-generation
29.35060,105.50810,1,0.000,2.000,0.5027,0.0000,15.0000,electricity-generation
30.39000,108.22020,1,0.000,2.000,0.5027,2644100.0000,700.0000,electricity-generation
30.16110,106.54810,1,0.000,2.000,0.5027,7563300.0000,1920.0000,electricity-generation
30.70956,108.39326,5,6.827,8.827,146.4355,14677285.9107,435405.6849,electricity-generation
29.39330,107.94850,1,0.000,2.000,0.5027,0.0000,15.0000,electricity-generation
28.51490,109.02160,1,0.000,2.000,0.5027,0.0000,10.0000,electricity-generation
29.30090,106.01980,1,0.000,2.000,0.5027,0.0000,12.0000,electricity-generation
45.45664,119.55271,9,10.002,12.002,314.2852,52258024.7006,178907.1959,electricity-generation
43.97057,81.05297,2,4.352,6.352,59.4932,733270.6571,101967.8082,electricity-generation
43.92931,81.20253,2,3.442,5.442,37.2178,5126000.0000,985.0000,electricity-generation
28.77481,105.28432,2,0.093,2.093,0.5027,7467010.0000,2600.0000,electricity-generation
32.69090,118.87880,1,0.000,2.000,0.5027,747830.0000,900.0000,electricity-generation
33.77117,119.82771,2,1.914,3.914,11.5057,377770.0000,230.0000,electricity-generation
19.77993,109.18784,6,6.197,8.197,120.6646,7898390.7806,384330.0435,electricity-generation
25.19773,118.94612,5,8.699,10.699,237.7268,16060477.6052,410899.2872,electricity-generation
25.16683,119.03409,3,11.172,13.172,392.1113,13970062.2854,37925.1959,electricity-generation
25.29168,119.11507,2,7.604,9.604,181.6458,1923875.1873,64837.0356,electricity-generation
22.56756,114.46376,2,3.093,5.093,30.0508,1799750.0000,1598.0000,electricity-generation
22.56738,113.57205,3,7.656,9.656,184.1411,2565200.0000,2699.0000,electricity-generation
21.97108,113.18774,5,5.080,7.080,81.0732,15364064.6814,463424.0274,electricity-generation
41.87155,124.06376,9,6.167,8.167,119.4702,10541990.7813,544720.9949,electricity-generation
39.45956,106.69165,7,4.305,6.305,58.2184,9510692.1629,83448.9474,electricity-generation
45.52630,122.77540,1,0.000,2.000,0.5027,7212600.0000,1320.0000,electricity-generation
36.58430,101.49310,1,0.000,2.000,0.5027,4879900.0000,1320.0000,electricity-generation
37.94444,105.93346,8,10.359,12.359,337.1274,27069222.8793,291922.9337,electricity-generation
31.14190,114.89220,1,0.000,2.000,0.5027,9726400.0000,2600.0000,electricity-generation
24.40570,116.58780,1,0.000,2.000,0.5027,3499400.0000,1200.0000,electricity-generation
27.10060,105.56580,1,0.000,2.000,0.5027,5113500.0000,1200.0000,electricity-generation
38.96140,121.84160,1,0.000,2.000,0.5027,699050.0000,120.0000,electricity-generation
40.51970,112.66770,1,0.000,2.000,0.5027,12957200.0000,2460.0000,electricity-generation
40.36560,109.99056,4,2.634,4.634,21.8035,24870908.5472,106997.8082,electricity-generation
38.92134,121.56666,3,7.292,9.292,167.0367,1482680.0000,370.0000,electricity-generation
39.00882,121.71478,2,6.112,8.112,117.3577,13320861.8504,207200.0000,electricity-generation
39.03530,121.81520,1,0.000,2.000,0.5027,2324300.0000,700.0000,electricity-generation
39.02252,121.54879,3,6.600,8.600,136.8521,3821992.1747,136574.4110,electricity-generation
38.84140,110.44240,1,0.000,2.000,0.5027,340920.0000,57.0000,electricity-generation
42.30590,93.35190,1,0.000,2.000,0.5027,6067500.0000,1320.0000,electricity-generation
40.10630,124.31930,2,4.460,6.460,62.4880,1985500.0000,622.0000,electricity-generation
39.83780,124.14540,1,0.000,2.000,0.5027,3813800.0000,700.0000,electricity-generation
41.75660,123.63650,1,0.000,2.000,0.5027,3220300.0000,700.0000,electricity-generation
32.02911,119.57889,2,4.183,6.183,54.9770,2720491.9372,127597.2603,electricity-generation
46.31238,124.75239,2,1.431,3.431,6.4353,827101.0310,60341.0000,electricity-generation
46.55188,125.07502,2,2.433,4.433,18.5934,5395665.2331,45220.0000,electricity-generation
22.70999,114.05910,3,7.938,9.938,197.9726,1747630.0000,1620.0000,electricity-generation
34.38140,107.29360,1,0.000,2.000,0.5027,2133100.0000,660.0000,electricity-generation
37.46755,118.04233,2,4.665,6.665,68.3627,2264440.0000,730.0000,electricity-generation
38.10401,118.90174,8,6.189,8.189,120.3536,10315952.6716,511140.0000,oil-and-gas-refining
39.77147,118.27187,2,0.109,2.109,0.5027,7950700.0000,1720.0000,electricity-generation
22.90770,112.81340,1,0.000,2.000,0.5027,1060580.0000,980.0000,electricity-generation
23.15509,112.75566,2,3.933,5.933,48.6039,1709200.0000,1720.0000,electricity-generation
19.91380,110.15190,1,0.000,2.000,0.5027,829490.0000,974.0000,electricity-generation
45.71170,126.46540,1,0.000,2.000,0.5027,3409600.0000,600.0000,electricity-generation
44.15070,86.82220,1,0.000,2.000,0.5027,2767000.0000,600.0000,electricity-generation
28.62930,118.52970,1,0.000,2.000,0.5027,255370.0000,198.6000,electricity-generation
32.48140,120.09730,1,0.000,2.000,0.5027,519140.0000,490.0000,electricity-generation
31.77330,119.60920,2,4.297,6.297,58.0058,1118010.0000,1064.0000,electricity-generation
36.87576,115.77121,5,9.388,11.388,276.9060,2668812.2854,35729.1959,electricity-generation
31.68060,118.99950,1,0.000,2.000,0.5027,200480.0000,200.0000,electricity-generation
34.68161,112.37757,2,0.138,2.138,0.5027,3871840.0000,740.0000,electricity-generation
32.19481,119.24998,6,8.848,10.848,245.9195,31308983.5169,653346.0452,electricity-generation
32.35243,120.70512,2,2.729,4.729,23.3963,402512.5728,40610.6371,electricity-generation
34.68770,111.02990,2,7.008,9.008,154.2800,11207890.0000,3170.0000,electricity-generation
30.13160,120.69270,1,0.000,2.000,0.5027,480150.0000,904.0000,electricity-generation
46.68010,131.16900,1,0.000,2.000,0.5027,1513600.0000,400.0000,electricity-generation
31.01361,120.75334,3,8.358,10.358,219.4805,636384.8745,102437.8082,electricity-generation
18.91320,110.37030,1,0.000,2.000,0.5027,755840.0000,920.0000,electricity-generation
34.42915,108.90778,3,4.640,6.640,67.6292,6717900.0000,1860.0000,electricity-generation
40.48910,115.26630,1,0.000,2.000,0.5027,0.0000,0.0000,electricity-generation
43.99992,116.14151,4,3.495,5.495,38.3746,26265300.0000,5260.0000,electricity-generation
27.78419,114.91239,4,5.587,7.587,98.0644,24223144.5021,940878.2266,electricity-generation
35.82670,109.30210,1,0.000,2.000,0.5027,2941500.0000,1320.0000,electricity-generation
27.24487,113.45432,2,3.650,5.650,41.8516,5779127.8824,171123.0137,electricity-generation
40.03597,113.27541,4,5.909,7.909,109.7077,20638900.0000,4205.0000,electricity-generation
39.94257,113.10961,5,7.537,9.537,178.4840,22175453.3880,513239.0411,electricity-generation
34.76563,116.89356,2,5.838,7.838,107.0744,3557960.0000,733.0000,electricity-generation
39.03550,106.38460,1,0.000,2.000,0.5027,3411600.0000,660.0000,electricity-generation
22.75279,114.60071,7,3.906,5.906,47.9353,17557457.8902,764049.4064,electricity-generation
23.36846,106.58583,2,1.331,3.331,5.5634,4880380.0000,136590.4110,electricity-generation
34.37276,113.06606,3,7.162,9.162,161.1503,959153.2822,186867.3151,electricity-generation
34.38411,113.19996,4,6.862,8.862,147.9256,8953793.7948,452036.9863,cement
37.43427,116.38067,4,8.981,10.981,253.3746,2585301.1708,319895.7986,electricity-generation
25.19940,104.68190,1,0.000,2.000,0.5027,10394700.0000,2400.0000,electricity-generation
25.10160,104.61700,1,0.000,2.000,0.5027,4906100.0000,1200.0000,electricity-generation
35.65560,109.05000,1,0.000,2.000,0.5027,5516600.0000,1320.0000,electricity-generation
42.49420,123.56620,1,0.000,2.000,0.5027,3707600.0000,600.0000,electricity-generation
38.51220,114.84340,1,0.000,2.000,0.5027,11908700.0000,2520.0000,electricity-generation
34.79085,111.80712,8,10.443,12.443,342.6104,12353468.5129,449938.3562,electricity-generation
32.68232,110.73467,4,10.438,12.438,342.2782,2685784.3349,51673.9041,electricity-generation
32.12210,112.17100,2,6.302,8.302,124.7849,363460.0000,100.0000,electricity-generation
42.32400,125.24563,3,2.455,4.455,18.9372,6126682.5014,280548.9726,electricity-generation
22.97522,113.83338,4,7.881,9.881,195.1336,2605820.0000,2678.0000,electricity-generation
22.93835,113.58767,4,7.963,9.963,199.2198,2565290.0000,1647.0000,electricity-generation
23.05760,113.50797,4,9.710,11.710,296.2146,9098962.5729,43142.6371,electricity-generation
23.10813,113.51091,8,5.766,7.766,104.4541,9429699.7421,441573.8813,electricity-generation
22.70313,113.36990,3,7.337,9.337,169.0997,4392540.0000,2314.0000,electricity-generation
22.79239,113.49329,2,4.883,6.883,74.9154,613810.0000,200.0000,electricity-generation
22.82749,113.55009,5,7.777,9.777,189.9873,9583310.0000,3819.3000,electricity-generation
23.11710,113.70607,4,11.621,13.621,424.2533,2730920.9561,11555.4395,electricity-generation
23.16672,113.69253,3,5.489,7.489,94.6600,1901609.0000,1430.0000,electricity-generation
22.78510,113.71060,2,5.359,7.359,90.2271,2021500.0000,2484.0000,electricity-generation
35.62084,119.74222,2,3.841,5.841,46.3473,9070868.5026,354864.3836,electricity-generation
35.33752,115.14209,5,4.165,6.165,54.4904,5628645.8608,235480.2648,electricity-generation
39.83895,110.00048,2,3.393,5.393,36.1749,9407000.0000,1980.0000,electricity-generation
37.42422,118.86303,4,2.769,4.769,24.0809,3118006.2270,61074.0000,electricity-generation
37.41966,118.37180,4,1.608,3.608,8.1194,2240798.0226,197080.0000,oil-and-gas-refining
37.01169,118.52467,4,3.953,5.953,49.0996,2188501.0610,44780.0000,electricity-generation
23.81590,117.61603,5,6.700,8.700,141.0072,6642493.4394,183994.6119,electricity-generation
42.21320,116.57670,1,0.000,2.000,0.5027,1835200.0000,280.0000,electricity-generation
25.22690,107.48920,1,0.000,2.000,0.5027,1605600.0000,300.0000,electricity-generation
44.38184,84.88954,8,9.952,11.952,311.1242,11844188.4747,432710.1598,electricity-generation
26.63150,107.52757,2,1.479,3.479,6.8710,11082813.3454,193821.2603,electricity-generation
31.69540,120.46600,2,1.649,3.649,8.5403,301390.0000,836.0000,electricity-generation
49.24443,119.78813,4,10.351,12.351,336.6161,2738367.7931,142954.4453,electricity-generation
44.69632,89.10573,3,4.284,6.284,57.6627,32272200.0000,6540.0000,electricity-generation
41.77958,126.02065,5,7.817,9.817,191.9692,10513518.0435,440790.6033,electricity-generation
48.73000,119.94060,1,0.000,2.000,0.5027,6800700.0000,1200.0000,electricity-generation
21.57391,108.39946,4,5.015,7.015,79.0256,24904451.9130,886002.6712,electricity-generation
37.67530,111.24297,3,5.451,7.451,93.3598,2949352.9438,67131.3425,chemicals
43.69530,125.05880,1,0.000,2.000,0.5027,358870.0000,60.0000,electricity-generation
36.00720,116.89875,2,3.769,5.769,44.6309,459462.2854,35009.1959,electricity-generation
28.19496,115.70868,2,5.841,7.841,107.1952,24822512.2854,39739.1959,electricity-generation
31.11880,109.44730,1,0.000,2.000,0.5027,5043100.0000,1200.0000,electricity-generation
39.81326,118.08295,3,7.188,9.188,162.3315,2311121.5697,72791.7808,electricity-generation
35.24776,113.35934,5,10.674,12.674,357.9132,10710186.7528,171996.8849,lime
35.10519,113.40345,3,9.000,11.000,254.4552,665662.5728,40736.6371,electricity-generation
35.25892,113.49613,2,4.669,6.669,68.4916,4705212.2854,36299.1959,electricity-generation
35.31667,113.38748,5,10.902,12.902,373.4098,6147198.1308,545537.5520,cement
35.33086,113.48438,4,7.558,9.558,179.4646,5838126.9610,92616.9903,lime
40.40395,113.15038,2,0.460,2.460,0.6643,9994500.0000,2000.0000,electricity-generation
40.47150,113.08710,1,0.000,2.000,0.5027,3254600.0000,600.0000,electricity-generation
27.95998,114.75158,2,7.711,9.711,186.7838,12327062.8682,28256.3184,electricity-generation
23.03830,113.04770,2,7.289,9.289,166.8941,605330.0000,480.0000,electricity-generation
35.86170,109.21460,1,0.000,2.000,0.5027,8161600.0000,2000.0000,electricity-generation
27.18872,120.36263,2,5.233,7.233,86.0141,383922.3266,146636.7808,electricity-generation
39.22260,110.40660,1,0.000,2.000,0.5027,3707600.0000,600.0000,electricity-generation
39.20830,110.78500,1,0.000,2.000,0.5027,9990900.0000,2520.0000,electricity-generation
25.04560,118.22220,1,0.000,2.000,0.5027,0.0000,24.0000,electricity-generation
27.27670,120.17190,1,0.000,2.000,0.5027,0.0000,12.0000,electricity-generation
25.67880,119.36710,1,0.000,2.000,0.5027,0.0000,18.0000,electricity-generation
25.98954,119.48082,4,4.526,6.526,64.3477,8770382.3344,341776.0274,electricity-generation
26.17370,119.29800,1,0.000,2.000,0.5027,0.0000,25.0000,electricity-generation
25.74137,119.59086,2,0.374,2.374,0.5027,9498979.8692,435663.7671,electricity-generation
24.72730,118.74970,1,0.000,2.000,0.5027,12606600.0000,3200.0000,electricity-generation
24.63471,117.60502,3,3.072,5.072,29.6502,7410832.9204,526383.6164,electricity-generation
24.90220,118.82112,3,5.706,7.706,102.2808,2083989.0175,18210.8852,electricity-generation
24.77810,118.52880,1,0.000,2.000,0.5027,0.0000,40.0000,electricity-generation
24.57268,118.65049,2,5.120,7.120,82.3495,1846370.0000,1620.0000,electricity-generation
26.28370,119.49230,1,0.000,2.000,0.5027,0.0000,19.5000,electricity-generation
24.48900,117.86290,1,0.000,2.000,0.5027,0.0000,40.0000,electricity-generation
25.07968,117.10057,6,9.442,11.442,280.0733,2342603.3222,505531.6593,cement
26.48783,119.65832,5,4.086,6.086,52.4458,11070944.8145,614176.7945,iron-and-steel
26.16890,119.01650,1,0.000,2.000,0.5027,0.0000,15.0000,electricity-generation
24.93265,118.38989,2,0.371,2.371,0.5027,0.0000,65.0000,electricity-generation
27.26500,118.11170,1,0.000,2.000,0.5027,0.0000,21.0000,electricity-generation
24.50080,117.47970,1,0.000,2.000,0.5027,0.0000,12.0000,electricity-generation
27.90740,118.55130,1,0.000,2.000,0.5027,0.0000,30.0000,electricity-generation
25.23942,118.02626,3,1.515,3.515,7.2115,3854939.0411,386850.8872,electricity-generation
26.20010,117.50220,1,0.000,2.000,0.5027,0.0000,12.0000,electricity-generation
26.26092,117.61242,2,0.440,2.440,0.6073,11659000.2876,577689.3151,electricity-generation
25.04180,116.44940,1,0.000,2.000,0.5027,0.0000,12.0000,electricity-generation
27.38670,117.46080,1,0.000,2.000,0.5027,5252300.0000,1320.0000,electricity-generation
24.72410,118.27670,1,0.000,2.000,0.5027,0.0000,98.0000,electricity-generation
25.41280,118.64370,1,0.000,2.000,0.5027,0.0000,12.0000,electricity-generation
25.90080,117.39750,1,0.000,2.000,0.5027,0.0000,12.0000,electricity-generation
25.30200,118.29720,1,0.000,2.000,0.5027,0.0000,10.0000,electricity-generation
25.87920,119.15310,1,0.000,2.000,0.5027,0.0000,15.0000,electricity-generation
24.07440,117.70280,1,0.000,2.000,0.5027,0.0000,15.0000,electricity-generation
24.46910,117.74170,1,0.000,2.000,0.5027,0.0000,40.0000,electricity-generation
23.86360,117.38920,1,0.000,2.000,0.5027,0.0000,24.0000,electricity-generation
47.17208,123.59093,3,3.182,5.182,31.8036,11531376.0425,254803.1685,electricity-generation
34.71930,109.22280,1,0.000,2.000,0.5027,1945100.0000,700.0000,electricity-generation
33.36589,118.96801,4,6.762,8.762,143.6328,2779775.7208,64995.0740,electricity-generation
41.84574,123.81894,6,10.582,12.582,351.8021,9299913.5994,368019.1781,electricity-generation
42.05380,121.82730,1,0.000,2.000,0.5027,600890.0000,100.0000,electricity-generation
41.78420,121.43020,1,0.000,2.000,0.5027,2112200.0000,600.0000,electricity-generation
41.99780,121.66350,1,0.000,2.000,0.5027,3376100.0000,1100.0000,electricity-generation
28.66688,104.68989,3,4.977,6.977,77.8324,5037150.8672,11402.9344,electricity-generation
32.82268,116.09479,3,0.505,2.505,0.8015,3175524.3333,85111.5068,chemicals
33.00440,115.84530,1,0.000,2.000,0.5027,9514300.0000,2600.0000,electricity-generation
25.43850,119.33960,1,0.000,2.000,0.5027,5658900.0000,1200.0000,electricity-generation
26.38267,119.76766,3,3.212,5.212,32.4212,30545500.0000,7720.0000,electricity-generation
27.78450,116.56440,1,0.000,2.000,0.5027,7862400.0000,2000.0000,electricity-generation
34.75489,105.10122,2,0.718,2.718,1.6196,3749562.8682,26266.3184,electricity-generation
44.12906,87.78549,4,3.957,5.957,49.1820,7719420.0000,1600.0000,electricity-generation
40.20810,97.35900,1,0.000,2.000,0.5027,961320.0000,600.0000,electricity-generation
36.54310,104.20589,5,9.555,11.555,286.8437,3880114.3745,260759.6890,electricity-generation
35.27950,106.91940,1,0.000,2.000,0.5027,5323200.0000,1320.0000,electricity-generation
36.14840,103.79330,1,0.000,2.000,0.5027,0.0000,76.0000,electricity-generation
35.19510,106.56860,1,0.000,2.000,0.5027,1694000.0000,290.0000,electricity-generation
39.67683,98.50194,3,5.564,7.564,97.2537,3230912.2854,35651.1959,electricity-generation
35.62500,103.27010,1,0.000,2.000,0.5027,0.0000,15.0000,electricity-generation
33.46430,104.94980,1,0.000,2.000,0.5027,0.0000,12.0000,electricity-generation
35.12470,104.74090,1,0.000,2.000,0.5027,0.0000,20.0000,electricity-generation
35.49365,106.75834,7,7.571,9.571,180.0987,16946030.1297,897092.4204,lime
35.58060,107.60140,1,0.000,2.000,0.5027,0.0000,24.0000,electricity-generation
34.54480,106.00280,1,0.000,2.000,0.5027,0.0000,30.0000,electricity-generation
37.96260,102.77290,1,0.000,2.000,0.5027,0.0000,18.0000,electricity-generation
36.10772,103.63944,6,4.923,6.923,76.1449,11471765.8568,350817.7169,electricity-generation
39.07120,100.46290,2,3.455,5.455,37.5068,7672700.0000,2662.0000,electricity-generation
35.26840,107.97560,1,0.000,2.000,0.5027,3142100.0000,1000.0000,electricity-generation
35.17860,106.00430,1,0.000,2.000,0.5027,0.0000,10.0000,electricity-generation
36.80505,116.22849,6,9.401,11.401,277.6417,1292510.0000,29816.0274,electricity-generation
31.36000,118.91110,1,0.000,2.000,0.5027,195320.0000,200.0000,electricity-generation
21.82510,110.83640,2,0.473,2.473,0.7025,152280.0000,175.0000,electricity-generation
23.21250,113.57260,1,0.000,2.000,0.5027,515340.0000,360.0000,electricity-generation
31.41279,120.92140,3,4.189,6.189,55.1164,2001790.0000,462.0700,electricity-generation
31.88051,118.83695,2,0.193,2.193,0.5027,931970.0000,800.0000,electricity-generation
21.71741,108.62922,6,6.760,8.760,143.5729,22618394.4045,205280.0000,electricity-generation
31.36151,120.65338,2,3.290,5.290,34.0133,942906.5028,19794.7068,electricity-generation
31.58090,120.41730,1,0.000,2.000,0.5027,529160.0000,390.0000,electricity-generation
30.82908,113.98722,2,0.479,2.479,0.7217,747112.5728,40706.6371,electricity-generation
36.38939,94.94205,2,3.758,5.758,44.3593,640682.2854,35379.1959,electricity-generation
28.27130,104.66900,1,0.000,2.000,0.5027,5011800.0000,1200.0000,electricity-generation
34.76884,113.07861,5,8.544,10.544,229.3317,11157724.6955,25151.5068,aluminum
39.41340,112.39030,1,0.000,2.000,0.5027,1721500.0000,270.0000,electricity-generation
38.92856,117.72432,4,1.606,3.606,8.1076,2792426.3976,148576.7260,electricity-generation
30.52171,106.83388,3,8.832,10.832,245.0416,12894193.4439,340427.3973,cement
23.40399,116.56737,3,9.471,11.471,281.8289,3130785.6215,212433.7671,electricity-generation
23.64640,113.50300,1,0.000,2.000,0.5027,708600.0000,124.0000,electricity-generation
23.04270,113.93180,1,0.000,2.000,0.5027,0.0000,116.0000,electricity-generation
22.89810,113.67630,1,0.000,2.000,0.5027,0.0000,54.0000,electricity-generation
24.13120,114.84290,1,0.000,2.000,0.5027,0.0000,15.0000,electricity-generation
23.15900,113.03520,1,0.000,2.000,0.5027,0.0000,95.0000,electricity-generation
22.80050,112.68100,1,0.000,2.000,0.5027,0.0000,70.0000,electricity-generation
23.40500,112.85250,1,0.000,2.000,0.5027,0.0000,50.0000,electricity-generation
23.28680,113.50630,1,0.000,2.000,0.5027,0.0000,250.0000,electricity-generation
24.16000,115.57000,1,0.000,2.000,0.5027,120129.0000,15.0000,electricity-generation
22.67160,112.89960,1,0.000,2.000,0.5027,0.0000,18.0000,electricity-generation
23.71459,114.68285,3,11.591,13.591,422.1117,97975.6026,61180.6849,iron-and-steel
23.36067,113.09502,3,8.244,10.244,213.4889,1953756.8923,193744.5205,electricity-generation
21.75460,110.60190,1,0.000,2.000,0.5027,0.0000,12.0000,electricity-generation
22.89510,114.74520,1,0.000,2.000,0.5027,0.0000,30.0000,electricity-generation
23.00480,116.54720,1,0.000,2.000,0.5027,11407800.0000,3200.0000,electricity-generation
23.07930,114.22460,1,0.000,2.000,0.5027,0.0000,30.0000,electricity-generation
22.60650,114.74190,1,0.000,2.000,0.5027,7725200.0000,2000.0000,electricity-generation
22.69369,112.99660,2,4.148,6.148,54.0471,295010.0000,275.0000,electricity-generation
23.39360,115.85900,1,0.000,2.000,0.5027,0.0000,15.0000,electricity-generation
23.61551,116.42482,2,7.782,9.782,190.2439,198350.0000,265.0000,electricity-generation
22.37552,112.44834,2,5.560,7.560,97.1292,7862.5147,1051.2527,electricity-generation
25.07450,113.35410,1,0.000,2.000,0.5027,0.0000,12.0000,electricity-generation
20.92450,110.01510,1,0.000,2.000,0.5027,0.0000,25.0000,electricity-generation
23.26950,113.33830,1,0.000,2.000,0.5027,176190.0000,22.0000,electricity-generation
23.61078,114.20404,2,7.285,9.285,166.7479,1763228.1037,554304.8342,electricity-generation
22.88790,115.93030,1,0.000,2.000,0.5027,0.0000,30.0000,electricity-generation
21.67795,110.88147,6,6.713,8.713,141.5890,11722785.5120,709595.2050,electricity-generation
24.29990,116.17900,1,0.000,2.000,0.5027,0.0000,18.0000,electricity-generation
23.84020,113.33160,1,0.000,2.000,0.5027,0.0000,50.0000,electricity-generation
23.70590,117.01850,1,0.000,2.000,0.5027,0.0000,12.0000,electricity-generation
23.17410,116.39850,1,0.000,2.000,0.5027,0.0000,40.0000,electricity-generation
23.30550,116.49690,1,0.000,2.000,0.5027,0.0000,60.0000,electricity-generation
23.54330,116.78860,1,0.000,2.000,0.5027,0.0000,41.5000,electricity-generation
22.97210,115.50030,1,0.000,2.000,0.5027,0.0000,45.0000,electricity-generation
24.58520,113.58230,1,0.000,2.000,0.5027,7278500.0000,1860.0000,electricity-generation
22.83060,113.84400,1,0.000,2.000,0.5027,192200.0000,223.0000,electricity-generation
22.74930,114.31890,1,0.000,2.000,0.5027,0.0000,180.0000,electricity-generation
22.78670,113.07670,1,0.000,2.000,0.5027,0.0000,70.0000,electricity-generation
23.44820,112.66500,1,0.000,2.000,0.5027,0.0000,30.0000,electricity-generation
22.21440,112.74880,1,0.000,2.000,0.5027,0.0000,25.0000,electricity-generation
24.30620,113.91040,1,0.000,2.000,0.5027,0.0000,120.0000,electricity-generation
21.41610,110.81270,1,0.000,2.000,0.5027,0.0000,25.0000,electricity-generation
23.74320,115.66570,1,0.000,2.000,0.5027,0.0000,18.0000,electricity-generation
23.12200,112.27940,1,0.000,2.000,0.5027,5675700.0000,1320.0000,electricity-generation
24.13560,114.31770,1,0.000,2.000,0.5027,0.0000,180.0000,electricity-generation
24.11220,115.66220,1,0.000,2.000,0.5027,0.0000,18.0000,electricity-generation
24.28300,115.70570,1,0.000,2.000,0.5027,0.0000,0.0000,electricity-generation
20.28250,110.12970,1,0.000,2.000,0.5027,0.0000,18.0000,electricity-generation
21.85870,111.79290,1,0.000,2.000,0.5027,0.0000,35.0000,electricity-generation
21.05271,110.17273,2,5.940,7.940,110.8308,258962.5728,40826.6371,electricity-generation
21.34140,110.23140,1,0.000,2.000,0.5027,0.0000,100.0000,electricity-generation
23.30263,112.84674,2,6.418,8.418,129.3909,5007870.0000,2500.0000,electricity-generation
23.29990,112.32660,1,0.000,2.000,0.5027,0.0000,45.0000,electricity-generation
22.36080,113.32480,1,0.000,2.000,0.5027,0.0000,94.0000,electricity-generation
21.76567,109.04458,2,1.328,3.328,5.5380,0.0000,55.0000,electricity-generation
22.77033,110.43273,4,5.284,7.284,87.7134,1329878.8804,357772.9219,electricity-generation
22.13710,109.87820,1,0.000,2.000,0.5027,0.0000,15.0000,electricity-generation
23.39879,111.13765,2,4.310,6.310,58.3612,6696936.3483,408031.2329,electricity-generation
22.29160,107.16750,1,0.000,2.000,0.5027,0.0000,12.0000,electricity-generation
22.41140,107.46250,2,1.798,3.798,10.1586,0.0000,60.0000,electricity-generation
21.68288,108.40960,3,6.693,8.693,140.7404,13011624.4242,831560.9315,electricity-generation
22.65898,107.90125,2,3.040,5.040,29.0334,1953140.5777,356742.3288,electricity-generation
22.47480,108.00270,1,0.000,2.000,0.5027,0.0000,20.0000,electricity-generation
22.54290,107.81060,1,0.000,2.000,0.5027,0.0000,40.0000,electricity-generation
23.10125,109.61542,4,2.557,4.557,20.5434,2531847.2080,391630.7069,iron-and-steel
23.15176,109.37076,18,10.548,12.548,349.5455,7556479.8130,1294222.7631,lime
23.11190,109.76580,2,7.295,9.295,167.2061,4821200.0000,1230.0000,electricity-generation
25.31350,110.11880,1,0.000,2.000,0.5027,0.0000,35.0000,electricity-generation
23.26840,109.96200,1,0.000,2.000,0.5027,0.0000,15.0000,electricity-generation
24.67470,108.37740,1,0.000,2.000,0.5027,0.0000,12.0000,electricity-generation
22.79161,108.93829,3,6.384,8.384,128.0192,5323790.0000,1475.0000,electricity-generation
23.98983,111.91681,3,0.760,2.760,1.8159,308680.0200,156774.3767,electricity-generation
23.33604,107.50032,4,1.135,3.135,4.0492,8618129.2320,211802.1370,electricity-generation
24.83850,108.22050,1,0.000,2.000,0.5027,0.0000,25.0000,electricity-generation
23.05540,106.39400,1,0.000,2.000,0.5027,0.0000,15.0000,electricity-generation
23.54180,108.93690,1,0.000,2.000,0.5027,0.0000,30.0000,electricity-generation
22.43922,109.28067,3,4.046,6.046,51.4158,537024.5708,69988.3917,lime
24.38302,109.38563,5,6.752,8.752,143.2268,15374604.7088,1264330.9223,electricity-generation
24.22146,109.47450,3,6.602,8.602,136.9139,0.0000,60.0000,aluminum
23.07180,107.89380,1,0.000,2.000,0.5027,0.0000,30.0000,electricity-generation
24.44929,109.69069,2,2.885,4.885,26.1423,2566277.6975,131226.3158,electricity-generation
23.03656,108.08242,2,0.860,2.860,2.3262,1371585.1334,248909.3151,electricity-generation
22.98110,108.64590,1,0.000,2.000,0.5027,0.0000,36.0000,electricity-generation
22.16410,107.06850,1,0.000,2.000,0.5027,0.0000,30.0000,electricity-generation
23.48760,110.34640,1,0.000,2.000,0.5027,0.0000,12.0000,electricity-generation
22.25470,109.57310,1,0.000,2.000,0.5027,0.0000,12.0000,electricity-generation
21.87820,108.65320,1,0.000,2.000,0.5027,0.0000,18.0000,electricity-generation
22.13280,108.43120,1,0.000,2.000,0.5027,0.0000,40.0000,electricity-generation
23.67210,109.54100,1,0.000,2.000,0.5027,946240.0000,150.0000,electricity-generation
23.37570,110.91930,1,0.000,2.000,0.5027,0.0000,30.0000,electricity-generation
23.28760,110.94490,2,0.766,2.766,1.8454,811370.0000,260.0000,electricity-generation
23.27790,111.21490,1,0.000,2.000,0.5027,0.0000,30.0000,electricity-generation
23.82381,109.51320,2,4.342,6.342,59.2298,254620.0000,90.0000,electricity-generation
24.76600,110.61400,1,0.000,2.000,0.5027,0.0000,30.0000,electricity-generation
24.52530,108.56240,1,0.000,2.000,0.5027,0.0000,40.0000,electricity-generation
22.66760,110.01790,1,0.000,2.000,0.5027,0.0000,30.0000,electricity-generation
23.07270,113.26250,1,0.000,2.000,0.5027,315410.0000,50.0000,electricity-generation
23.13868,113.18568,3,3.966,5.966,49.4160,537024.5708,69958.3917,lime
23.02029,113.38768,2,4.290,6.290,57.8139,240660.0000,186.0000,electricity-generation
23.35380,113.36990,1,0.000,2.000,0.5027,300570.0000,50.0000,electricity-generation
40.65400,96.50270,1,0.000,2.000,0.5027,26488000.0000,6000.0000,electricity-generation
24.03290,111.64830,1,0.000,2.000,0.5027,3569300.0000,700.0000,electricity-generation
28.28910,117.22350,1,0.000,2.000,0.5027,8596200.0000,1880.0000,electricity-generation
27.32660,106.08440,1,0.000,2.000,0.5027,0.0000,15.0000,electricity-generation
26.34438,105.88520,4,6.590,8.590,136.4208,870978.6073,170978.1844,lime
27.34040,105.46410,1,0.000,2.000,0.5027,0.0000,20.0000,electricity-generation
28.58988,105.72486,3,3.915,5.915,48.1486,258962.5728,40656.6371,electricity-generation
25.83710,109.05780,1,0.000,2.000,0.5027,0.0000,30.0000,electricity-generation
27.29573,109.01456,2,1.609,3.609,8.1297,2644760.4780,4867.7197,electricity-generation
26.32590,104.77060,1,0.000,2.000,0.5027,9922800.0000,2400.0000,electricity-generation
26.34952,106.62983,2,2.657,4.657,22.1856,519455.9603,101966.8082,electricity-generation
26.72390,106.59380,1,0.000,2.000,0.5027,0.0000,60.0000,electricity-generation
27.66280,106.45650,1,0.000,2.000,0.5027,0.0000,24.0000,electricity-generation
26.67900,104.80500,2,4.177,6.177,54.8009,3359800.0000,625.0000,electricity-generation
25.62322,106.63376,2,6.869,8.869,148.2147,45864.6692,5989.8076,electricity-generation
25.82920,104.53550,1,0.000,2.000,0.5027,0.0000,22.0000,electricity-generation
26.66394,106.35731,5,5.697,7.697,101.9605,3972825.8100,742675.8470,cement
26.92060,108.64200,1,0.000,2.000,0.5027,0.0000,15.0000,electricity-generation
28.16640,109.20640,2,0.761,2.761,1.8199,0.0000,45.0000,electricity-generation
27.71822,109.13552,2,0.228,2.228,0.5027,1368457.0582,373710.6301,electricity-generation
26.97290,104.25150,1,0.000,2.000,0.5027,0.0000,15.0000,electricity-generation
25.18888,105.03294,6,9.470,11.470,281.7663,3602860.8186,240388.1274,electricity-generation
25.45535,105.52186,4,10.908,12.908,373.8333,537024.5708,69970.3917,lime
26.83280,105.81890,2,5.724,7.724,102.9214,5883800.0000,1332.0000,electricity-generation
37.89433,112.09074,2,4.106,6.106,52.9534,18302910.0000,3170.0000,electricity-generation
34.49640,107.21920,1,0.000,2.000,0.5027,13197100.0000,2520.0000,electricity-generation
39.00982,117.46174,4,6.433,8.433,130.0246,11960991.5758,638786.3014,electricity-generation
39.02444,117.50285,2,5.916,7.916,109.9614,7746741.3061,564914.5205,electricity-generation
38.96036,117.58144,2,6.928,8.928,150.7960,1178368.0000,956.0000,electricity-generation
44.00820,125.30480,1,0.000,2.000,0.5027,2626800.0000,700.0000,electricity-generation
42.32020,93.19140,1,0.000,2.000,0.5027,5320800.0000,1320.0000,electricity-generation
35.31262,117.90165,3,2.836,4.836,25.2623,6363633.3411,425969.5342,electricity-generation
29.74082,116.04101,3,2.443,4.443,18.7574,7349859.2293,161460.0000,electricity-generation
41.73996,82.88990,2,3.718,5.718,43.4341,2745281.5641,43065.7534,electricity-generation
39.47870,116.76880,2,7.062,9.062,156.6741,2187700.0000,724.0000,electricity-generation
36.48170,115.84724,5,5.830,7.830,106.7611,14973217.5664,93909.6548,electricity-generation
30.86010,120.34670,1,0.000,2.000,0.5027,307580.0000,243.0000,electricity-generation
37.72319,120.48987,8,10.878,12.878,371.7306,20202386.4333,585641.6350,electricity-generation
36.07640,117.13690,1,0.000,2.000,0.5027,2171100.0000,700.0000,electricity-generation
22.65172,113.49541,2,3.370,5.370,35.6833,1145880.8836,61993.1641,electricity-generation
39.56892,111.36724,3,4.040,6.040,51.2710,17027300.0000,3960.0000,electricity-generation
37.26970,118.90670,1,0.000,2.000,0.5027,7317400.0000,2000.0000,electricity-generation
31.58843,121.25498,3,0.554,2.554,0.9643,15313600.0000,3150.0000,electricity-generation
34.37408,117.21827,9,11.069,13.069,384.9259,30312612.2854,42653.1959,electricity-generation
30.06553,121.12370,2,1.947,3.947,11.9068,1245792.0000,170653.0137,electricity-generation
30.10400,122.18480,1,0.000,2.000,0.5027,3468200.0000,650.0000,electricity-generation
38.34117,106.73960,3,4.691,6.691,69.1307,24086941.9121,23070.8789,electricity-generation
31.64010,113.52200,1,0.000,2.000,0.5027,4870300.0000,1320.0000,electricity-generation
29.61300,112.75460,1,0.000,2.000,0.5027,8308900.0000,2000.0000,electricity-generation
32.83776,119.42963,3,9.090,11.090,259.5876,4210326.1493,204115.6164,electricity-generation
33.46380,119.15950,1,0.000,2.000,0.5027,831290.0000,1320.0000,electricity-generation
32.03050,120.38310,1,0.000,2.000,0.5027,4968200.0000,1320.0000,electricity-generation
33.40060,120.11710,1,0.000,2.000,0.5027,0.0000,0.0000,electricity-generation
32.26773,119.41922,2,0.804,2.804,2.0320,11118870.0000,2582.0000,electricity-generation
32.30170,119.18640,1,0.000,2.000,0.5027,480900.0000,334.0000,electricity-generation
40.96455,110.08679,2,0.836,2.836,2.1948,4093296.9528,157331.5789,electricity-generation
39.30082,106.80829,7,6.896,8.896,149.3861,18628692.4167,232815.0685,electricity-generation
39.37662,106.96525,7,9.552,11.552,286.6499,16290472.4346,309824.7186,electricity-generation
28.71600,105.13990,1,0.000,2.000,0.5027,996990.0000,165.0000,electricity-generation
49.59210,117.40900,1,0.000,2.000,0.5027,1650200.0000,424.0000,electricity-generation
23.18506,116.65184,2,2.533,4.533,20.1599,21856800.0000,5504.0000,electricity-generation
19.23594,108.97981,3,4.561,6.561,65.3514,2122135.0067,552089.7945,cement
19.66140,109.53000,1,0.000,2.000,0.5027,0.0000,37.0000,electricity-generation
19.10910,108.75370,1,0.000,2.000,0.5027,0.0000,18.0000,electricity-generation
19.05099,108.63715,3,3.604,5.604,40.8007,7327198.5499,76379.1959,electricity-generation
19.96000,110.03190,2,4.882,6.882,74.8833,3610900.0000,748.0000,electricity-generation
19.81940,109.63160,1,0.000,2.000,0.5027,0.0000,30.0000,electricity-generation
19.56853,110.76468,2,0.030,2.030,0.5027,806700.0000,334.1000,electricity-generation
18.42330,109.30400,1,0.000,2.000,0.5027,0.0000,30.0000,electricity-generation
18.53750,108.68270,1,0.000,2.000,0.5027,2219700.0000,700.0000,electricity-generation
44.53790,92.92600,1,0.000,2.000,0.5027,16620000.0000,4000.0000,electricity-generation
43.69283,94.99246,2,1.601,3.601,8.0574,1386010.0000,490.0000,electricity-generation
35.62061,110.60511,13,8.313,10.313,217.1051,37290249.5120,1317435.2084,lime
35.67703,110.73151,13,9.137,11.137,262.2681,8583204.4839,418730.8001,lime
30.65660,113.91730,2,6.484,8.484,132.0870,13132100.0000,3382.0000,electricity-generation
36.62778,114.47970,4,4.615,6.615,66.8978,1369121.9121,17834.8789,electricity-generation
36.57020,114.65090,2,1.594,3.594,7.9790,2647400.0000,718.0000,electricity-generation
36.46732,114.15520,6,10.418,12.418,341.0021,7275342.4181,134327.2736,lime
36.60204,114.07417,5,7.577,9.577,180.3655,5334269.4059,404600.4057,lime
36.63320,114.00461,5,10.767,12.767,364.1936,5037788.7299,358293.4994,iron-and-steel
36.62779,114.14716,5,5.838,7.838,107.0678,4558743.0295,352245.5505,lime
36.57326,114.24941,15,7.667,9.667,184.6852,5541437.7723,590144.3041,lime
36.70565,113.87147,9,5.928,7.928,110.4138,7175030.4967,763631.3377,lime
36.73495,113.95398,9,11.229,13.229,396.1152,9511505.6171,740762.0739,lime
36.73226,114.13470,18,10.705,12.705,360.0025,26947693.7490,1960509.2792,iron-and-steel
25.28210,117.15590,1,0.000,2.000,0.5027,2548900.0000,600.0000,electricity-generation
39.92000,109.11550,1,0.000,2.000,0.5027,3550600.0000,660.0000,electricity-generation
30.35722,120.14026,3,6.094,8.094,116.6738,2710660.0000,2592.0000,electricity-generation
30.47080,114.20350,1,0.000,2.000,0.5027,686840.0000,354.0000,electricity-generation
45.71010,126.69490,1,0.000,2.000,0.5027,3959900.0000,950.0000,electricity-generation
45.96630,126.66370,1,0.000,2.000,0.5027,7838900.0000,1640.0000,electricity-generation
45.54530,126.65820,1,0.000,2.000,0.5027,3354900.0000,700.0000,electricity-generation
39.24018,118.99434,6,9.659,11.659,293.1077,13292624.0357,414117.2603,electricity-generation
39.27568,119.04655,5,2.603,4.603,21.2791,21069116.6393,1244481.5753,iron-and-steel
39.74745,118.68532,6,11.436,13.436,410.8420,11511572.3615,796103.5657,electricity-generation
39.67209,118.88708,3,3.335,5.335,34.9491,15003582.6941,896277.3973,iron-and-steel
39.76718,118.86867,2,4.358,6.358,59.6789,386450.0063,50342.9869,lime
38.23682,115.59118,2,2.571,4.571,20.7737,0.0000,48.0000,electricity-generation
38.83290,115.62470,1,0.000,2.000,0.5027,0.0000,49.0000,electricity-generation
39.68420,119.13730,1,0.000,2.000,0.5027,0.0000,30.0000,electricity-generation
36.44370,114.68660,1,0.000,2.000,0.5027,0.0000,30.0000,electricity-generation
40.87810,117.98950,1,0.000,2.000,0.5027,0.0000,24.0000,electricity-generation
36.30010,114.29620,1,0.000,2.000,0.5027,0.0000,18.0000,electricity-generation
38.79870,116.64430,1,0.000,2.000,0.5027,0.0000,60.0000,electricity-generation
36.24200,115.20680,1,0.000,2.000,0.5027,0.0000,12.0000,electricity-generation
38.38610,114.92590,1,0.000,2.000,0.5027,0.0000,12.0000,electricity-generation
37.96090,116.80690,1,0.000,2.000,0.5027,0.0000,35.0000,electricity-generation
38.83490,114.38070,1,0.000,2.000,0.5027,0.0000,12.0000,electricity-generation
39.33920,116.27690,1,0.000,2.000,0.5027,0.0000,25.0000,electricity-generation
37.45207,116.24158,5,3.147,5.147,31.1228,11539181.8411,257584.5205,electricity-generation
37.35430,115.90700,1,0.000,2.000,0.5027,0.0000,30.0000,electricity-generation
36.69084,114.34221,3,4.427,6.427,61.5648,537024.5708,69994.3917,lime
38.47980,116.01930,1,0.000,2.000,0.5027,0.0000,20.0000,electricity-generation
37.50740,115.51180,1,0.000,2.000,0.5027,0.0000,12.0000,electricity-generation
40.40810,115.57840,1,0.000,2.000,0.5027,0.0000,20.0000,electricity-generation
38.31947,117.47976,3,4.487,6.487,63.2624,204732.7540,97274.3151,electricity-generation
40.20939,118.22166,7,1.598,3.598,8.0178,7582158.3419,465539.4419,lime
38.03910,115.08350,1,0.000,2.000,0.5027,0.0000,24.0000,electricity-generation
37.95160,115.10360,1,0.000,2.000,0.5027,0.0000,12.0000,electricity-generation
37.24350,114.91550,1,0.000,2.000,0.5027,0.0000,36.0000,electricity-generation
41.87000,114.61960,1,0.000,2.000,0.5027,0.0000,40.0000,electricity-generation
39.31680,115.70790,1,0.000,2.000,0.5027,0.0000,25.0000,electricity-generation
39.30230,118.93400,1,0.000,2.000,0.5027,0.0000,12.0000,electricity-generation
37.94674,114.51356,5,6.556,8.556,135.0487,3637612.2854,35658.6959,electricity-generation
38.39113,114.33803,2,0.447,2.447,0.6277,806234.5363,158836.9178,electricity-generation
36.86310,115.51670,1,0.000,2.000,0.5027,0.0000,30.0000,electricity-generation
38.37710,115.66530,1,0.000,2.000,0.5027,0.0000,24.0000,electricity-generation
36.59677,113.72424,3,3.001,5.001,28.2867,13039437.4736,415016.4384,electricity-generation
39.49990,118.64650,3,6.285,8.285,124.1146,317010.0000,216.0000,electricity-generation
37.36530,115.39700,1,0.000,2.000,0.5027,0.0000,30.0000,electricity-generation
37.09090,114.96750,1,0.000,2.000,0.5027,0.0000,30.0000,electricity-generation
40.05790,118.73690,2,1.877,3.877,11.0670,1222310.0000,232.0000,electricity-generation
39.94530,119.64300,2,3.645,5.645,41.7481,6354200.0000,1230.0000,electricity-generation
39.81750,119.29030,1,0.000,2.000,0.5027,0.0000,20.0000,electricity-generation
36.80950,115.08950,1,0.000,2.000,0.5027,0.0000,15.0000,electricity-generation
38.74333,116.14708,3,5.222,7.222,85.6592,4957904.4045,200723.0000,electricity-generation
39.90828,118.63032,7,11.709,13.709,430.6988,25199562.4160,1504069.9493,electricity-generation
39.96032,118.56169,7,9.383,11.383,276.5849,28492666.1030,1893690.6342,iron-and-steel
39.93500,117.02330,1,0.000,2.000,0.5027,0.0000,60.0000,electricity-generation
36.85202,114.33097,6,8.264,10.264,214.5696,8939523.1791,590058.8991,electricity-generation
37.97030,115.58310,1,0.000,2.000,0.5027,0.0000,15.0000,electricity-generation
38.81340,115.13370,1,0.000,2.000,0.5027,0.0000,24.0000,electricity-generation
38.44590,115.89510,1,0.000,2.000,0.5027,0.0000,12.0000,electricity-generation
39.15394,118.43641,7,4.432,6.432,61.7051,18545780.9775,1180772.9452,electricity-generation
39.59440,118.07340,2,5.742,7.742,103.5898,3419200.0000,730.0000,electricity-generation
39.39070,118.07620,1,0.000,2.000,0.5027,0.0000,37.0000,electricity-generation
37.98982,114.68569,3,2.030,4.030,12.9491,5643756.6244,171660.0000,electricity-generation
37.06446,115.29412,2,2.103,4.103,13.8881,0.0000,48.0000,electricity-generation
38.86750,116.68680,1,0.000,2.000,0.5027,0.0000,15.0000,electricity-generation
38.12620,114.97270,1,0.000,2.000,0.5027,0.0000,80.0000,electricity-generation
37.63160,116.43770,1,0.000,2.000,0.5027,0.0000,30.0000,electricity-generation
39.72620,117.05170,1,0.000,2.000,0.5027,0.0000,18.0000,electricity-generation
38.20470,116.19230,1,0.000,2.000,0.5027,0.0000,12.0000,electricity-generation
40.40060,117.47980,1,0.000,2.000,0.5027,0.0000,30.0000,electricity-generation
38.42500,114.59260,1,0.000,2.000,0.5027,0.0000,25.0000,electricity-generation
38.38640,114.50480,1,0.000,2.000,0.5027,0.0000,35.0000,electricity-generation
38.95300,116.24180,1,0.000,2.000,0.5027,0.0000,70.0000,electricity-generation
38.06550,117.34870,1,0.000,2.000,0.5027,0.0000,18.0000,electricity-generation
39.88809,117.60227,4,6.281,8.281,123.9553,1586787.5293,226509.6173,electricity-generation
41.13110,114.65950,1,0.000,2.000,0.5027,0.0000,15.0000,electricity-generation
40.74757,114.80387,3,7.208,9.208,163.2361,2641312.2854,35615.1959,electricity-generation
37.75440,114.82440,1,0.000,2.000,0.5027,0.0000,24.0000,electricity-generation
38.22460,114.65800,2,1.114,3.114,3.9021,736460.0000,815.0000,electricity-generation
35.79658,114.18544,5,8.360,10.360,219.5605,12905598.0309,190323.8926,electricity-generation
31.96100,117.02090,1,0.000,2.000,0.5027,124434.0000,120.0000,electricity-generation
31.72210,117.21030,1,0.000,2.000,0.5027,206960.0000,75.0000,electricity-generation
31.14940,117.45460,1,0.000,2.000,0.5027,5316800.0000,1320.0000,electricity-generation
31.91470,117.25190,1,0.000,2.000,0.5027,5089400.0000,1260.0000,electricity-generation
46.60880,86.59360,1,0.000,2.000,0.5027,2848100.0000,600.0000,electricity-generation
47.09680,130.29882,2,1.264,3.264,5.0182,6005362.5729,41786.6371,electricity-generation
46.45700,125.40890,1,0.000,2.000,0.5027,0.0000,30.0000,electricity-generation
46.25000,132.54730,1,0.000,2.000,0.5027,6393400.0000,1200.0000,electricity-generation
46.08950,127.40510,1,0.000,2.000,0.5027,0.0000,30.0000,electricity-generation
46.46130,127.10580,1,0.000,2.000,0.5027,0.0000,30.0000,electricity-generation
48.07120,126.72470,1,0.000,2.000,0.5027,0.0000,30.0000,electricity-generation
45.80900,127.11010,1,0.000,2.000,0.5027,0.0000,35.0000,electricity-generation
45.76260,130.59700,1,0.000,2.000,0.5027,0.0000,30.0000,electricity-generation
47.04650,129.17030,1,0.000,2.000,0.5027,0.0000,36.0000,electricity-generation
46.43240,124.98000,1,0.000,2.000,0.5027,0.0000,30.0000,electricity-generation
45.85160,128.82490,1,0.000,2.000,0.5027,0.0000,90.0000,electricity-generation
47.86890,123.70110,1,0.000,2.000,0.5027,0.0000,60.0000,electricity-generation
47.32100,132.54320,1,0.000,2.000,0.5027,0.0000,30.0000,electricity-generation
48.34280,134.30400,1,0.000,2.000,0.5027,0.0000,30.0000,electricity-generation
47.77190,124.49330,1,0.000,2.000,0.5027,0.0000,30.0000,electricity-generation
47.47940,124.12140,1,0.000,2.000,0.5027,0.0000,80.0000,electricity-generation
47.47053,126.94697,3,3.493,5.493,38.3397,0.0000,90.0000,electricity-generation
45.56218,126.96817,2,1.442,3.442,6.5303,2208974.0762,135920.4110,electricity-generation
45.42080,126.41080,1,0.000,2.000,0.5027,0.0000,16.5000,electricity-generation
45.87900,126.48470,1,0.000,2.000,0.5027,0.0000,60.0000,electricity-generation
47.29160,130.10530,1,0.000,2.000,0.5027,0.0000,12.0000,electricity-generation
47.23560,130.22470,1,0.000,2.000,0.5027,1367920.0000,200.0000,electricity-generation
47.33200,130.34940,1,0.000,2.000,0.5027,0.0000,30.0000,electricity-generation
46.81180,130.49330,1,0.000,2.000,0.5027,0.0000,24.0000,electricity-generation
45.26030,131.06730,1,0.000,2.000,0.5027,0.0000,15.0000,electricity-generation
46.76720,131.12010,1,0.000,2.000,0.5027,0.0000,30.0000,electricity-generation
46.22950,126.29600,1,0.000,2.000,0.5027,0.0000,30.0000,electricity-generation
47.17820,124.87090,1,0.000,2.000,0.5027,0.0000,30.0000,electricity-generation
47.32330,123.20310,1,0.000,2.000,0.5027,0.0000,30.0000,electricity-generation
47.42020,130.58380,1,0.000,2.000,0.5027,0.0000,30.0000,electricity-generation
47.30110,123.74240,1,0.000,2.000,0.5027,0.0000,80.0000,electricity-generation
47.16980,125.87160,1,0.000,2.000,0.5027,0.0000,36.0000,electricity-generation
45.50290,131.82320,1,0.000,2.000,0.5027,0.0000,30.0000,electricity-generation
44.55730,129.82450,1,0.000,2.000,0.5027,0.0000,30.0000,electricity-generation
44.17020,129.34430,1,0.000,2.000,0.5027,0.0000,30.0000,electricity-generation
46.87953,127.49963,2,3.165,5.165,31.4782,0.0000,120.0000,electricity-generation
47.15940,124.00720,1,0.000,2.000,0.5027,0.0000,15.0000,electricity-generation
47.37910,124.05020,1,0.000,2.000,0.5027,2598200.0000,600.0000,electricity-generation
45.76040,131.05330,2,5.545,7.545,96.5953,8237600.0000,1915.0000,electricity-generation
45.82660,131.18140,1,0.000,2.000,0.5027,0.0000,30.0000,electricity-generation
45.21280,127.99840,1,0.000,2.000,0.5027,0.0000,40.0000,electricity-generation
47.28100,131.89190,1,0.000,2.000,0.5027,0.0000,30.0000,electricity-generation
46.61520,126.86900,1,0.000,2.000,0.5027,0.0000,80.0000,electricity-generation
46.65840,127.03510,2,6.527,8.527,133.8458,3272900.0000,715.0000,electricity-generation
46.34980,123.42840,1,0.000,2.000,0.5027,0.0000,80.0000,electricity-generation
46.73068,129.90495,2,2.322,4.322,16.9317,268512.2854,35009.1959,electricity-generation
46.98000,128.06510,2,0.083,2.083,0.5027,340310.0000,136.0000,electricity-generation
47.56520,133.13120,1,0.000,2.000,0.5027,0.0000,30.0000,electricity-generation
47.64010,132.51760,1,0.000,2.000,0.5027,0.0000,30.0000,electricity-generation
45.39700,126.75990,1,0.000,2.000,0.5027,0.0000,30.0000,electricity-generation
48.49360,126.63790,1,0.000,2.000,0.5027,0.0000,30.0000,electricity-generation
49.36340,128.07510,1,0.000,2.000,0.5027,0.0000,30.0000,electricity-generation
47.89050,125.32920,1,0.000,2.000,0.5027,0.0000,40.0000,electricity-generation
46.96880,127.74100,1,0.000,2.000,0.5027,0.0000,30.0000,electricity-generation
47.73320,128.92180,1,0.000,2.000,0.5027,0.0000,12.0000,electricity-generation
46.29240,129.60250,1,0.000,2.000,0.5027,0.0000,35.0000,electricity-generation
46.76940,131.81180,1,0.000,2.000,0.5027,0.0000,30.0000,electricity-generation
46.10410,125.88980,1,0.000,2.000,0.5027,0.0000,80.0000,electricity-generation
46.05147,126.02947,2,4.122,6.122,53.3828,0.0000,120.0000,electricity-generation
45.54540,125.08610,1,0.000,2.000,0.5027,0.0000,80.0000,electricity-generation
40.27630,112.16220,1,0.000,2.000,0.5027,5927500.0000,1200.0000,electricity-generation
46.84751,126.50224,2,3.072,5.072,29.6490,0.0000,70.0000,electricity-generation
34.81901,113.31294,5,5.321,7.321,88.9616,11691020.0000,332742.8767,aluminum
36.01840,114.24140,1,0.000,2.000,0.5027,0.0000,50.0000,electricity-generation
33.82723,113.01250,3,6.046,8.046,114.8202,8441094.4818,426741.5342,electricity-generation
32.73950,113.26170,1,0.000,2.000,0.5027,0.0000,12.0000,electricity-generation
35.20520,114.74970,1,0.000,2.000,0.5027,0.0000,22.5000,electricity-generation
35.19180,114.53940,2,0.301,2.301,0.5027,4507800.0000,1350.0000,electricity-generation
32.56370,111.98080,1,0.000,2.000,0.5027,0.0000,20.0000,electricity-generation
36.09488,113.84061,6,5.290,7.290,87.9163,8032692.4896,178266.8493,electricity-generation
35.07290,114.40190,1,0.000,2.000,0.5027,0.0000,30.0000,electricity-generation
34.07170,114.40990,1,0.000,2.000,0.5027,0.0000,30.0000,electricity-generation
32.11635,114.88245,2,0.160,2.160,0.5027,0.0000,60.0000,electricity-generation
32.87210,114.04360,1,0.000,2.000,0.5027,2183200.0000,640.0000,electricity-generation
32.19547,115.61119,2,1.057,3.057,3.5123,0.0000,56.0000,electricity-generation
35.52830,114.57560,2,7.541,9.541,178.6555,2571000.0000,720.0000,electricity-generation
35.38180,114.65080,1,0.000,2.000,0.5027,0.0000,35.0000,electricity-generation
35.51256,113.77163,16,10.603,12.603,353.1722,7987429.6205,693287.7433,lime
35.45035,113.90478,16,10.721,12.721,361.0676,7954354.2632,1245853.3616,lime
35.15510,112.99080,1,0.000,2.000,0.5027,0.0000,20.0000,electricity-generation
35.08355,112.56089,9,9.971,11.971,312.3679,9003928.3041,566927.9803,lime
35.16729,112.71154,6,9.549,11.549,286.4632,17173043.1768,198536.8141,lime
34.73070,114.32850,1,0.000,2.000,0.5027,0.0000,18.0000,electricity-generation
34.79940,114.83630,1,0.000,2.000,0.5027,0.0000,15.0000,electricity-generation
34.55140,110.93630,1,0.000,2.000,0.5027,0.0000,35.0000,electricity-generation
33.51270,113.99470,1,0.000,2.000,0.5027,0.0000,35.0000,electricity-generation
32.18950,114.54700,1,0.000,2.000,0.5027,0.0000,30.0000,electricity-generation
34.56700,112.34500,2,7.190,9.190,162.3952,854400.0000,25509.4521,electricity-generation
34.60841,112.43379,2,4.270,6.270,57.2843,8158696.6245,45713.6986,electricity-generation
33.61420,113.01950,1,0.000,2.000,0.5027,0.0000,30.0000,electricity-generation
33.89786,115.49413,2,3.791,5.791,45.1587,0.0000,42.0000,electricity-generation
36.07106,115.34024,2,2.048,4.048,13.1809,0.0000,42.0000,electricity-generation
32.95160,112.46220,1,0.000,2.000,0.5027,0.0000,55.0000,electricity-generation
33.30804,112.64405,3,2.341,4.341,17.2152,9893245.3376,188779.3151,electricity-generation
33.82780,113.45230,1,0.000,2.000,0.5027,3630600.0000,700.0000,electricity-generation
32.88740,114.68270,1,0.000,2.000,0.5027,0.0000,15.0000,electricity-generation
35.58660,115.09750,1,0.000,2.000,0.5027,0.0000,12.0000,electricity-generation
35.85480,114.96300,1,0.000,2.000,0.5027,0.0000,18.0000,electricity-generation
34.53820,114.80410,1,0.000,2.000,0.5027,0.0000,42.0000,electricity-generation
32.96704,114.32183,2,0.246,2.246,0.5027,0.0000,42.0000,electricity-generation
34.68690,111.58610,1,0.000,2.000,0.5027,0.0000,30.0000,electricity-generation
33.24902,114.32750,2,4.252,6.252,56.7928,0.0000,48.0000,electricity-generation
31.79390,115.47920,1,0.000,2.000,0.5027,0.0000,12.0000,electricity-generation
33.56350,114.53420,2,4.197,6.197,55.3504,4362700.0000,1350.0000,electricity-generation
33.92508,116.55159,4,7.014,9.014,154.5599,14085535.4470,93876.8355,aluminum
33.02000,112.95440,1,0.000,2.000,0.5027,60064.0000,37.5000,electricity-generation
34.41500,115.01936,2,4.347,6.347,59.3759,0.0000,42.0000,electricity-generation
33.07130,113.96270,1,0.000,2.000,0.5027,0.0000,44.0000,electricity-generation
35.93570,115.84210,1,0.000,2.000,0.5027,0.0000,30.0000,electricity-generation
34.31690,114.02500,1,0.000,2.000,0.5027,0.0000,25.0000,electricity-generation
34.90110,113.06800,1,0.000,2.000,0.5027,0.0000,30.0000,electricity-generation
33.37290,114.99620,1,0.000,2.000,0.5027,0.0000,18.0000,electricity-generation
34.20110,116.15070,1,0.000,2.000,0.5027,48049.0000,36.0000,electricity-generation
32.37895,114.80285,2,0.017,2.017,0.5027,0.0000,24.0000,electricity-generation
33.79190,114.47900,1,0.000,2.000,0.5027,0.0000,12.0000,electricity-generation
34.79960,112.12900,1,0.000,2.000,0.5027,0.0000,18.0000,electricity-generation
34.73640,112.05992,6,3.139,5.139,30.9504,20704792.2138,469929.8808,aluminum
32.80010,114.87310,1,0.000,2.000,0.5027,0.0000,15.0000,electricity-generation
34.65645,113.37293,2,2.971,4.971,27.7248,2141721.0047,424777.5342,electricity-generation
34.52279,113.41906,2,3.354,5.354,35.3379,716385.1415,195362.4658,electricity-generation
34.50000,113.59800,1,0.000,2.000,0.5027,9543100.0000,2700.0000,electricity-generation
35.26719,114.09179,2,4.140,6.140,53.8450,143807.3801,4877.4548,electricity-generation
32.19670,114.25700,1,0.000,2.000,0.5027,0.0000,35.0000,electricity-generation
32.49080,112.29730,1,0.000,2.000,0.5027,0.0000,30.0000,electricity-generation
34.40666,113.58390,2,0.212,2.212,0.5027,0.0000,70.0000,electricity-generation
33.35270,114.04990,1,0.000,2.000,0.5027,0.0000,12.0000,electricity-generation
33.34480,111.50160,1,0.000,2.000,0.5027,0.0000,30.0000,electricity-generation
34.03660,113.75200,1,0.000,2.000,0.5027,0.0000,65.0000,electricity-generation
35.68060,114.55060,1,0.000,2.000,0.5027,0.0000,30.0000,electricity-generation
33.69300,113.78910,1,0.000,2.000,0.5027,0.0000,30.0000,electricity-generation
35.19080,114.13600,1,0.000,2.000,0.5027,0.0000,30.0000,electricity-generation
34.57560,112.77720,1,0.000,2.000,0.5027,0.0000,30.0000,electricity-generation
34.41927,112.51333,4,4.084,6.084,52.4033,15762465.9900,53198.9041,electricity-generation
34.52590,112.02310,1,0.000,2.000,0.5027,0.0000,12.0000,electricity-generation
33.95502,116.29128,2,2.708,4.708,23.0437,0.0000,53.0000,electricity-generation
33.88650,116.36400,1,0.000,2.000,0.5027,2633700.0000,630.0000,electricity-generation
35.01900,114.01350,1,0.000,2.000,0.5027,0.0000,15.0000,electricity-generation
34.54310,115.95050,1,0.000,2.000,0.5027,0.0000,30.0000,electricity-generation
34.14000,115.41260,1,0.000,2.000,0.5027,0.0000,30.0000,electricity-generation
32.56070,114.43810,1,0.000,2.000,0.5027,0.0000,35.0000,electricity-generation
34.62800,113.96440,1,0.000,2.000,0.5027,0.0000,90.0000,electricity-generation
37.75265,115.60038,4,6.268,8.268,123.4335,7022500.0000,1320.0000,electricity-generation
44.83390,89.19477,6,8.105,10.105,206.3948,40112300.0000,10600.0000,electricity-generation
34.62680,118.32420,1,0.000,2.000,0.5027,850560.0000,180.0000,electricity-generation
23.81856,108.87603,6,6.262,8.262,123.1729,8352953.9219,183923.9807,lime
44.32120,86.09067,7,7.085,9.085,157.7188,12434059.1920,3176.6575,electricity-generation
44.43224,86.09135,7,2.701,4.701,22.9204,49435805.1250,194007.9452,electricity-generation
24.39583,116.26426,2,5.271,7.271,87.2748,8612000.3215,192898.4214,electricity-generation
43.06400,116.78640,1,0.000,2.000,0.5027,1676600.0000,260.0000,electricity-generation
23.56720,114.64000,2,4.090,6.090,52.5532,11382867.8800,55901.7342,electricity-generation
35.25290,115.68600,1,0.000,2.000,0.5027,5541400.0000,1290.0000,electricity-generation
35.24754,115.40809,3,6.900,8.900,149.5877,459462.2854,35039.1959,electricity-generation
35.24200,115.54117,3,2.982,4.982,27.9435,6130478.3445,95437.3059,electricity-generation
35.38790,115.95960,1,0.000,2.000,0.5027,1427870.0000,300.0000,electricity-generation
24.73381,111.35040,2,4.834,6.834,73.4212,7817264.6101,171953.0137,electricity-generation
40.71734,111.74471,2,2.529,4.529,20.0870,3428852.2023,100600.0000,electricity-generation
40.70510,111.45430,2,5.416,7.416,92.1395,2813300.0000,636.0000,electricity-generation
40.79360,111.59770,1,0.000,2.000,0.5027,5293000.0000,1100.0000,electricity-generation
37.89040,108.91500,1,0.000,2.000,0.5027,5675700.0000,1320.0000,electricity-generation
43.73792,87.63785,3,4.489,6.489,63.3138,6965452.4851,192888.4214,electricity-generation
41.35700,123.22200,1,0.000,2.000,0.5027,2206900.0000,600.0000,electricity-generation
34.54826,119.59562,4,3.374,5.374,35.7597,10198883.6959,622765.7534,petrochemical-steam-cracking
44.41960,126.96630,1,0.000,2.000,0.5027,486700.0000,70.0000,electricity-generation
37.26620,79.99240,2,2.669,4.669,22.3740,3633300.0000,718.0000,electricity-generation
24.30310,118.12590,1,0.000,2.000,0.5027,21051000.0000,4200.0000,electricity-generation
40.44280,116.75060,1,0.000,2.000,0.5027,0.0000,0.0000,electricity-generation
39.88950,116.27260,1,0.000,2.000,0.5027,697090.0000,504.0000,electricity-generation
39.90780,116.69460,1,0.000,2.000,0.5027,233820.0000,228.0000,electricity-generation
44.06260,87.32650,1,0.000,2.000,0.5027,2784700.0000,660.0000,electricity-generation
43.99140,87.31150,1,0.000,2.000,0.5027,0.0000,0.0000,electricity-generation
42.87970,89.16710,1,0.000,2.000,0.5027,3480500.0000,700.0000,electricity-generation
42.89340,93.44080,1,0.000,2.000,0.5027,2059800.0000,620.0000,electricity-generation
30.34080,120.34950,1,0.000,2.000,0.5027,253950.0000,246.0000,electricity-generation
23.13480,114.56440,1,0.000,2.000,0.5027,870760.0000,1070.0000,electricity-generation
30.34340,120.55220,1,0.000,2.000,0.5027,870190.0000,960.0000,electricity-generation
39.49538,76.05300,2,3.196,5.196,32.0841,2721179.0474,192128.4214,electricity-generation
31.34304,121.03560,3,8.523,10.523,228.1920,1484560.0000,998.0000,electricity-generation
37.43220,120.01810,1,0.000,2.000,0.5027,17387000.0000,4100.0000,electricity-generation
37.68030,120.31320,1,0.000,2.000,0.5027,0.0000,0.0000,electricity-generation
29.10280,119.22300,1,0.000,2.000,0.5027,292360.0000,400.0000,electricity-generation
22.79950,108.23900,1,0.000,2.000,0.5027,126463.0000,120.0000,electricity-generation
22.72770,114.39630,1,0.000,2.000,0.5027,486070.0000,380.0000,electricity-generation
24.26815,113.40925,5,6.945,8.945,151.5273,6778897.5376,1359431.1686,cement
24.26172,113.72727,2,1.134,3.134,4.0397,1694961.2633,174784.2466,electricity-generation
23.25940,112.99100,1,0.000,2.000,0.5027,122403.0000,118.0000,electricity-generation
30.97630,121.49590,1,0.000,2.000,0.5027,1649700.0000,1640.0000,electricity-generation
38.11201,114.46311,4,7.681,9.681,185.3598,3470837.3661,86881.4795,electricity-generation
39.36739,112.52799,4,7.009,9.009,154.3543,13585488.0182,308453.4247,electricity-generation
39.27972,117.13688,2,5.166,7.166,83.8337,784614.5698,152996.7123,electricity-generation
39.43460,116.98390,1,0.000,2.000,0.5027,402360.0000,400.0000,electricity-generation
42.73730,88.64050,2,2.059,4.059,13.3169,3411600.0000,660.0000,electricity-generation
43.93508,87.67968,6,5.164,7.164,83.7804,10485749.5083,374646.3014,electricity-generation
36.65684,119.25346,2,1.951,3.951,11.9637,13440575.5553,256794.5205,electricity-generation
30.57570,114.28188,3,9.965,11.965,311.9923,652682.5728,40996.6371,electricity-generation
30.97400,120.62880,1,0.000,2.000,0.5027,365750.0000,360.0000,electricity-generation
32.07580,112.08600,1,0.000,2.000,0.5027,304220.0000,246.0000,electricity-generation
31.91180,112.16690,1,0.000,2.000,0.5027,10894300.0000,2600.0000,electricity-generation
44.55070,90.25074,3,1.262,3.262,5.0018,17333800.0000,3960.0000,electricity-generation
30.19508,115.05213,3,7.943,9.943,198.2114,1886980.2101,395378.3945,electricity-generation
30.20666,115.15403,3,7.958,9.958,198.9398,13392258.4198,292815.7534,electricity-generation
32.43024,119.47462,2,0.123,2.123,0.5027,4324240.0000,1610.0000,electricity-generation
32.28352,119.07181,3,3.152,5.152,31.2193,1335890.0000,854.5000,electricity-generation
40.03560,111.28560,2,3.837,5.837,46.2408,3039500.0000,600.0000,electricity-generation
31.00203,121.37435,2,6.590,8.590,136.4397,1172110.0000,1393.0000,electricity-generation
23.13291,111.77444,2,5.384,7.384,91.0818,1915048.0595,424897.5342,electricity-generation
40.64520,114.40520,1,0.000,2.000,0.5027,3411600.0000,660.0000,electricity-generation
33.61270,116.58620,1,0.000,2.000,0.5027,5072900.0000,1260.0000,electricity-generation
34.01334,116.81516,3,6.390,8.390,128.2860,906609.5195,237808.2192,cement
32.81410,116.56900,1,0.000,2.000,0.5027,3280000.0000,660.0000,electricity-generation
33.58176,118.98051,4,2.964,4.964,27.5992,11808712.0259,287789.5890,electricity-generation
39.88540,116.53880,1,0.000,2.000,0.5027,2428700.0000,1930.0000,electricity-generation
44.04070,125.22010,1,0.000,2.000,0.5027,3057900.0000,700.0000,electricity-generation
30.99376,119.91757,4,10.327,12.327,335.0227,5975405.9807,139042.0041,electricity-generation
30.92031,119.96480,3,7.157,9.157,160.9312,6232124.5708,71278.3917,lime
29.78430,106.51270,1,0.000,2.000,0.5027,2066400.0000,2424.0000,electricity-generation
46.70510,124.84660,1,0.000,2.000,0.5027,2707100.0000,700.0000,electricity-generation
22.98320,114.10250,1,0.000,2.000,0.5027,1922200.0000,1976.0000,electricity-generation
25.21070,110.18060,1,0.000,2.000,0.5027,242000.0000,189.0000,electricity-generation
46.07950,122.03896,5,3.371,5.371,35.6900,6544893.3326,145361.5723,electricity-generation
36.71059,117.07587,6,6.804,8.804,145.4522,6391675.5329,72330.5712,electricity-generation
31.81456,120.41818,4,6.887,8.887,149.0148,4392237.9854,163915.4561,electricity-generation
35.25482,116.32706,6,9.535,11.535,285.6339,1100504.7929,143363.1710,lime
35.37025,116.41545,5,5.550,7.550,96.7826,4239032.7771,291279.4918,lime
31.03951,112.23311,3,2.740,4.740,23.5925,8976925.8541,115980.0000,electricity-generation
35.46870,116.70570,1,0.000,2.000,0.5027,2405600.0000,700.0000,electricity-generation
35.39710,116.55400,1,0.000,2.000,0.5027,1496900.0000,700.0000,electricity-generation
36.94900,117.16690,2,3.798,5.798,45.3177,763870.0000,150.0000,electricity-generation
36.13430,117.68500,1,0.000,2.000,0.5027,9974000.0000,2909.0000,electricity-generation
40.80039,107.49974,3,2.150,4.150,14.5187,7173200.0000,1500.0000,electricity-generation
41.82890,84.03420,1,0.000,2.000,0.5027,2926500.0000,700.0000,electricity-generation
39.88732,106.79513,7,8.737,10.737,239.8153,17896788.2621,473329.8630,electricity-generation
32.17011,118.97770,8,9.907,11.907,308.3703,15385166.6613,631093.2466,electricity-generation
18.31960,109.16410,1,0.000,2.000,0.5027,865100.0000,1052.0000,electricity-generation
35.60780,116.93390,1,0.000,2.000,0.5027,1314180.0000,450.0000,electricity-generation
31.44342,120.43797,3,6.102,8.102,116.9807,7946210.0000,3217.0000,electricity-generation
31.65690,121.17930,1,0.000,2.000,0.5027,9808900.0000,1900.0000,electricity-generation
37.87547,112.63899,2,2.842,4.842,25.3833,1474301.6626,73183.0808,electricity-generation
30.55507,120.39446,4,10.749,12.749,362.9512,2886587.6388,510166.5411,electricity-generation
40.65187,108.77145,3,1.908,3.908,11.4330,4729595.8933,147592.1053,electricity-generation
36.64221,101.64287,2,3.884,5.884,47.3939,4384219.2075,173960.2740,electricity-generation
37.69250,121.10787,3,4.166,6.166,54.5370,6140151.1235,102261.9178,electricity-generation
37.53544,121.31256,2,3.287,5.287,33.9508,2413143.6326,119494.1096,electricity-generation
40.60891,122.19166,2,3.115,5.115,30.4752,7229468.9595,37220.5479,electricity-generation
29.44984,113.16174,2,0.898,2.898,2.5318,10670090.0000,2625.0000,electricity-generation
37.68430,118.11100,1,0.000,2.000,0.5027,0.0000,0.0000,electricity-generation
32.95780,114.06380,1,0.000,2.000,0.5027,747320.0000,780.0000,electricity-generation
36.03830,120.21940,1,0.000,2.000,0.5027,8043500.0000,1585.0000,electricity-generation
30.42416,114.97780,2,0.285,2.285,0.5027,289721.2491,45507.3771,electricity-generation
28.45130,116.86050,2,3.096,5.096,30.1035,5496200.0000,1312.0000,electricity-generation
35.66030,108.92290,1,0.000,2.000,0.5027,3916100.0000,630.0000,electricity-generation
41.04950,113.15395,2,3.397,5.397,36.2605,10272820.0000,2320.0000,electricity-generation
36.99619,118.06277,3,5.207,7.207,85.1806,874310.0000,290.0000,electricity-generation
34.96906,118.31683,5,4.279,6.279,57.5160,6993560.0000,1675.0000,electricity-generation
37.16760,79.90560,1,0.000,2.000,0.5027,501500.0000,270.0000,electricity-generation
30.88830,107.05080,1,0.000,2.000,0.5027,2715100.0000,600.0000,electricity-generation
27.85810,113.11990,1,0.000,2.000,0.5027,2296300.0000,680.0000,electricity-generation
25.01440,113.59610,1,0.000,2.000,0.5027,815680.0000,120.0000,electricity-generation
29.85730,113.66100,1,0.000,2.000,0.5027,0.0000,30.0000,electricity-generation
29.57208,114.01595,2,3.788,5.788,45.0720,438624.7296,101947.8082,electricity-generation
30.26864,109.43581,2,1.488,3.488,6.9531,428507.8200,84956.5068,electricity-generation
30.55180,114.64200,1,0.000,2.000,0.5027,15853000.0000,3960.0000,electricity-generation
32.05756,110.71315,2,5.192,7.192,84.6996,268512.2854,35009.1959,electricity-generation
30.01070,112.14930,1,0.000,2.000,0.5027,0.0000,12.0000,electricity-generation
31.57850,113.91320,1,0.000,2.000,0.5027,0.0000,15.0000,electricity-generation
32.29000,111.56360,1,0.000,2.000,0.5027,0.0000,30.0000,electricity-generation
31.06300,114.60540,1,0.000,2.000,0.5027,0.0000,15.0000,electricity-generation
30.10870,113.15570,1,0.000,2.000,0.5027,0.0000,20.0000,electricity-generation
30.57080,115.01660,1,0.000,2.000,0.5027,0.0000,25.0000,electricity-generation
30.01780,115.90090,1,0.000,2.000,0.5027,0.0000,20.0000,electricity-generation
30.07790,112.30346,3,5.009,7.009,78.8382,5676200.0000,1590.0000,electricity-generation
29.62893,113.27219,2,4.730,6.730,70.2821,0.0000,285.0000,electricity-generation
29.84090,112.86490,1,0.000,2.000,0.5027,0.0000,21.0000,electricity-generation
30.93230,112.18851,2,5.166,7.166,83.8430,129886.0000,143.0000,electricity-generation
30.51760,112.15480,1,0.000,2.000,0.5027,0.0000,20.0000,electricity-generation
29.91145,113.81992,4,5.388,7.388,91.1984,6585793.7247,615933.4247,iron-and-steel
29.39070,109.10790,1,0.000,2.000,0.5027,0.0000,30.0000,electricity-generation
30.76840,115.60730,1,0.000,2.000,0.5027,0.0000,12.0000,electricity-generation
31.00780,114.72080,1,0.000,2.000,0.5027,0.0000,25.0000,electricity-generation
30.33451,112.90103,2,4.438,6.438,61.8746,0.0000,62.0000,electricity-generation
30.77820,112.48850,1,0.000,2.000,0.5027,0.0000,40.0000,electricity-generation
29.72990,112.33530,1,0.000,2.000,0.5027,0.0000,18.0000,electricity-generation
29.97920,111.78290,1,0.000,2.000,0.5027,0.0000,30.0000,electricity-generation
31.80940,113.42320,1,0.000,2.000,0.5027,0.0000,15.0000,electricity-generation
30.56040,113.10300,1,0.000,2.000,0.5027,0.0000,25.0000,electricity-generation
30.40850,114.03370,1,0.000,2.000,0.5027,0.0000,80.0000,electricity-generation
30.39323,114.25665,2,5.800,7.800,105.6988,369393.5723,169899.0137,electricity-generation
30.64663,114.47876,11,8.093,10.093,205.7486,50048557.3056,1983360.5776,electricity-generation
31.26060,113.88360,1,0.000,2.000,0.5027,0.0000,12.0000,electricity-generation
30.92500,113.90500,1,0.000,2.000,0.5027,0.0000,35.0000,electricity-generation
30.19140,112.60520,1,0.000,2.000,0.5027,751670.0000,180.0000,electricity-generation
29.74400,115.03340,1,0.000,2.000,0.5027,0.0000,30.0000,electricity-generation
29.77158,115.48560,1,0.000,2.000,0.5027,196562.8682,25606.3184,lime
29.89360,115.44257,1,0.000,2.000,0.5027,1876161.1144,382191.7808,cement
29.90419,115.40773,2,3.632,5.632,41.4523,268512.2854,34994.1959,electricity-generation
29.91797,115.42383,4,7.253,9.253,165.2507,1470117.9152,458131.2646,cement
29.82606,115.55805,8,7.007,9.007,154.2418,5482436.0666,1509055.6518,lime
30.69500,111.57830,1,0.000,2.000,0.5027,0.0000,35.0000,electricity-generation
31.78180,112.12950,1,0.000,2.000,0.5027,3523100.0000,1000.0000,electricity-generation
30.39887,111.64745,2,4.680,6.680,68.8003,1258465.9093,42388.5753,electricity-generation
31.02920,112.66620,1,0.000,2.000,0.5027,0.0000,37.5000,electricity-generation
49.28360,120.83570,1,0.000,2.000,0.5027,337620.0000,110.0000,electricity-generation
39.61260,111.18570,1,0.000,2.000,0.5027,4900900.0000,1320.0000,electricity-generation
39.38590,110.40370,1,0.000,2.000,0.5027,815680.0000,120.0000,electricity-generation
40.74620,120.96250,1,0.000,2.000,0.5027,3017700.0000,700.0000,electricity-generation
49.34820,119.72030,1,0.000,2.000,0.5027,6900000.0000,1200.0000,electricity-generation
26.71080,113.26860,1,0.000,2.000,0.5027,0.0000,30.0000,electricity-generation
27.19712,111.39783,2,2.966,4.966,27.6446,5165746.1085,188169.3151,electricity-generation
28.99080,111.43780,1,0.000,2.000,0.5027,0.0000,10.0000,electricity-generation
28.41590,112.97890,1,0.000,2.000,0.5027,1181810.0000,265.0000,electricity-generation
25.88030,112.99200,1,0.000,2.000,0.5027,0.0000,30.0000,electricity-generation
29.15253,111.61636,3,7.427,9.427,173.2841,987997.1918,204842.2096,electricity-generation
26.77340,112.70580,1,0.000,2.000,0.5027,0.0000,12.0000,electricity-generation
26.99220,112.64320,3,4.497,6.497,63.5195,372600.0000,116.0000,electricity-generation
27.52460,109.93910,1,0.000,2.000,0.5027,0.0000,70.0000,electricity-generation
28.23640,109.81970,1,0.000,2.000,0.5027,0.0000,20.0000,electricity-generation
27.74689,111.95198,7,11.945,13.945,448.2149,20698623.2141,1072586.4671,lime
29.44005,111.60380,2,4.493,6.493,63.4248,268512.2854,35009.1959,electricity-generation
29.79290,111.82780,1,0.000,2.000,0.5027,0.0000,30.0000,electricity-generation
28.09520,113.65960,1,0.000,2.000,0.5027,0.0000,30.0000,electricity-generation
27.13110,111.02470,1,0.000,2.000,0.5027,0.0000,30.0000,electricity-generation
27.64530,112.11950,1,0.000,2.000,0.5027,0.0000,18.0000,electricity-generation
28.75370,113.17460,1,0.000,2.000,0.5027,0.0000,15.0000,electricity-generation
28.21140,112.55990,1,0.000,2.000,0.5027,0.0000,25.0000,electricity-generation
28.73440,113.50980,1,0.000,2.000,0.5027,0.0000,15.0000,electricity-generation
26.44160,111.97430,1,0.000,2.000,0.5027,0.0000,30.0000,electricity-generation
27.18360,111.80480,1,0.000,2.000,0.5027,0.0000,20.0000,electricity-generation
26.71580,110.78140,1,0.000,2.000,0.5027,0.0000,12.0000,electricity-generation
27.48208,112.20305,2,6.738,8.738,142.6115,157250.2945,20515.0547,electricity-generation
27.81846,112.89640,2,7.885,9.885,195.3306,13014374.9639,615783.4247,electricity-generation
27.79330,112.50490,1,0.000,2.000,0.5027,0.0000,12.0000,electricity-generation
27.35730,111.39060,1,0.000,2.000,0.5027,0.0000,25.0000,electricity-generation
25.90618,112.16150,2,4.232,6.232,56.2732,268512.2854,35039.1959,electricity-generation
28.59670,112.26860,2,3.750,5.750,44.1727,7637600.0000,1950.0000,electricity-generation
29.09070,112.38060,1,0.000,2.000,0.5027,0.0000,15.0000,electricity-generation
28.44890,111.64230,1,0.000,2.000,0.5027,0.0000,15.0000,electricity-generation
29.21500,109.82330,1,0.000,2.000,0.5027,0.0000,30.0000,electricity-generation
29.14960,110.54970,1,0.000,2.000,0.5027,0.0000,18.0000,electricity-generation
42.89560,130.28970,1,0.000,2.000,0.5027,2246200.0000,660.0000,electricity-generation
41.96640,126.45240,1,0.000,2.000,0.5027,3176900.0000,600.0000,electricity-generation
36.54037,111.68916,3,6.380,8.380,127.8609,15601912.2854,37979.1959,electricity-generation
34.07340,108.61953,2,1.452,3.452,6.6189,2293412.2854,35579.1959,electricity-generation
43.94900,81.47620,1,0.000,2.000,0.5027,1237030.0000,270.0000,electricity-generation
44.06200,81.18860,1,0.000,2.000,0.5027,1245100.0000,200.0000,electricity-generation
48.07930,123.46130,1,0.000,2.000,0.5027,0.0000,30.0000,electricity-generation
40.95790,107.09010,1,0.000,2.000,0.5027,0.0000,18.0000,electricity-generation
38.21204,106.59451,8,9.725,11.725,297.1017,25681190.0000,5694.0000,electricity-generation
40.89610,106.85040,1,0.000,2.000,0.5027,0.0000,30.0000,electricity-generation
44.12850,123.29530,1,0.000,2.000,0.5027,0.0000,30.0000,electricity-generation
43.44650,122.23440,1,0.000,2.000,0.5027,0.0000,35.0000,electricity-generation
46.65240,122.96670,1,0.000,2.000,0.5027,0.0000,30.0000,electricity-generation
48.46520,124.51500,1,0.000,2.000,0.5027,0.0000,30.0000,electricity-generation
38.53970,108.81310,1,0.000,2.000,0.5027,571210.0000,420.0000,electricity-generation
46.07270,122.17700,1,0.000,2.000,0.5027,0.0000,10.0000,electricity-generation
40.97490,113.26230,1,0.000,2.000,0.5027,0.0000,15.0000,electricity-generation
40.68864,110.21692,2,0.329,2.329,0.5027,3540228.5601,169913.0137,electricity-generation
39.70120,110.85140,1,0.000,2.000,0.5027,592390.0000,100.0000,electricity-generation
50.42730,124.16980,1,0.000,2.000,0.5027,1080030.0000,270.0000,electricity-generation
46.83170,130.40420,1,0.000,2.000,0.5027,3305600.0000,600.0000,electricity-generation
46.80986,130.29283,2,0.833,2.833,2.1800,9891132.9393,71637.3288,electricity-generation
22.57151,113.14363,3,4.918,6.918,75.9761,724772.5728,41014.6371,electricity-generation
22.39715,112.81161,2,3.946,5.946,48.9123,205300.1574,44304.3836,electricity-generation
32.25046,119.61719,3,6.213,8.213,121.2675,5914270.6969,280553.9726,electricity-generation
33.26310,119.45420,1,0.000,2.000,0.5027,0.0000,12.0000,electricity-generation
33.96130,119.68260,1,0.000,2.000,0.5027,0.0000,35.0000,electricity-generation
31.84200,119.96320,1,0.000,2.000,0.5027,55746.0000,51.0000,electricity-generation
34.41121,119.78842,4,4.345,6.345,59.3114,16142229.2100,625566.5753,iron-and-steel
32.10447,119.79164,2,7.524,9.524,177.8616,397024.7973,169888.0137,electricity-generation
34.72960,116.60900,1,0.000,2.000,0.5027,0.0000,25.0000,electricity-generation
33.81960,119.67020,1,0.000,2.000,0.5027,0.0000,12.0000,electricity-generation
33.60210,119.60910,1,0.000,2.000,0.5027,0.0000,35.0000,electricity-generation
32.78750,119.74810,1,0.000,2.000,0.5027,0.0000,30.0000,electricity-generation
34.10970,119.46320,1,0.000,2.000,0.5027,0.0000,15.0000,electricity-generation
34.25590,119.25020,1,0.000,2.000,0.5027,0.0000,30.0000,electricity-generation
32.54800,120.58720,1,0.000,2.000,0.5027,0.0000,30.0000,electricity-generation
32.01670,121.05310,1,0.000,2.000,0.5027,547630.0000,450.0000,electricity-generation
32.05840,121.72673,2,2.431,4.431,18.5696,11099057.0000,2740.0000,electricity-generation
33.66200,119.13320,1,0.000,2.000,0.5027,0.0000,52.0000,electricity-generation
32.08529,120.51231,2,0.023,2.023,0.5027,0.0000,32.0000,electricity-generation
33.52140,119.11320,1,0.000,2.000,0.5027,358870.0000,60.0000,electricity-generation
31.96948,118.96819,2,7.439,9.439,173.8440,1317431.7008,297272.2740,electricity-generation
34.01450,119.16100,1,0.000,2.000,0.5027,0.0000,30.0000,electricity-generation
33.88330,119.40160,1,0.000,2.000,0.5027,0.0000,15.0000,electricity-generation
34.89670,119.18190,1,0.000,2.000,0.5027,0.0000,15.0000,electricity-generation
34.68710,119.19990,1,0.000,2.000,0.5027,0.0000,53.0000,electricity-generation
31.30340,119.07170,1,0.000,2.000,0.5027,0.0000,12.0000,electricity-generation
32.47130,118.74890,1,0.000,2.000,0.5027,0.0000,25.0000,electricity-generation
31.96940,118.34187,3,4.295,6.295,57.9602,3552215.0776,749410.4465,lime
32.04125,118.42258,2,2.721,4.721,23.2627,565152.9599,191514.4214,electricity-generation
31.99727,120.68286,6,10.531,12.531,348.4241,55856195.0615,1570080.3836,electricity-generation
32.25528,121.38686,2,0.342,2.342,0.5027,0.0000,58.5000,electricity-generation
31.82701,120.95521,2,0.309,2.309,0.5027,751032.5728,40666.6371,electricity-generation
34.53670,116.98760,1,0.000,2.000,0.5027,0.0000,30.0000,electricity-generation
34.34860,117.93190,3,5.436,7.436,92.8345,4597600.0000,1254.0000,electricity-generation
35.09634,119.28085,3,1.181,3.181,4.3843,10114799.2962,519240.1370,electricity-generation
33.81850,120.46330,1,0.000,2.000,0.5027,14160000.0000,3320.0000,electricity-generation
33.76880,120.18450,1,0.000,2.000,0.5027,0.0000,30.0000,electricity-generation
33.54510,118.17300,1,0.000,2.000,0.5027,0.0000,16.5000,electricity-generation
34.07400,117.82300,1,0.000,2.000,0.5027,0.0000,20.0000,electricity-generation
33.88910,118.32790,1,0.000,2.000,0.5027,0.0000,24.0000,electricity-generation
33.93260,118.17070,1,0.000,2.000,0.5027,0.0000,21.0000,electricity-generation
31.24450,120.54620,1,0.000,2.000,0.5027,0.0000,148.0000,electricity-generation
32.18431,119.91541,4,5.679,7.679,101.3266,17510290.3491,58786.8721,electricity-generation
32.62250,120.17620,1,0.000,2.000,0.5027,0.0000,30.0000,electricity-generation
32.54680,120.03110,1,0.000,2.000,0.5027,0.0000,36.0000,electricity-generation
31.66573,120.24019,4,6.015,8.015,113.6683,2877616.7428,94374.6575,electricity-generation
34.22000,119.74810,1,0.000,2.000,0.5027,0.0000,30.0000,electricity-generation
33.02220,120.04860,1,0.000,2.000,0.5027,0.0000,12.0000,electricity-generation
34.36161,118.26646,2,0.055,2.055,0.5027,8634604.0272,458760.1370,electricity-generation
34.38659,118.34576,2,7.998,9.998,200.9554,268512.2854,34994.1959,electricity-generation
32.96203,118.53797,2,4.986,6.986,78.0895,0.0000,45.0000,electricity-generation
33.06030,118.55600,1,0.000,2.000,0.5027,0.0000,30.0000,electricity-generation
34.28240,117.03480,1,0.000,2.000,0.5027,0.0000,50.0000,electricity-generation
34.14150,117.20030,1,0.000,2.000,0.5027,0.0000,70.0000,electricity-generation
33.42378,120.00594,2,0.047,2.047,0.5027,0.0000,59.0000,electricity-generation
32.46210,119.30520,1,0.000,2.000,0.5027,0.0000,50.0000,electricity-generation
31.29864,119.65394,5,6.697,8.697,140.9035,1401777.5564,182655.0866,lime
31.88570,120.59490,2,3.415,5.415,36.6399,1233540.0000,1640.0000,electricity-generation
27.40000,114.69146,3,4.280,6.280,57.5392,503751.0847,121522.0548,electricity-generation
27.72350,116.07990,1,0.000,2.000,0.5027,0.0000,10.0000,electricity-generation
29.39231,115.65808,3,6.353,8.353,126.8119,537024.5708,69988.3917,lime
29.49980,116.41520,1,0.000,2.000,0.5027,0.0000,15.0000,electricity-generation
28.08060,115.88540,1,0.000,2.000,0.5027,0.0000,15.0000,electricity-generation
28.06920,115.76820,1,0.000,2.000,0.5027,0.0000,30.0000,electricity-generation
28.78770,115.40930,1,0.000,2.000,0.5027,0.0000,12.0000,electricity-generation
28.02106,116.29622,2,0.500,2.500,0.7856,0.0000,54.0000,electricity-generation
25.92440,115.10280,2,7.715,9.715,186.9752,11460700.0000,2730.0000,electricity-generation
25.67430,114.95230,1,0.000,2.000,0.5027,0.0000,30.0000,electricity-generation
25.66840,114.78340,1,0.000,2.000,0.5027,0.0000,30.0000,electricity-generation
28.24320,117.14610,1,0.000,2.000,0.5027,0.0000,30.0000,electricity-generation
29.82660,116.37600,3,4.522,6.522,64.2323,8438900.0000,2164.0000,electricity-generation
29.12880,117.33321,3,2.821,4.821,25.0053,1942062.2880,375711.8164,lime
29.21965,117.31014,3,5.752,7.752,103.9391,101557.4819,13253.9312,lime
29.78250,115.73400,1,0.000,2.000,0.5027,0.0000,50.0000,electricity-generation
29.73610,115.84940,1,0.000,2.000,0.5027,0.0000,60.0000,electricity-generation
24.91304,114.84448,3,9.248,11.248,268.6931,208401.2786,84943.5068,iron-and-steel
28.73250,115.78250,1,0.000,2.000,0.5027,0.0000,60.0000,electricity-generation
27.29830,116.53730,1,0.000,2.000,0.5027,0.0000,24.0000,electricity-generation
26.40450,115.95030,1,0.000,2.000,0.5027,0.0000,15.0000,electricity-generation
27.63422,113.72135,5,8.422,10.422,222.8476,648410.1961,84495.6388,lime
28.35940,116.06510,1,0.000,2.000,0.5027,0.0000,64.0000,electricity-generation
32.28300,120.56300,1,0.000,2.000,0.5027,0.0000,30.0000,electricity-generation
28.38780,117.84870,1,0.000,2.000,0.5027,320330.0000,75.0000,electricity-generation
26.22940,116.34460,1,0.000,2.000,0.5027,0.0000,30.0000,electricity-generation
28.14900,114.45110,1,0.000,2.000,0.5027,0.0000,16.0000,electricity-generation
29.24530,117.82620,1,0.000,2.000,0.5027,0.0000,12.0000,electricity-generation
25.38617,114.92286,2,3.977,5.977,49.6996,78625.1473,10257.5273,electricity-generation
29.14770,114.69380,1,0.000,2.000,0.5027,0.0000,12.0000,electricity-generation
27.89400,114.45130,1,0.000,2.000,0.5027,0.0000,25.0000,electricity-generation
28.28300,117.44830,1,0.000,2.000,0.5027,0.0000,12.0000,electricity-generation
27.36980,115.36390,1,0.000,2.000,0.5027,0.0000,20.0000,electricity-generation
27.03950,114.30840,1,0.000,2.000,0.5027,0.0000,30.0000,electricity-generation
25.95514,115.31314,2,6.364,8.364,127.2427,497411.7237,128258.5753,electricity-generation
31.93932,120.26599,6,8.654,10.654,235.2675,18097502.1689,844587.3465,iron-and-steel
31.81249,104.76878,5,10.392,12.392,339.2609,6130039.7049,382832.0903,lime
47.49777,129.28308,2,0.649,2.649,1.3243,6448671.8941,356872.3288,electricity-generation
35.22003,113.10294,3,6.103,8.103,117.0063,5794243.5238,106651.9840,electricity-generation
35.18878,112.88475,4,3.498,5.498,38.4488,6497946.2661,129397.2603,electricity-generation
30.62800,121.14420,1,0.000,2.000,0.5027,24597000.0000,5030.0000,electricity-generation
30.84320,120.71970,2,0.141,2.141,0.5027,668110.0000,150.0000,electricity-generation
39.82799,98.28097,8,6.280,8.280,123.9059,41924120.9593,1539852.1804,electricity-generation
37.08702,111.99225,6,6.686,8.686,140.4224,8679478.5183,395411.3040,lime
41.95520,126.56184,2,4.151,6.151,54.1381,359967.2685,84943.5068,electricity-generation
44.10756,125.92781,3,10.186,12.186,325.9375,6728059.5788,43820.7534,electricity-generation
44.21905,123.94765,2,0.280,2.280,0.5027,0.0000,60.0000,electricity-generation
43.87583,126.56302,8,9.389,11.389,276.9357,9825910.2666,268567.0651,electricity-generation
44.01491,126.53411,3,3.213,5.213,32.4301,8739506.9959,270591.7056,electricity-generation
45.59440,123.80250,1,0.000,2.000,0.5027,0.0000,30.0000,electricity-generation
44.56440,125.70670,1,0.000,2.000,0.5027,0.0000,30.0000,electricity-generation
44.09950,125.38640,1,0.000,2.000,0.5027,0.0000,71.5000,electricity-generation
43.52220,124.85410,3,1.702,3.702,9.0987,369080.0000,120.0000,electricity-generation
42.97800,126.85460,1,0.000,2.000,0.5027,0.0000,60.0000,electricity-generation
43.87630,124.75510,1,0.000,2.000,0.5027,0.0000,30.0000,electricity-generation
42.70970,126.07990,1,0.000,2.000,0.5027,0.0000,30.0000,electricity-generation
43.73250,127.33740,1,0.000,2.000,0.5027,0.0000,60.0000,electricity-generation
42.92167,125.25160,2,0.895,2.895,2.5147,0.0000,45.0000,electricity-generation
43.32750,124.14370,1,0.000,2.000,0.5027,0.0000,35.0000,electricity-generation
42.54250,125.76580,1,0.000,2.000,0.5027,0.0000,12.0000,electricity-generation
44.43640,125.14014,2,2.644,4.644,21.9585,191158.1135,30180.0000,electricity-generation
42.93720,126.00680,1,0.000,2.000,0.5027,0.0000,30.0000,electricity-generation
44.91580,124.03490,1,0.000,2.000,0.5027,0.0000,60.0000,electricity-generation
45.08120,124.87990,1,0.000,2.000,0.5027,0.0000,30.0000,electricity-generation
43.17914,124.36457,5,4.015,6.015,50.6476,4910838.3717,247881.9630,electricity-generation
45.20754,124.84706,2,5.220,7.220,85.5985,63719.3712,10080.0000,electricity-generation
45.27210,122.81630,1,0.000,2.000,0.5027,0.0000,30.0000,electricity-generation
44.83840,123.12520,1,0.000,2.000,0.5027,0.0000,30.0000,electricity-generation
43.30050,129.80540,1,0.000,2.000,0.5027,0.0000,60.0000,electricity-generation
42.91250,129.57060,2,2.826,4.826,25.0950,1417300.0000,415.0000,electricity-generation
43.80710,126.47890,1,0.000,2.000,0.5027,190950.0000,30.0000,electricity-generation
44.85740,126.53980,1,0.000,2.000,0.5027,0.0000,12.0000,electricity-generation
44.80790,126.18570,1,0.000,2.000,0.5027,0.0000,30.0000,electricity-generation
45.85020,123.24500,1,0.000,2.000,0.5027,0.0000,30.0000,electricity-generation
38.37663,102.09856,3,7.000,9.000,153.9599,7151438.0632,69337.9068,electricity-generation
42.14720,86.51340,1,0.000,2.000,0.5027,1459200.0000,270.0000,electricity-generation
38.47336,102.16996,3,4.174,6.174,54.7362,1700934.5708,70258.3917,lime
29.19020,117.08533,2,7.046,9.046,155.9564,5909112.2854,36299.1959,electricity-generation
27.04690,115.02020,1,0.000,2.000,0.5027,7860300.0000,1920.0000,electricity-generation
39.67021,106.85415,2,4.595,6.595,66.3248,5354270.0000,1060.0000,electricity-generation
44.96799,121.41172,2,1.841,3.841,10.6462,8551000.0000,2000.0000,electricity-generation
37.23160,104.16780,1,0.000,2.000,0.5027,5832500.0000,1320.0000,electricity-generation
23.26688,106.39519,4,4.314,6.314,58.4686,14180806.9280,495126.3699,aluminum
36.73010,104.76100,1,0.000,2.000,0.5027,8437600.0000,2120.0000,electricity-generation
30.29880,112.31055,2,7.130,9.130,159.6916,5249240.5581,86291.5068,electricity-generation
41.72040,81.66840,1,0.000,2.000,0.5027,3569300.0000,700.0000,electricity-generation
35.77270,116.31940,2,5.474,7.474,94.1472,855630.0000,315.0000,electricity-generation
24.68530,118.45250,1,0.000,2.000,0.5027,1027680.0000,150.0000,electricity-generation
38.72732,110.18405,6,6.474,8.474,131.6801,26277209.4591,209575.6164,electricity-generation
37.35715,112.00622,3,10.207,12.207,327.3182,4833132.7309,170874.5572,electricity-generation
27.49340,106.44920,1,0.000,2.000,0.5027,5559100.0000,1320.0000,electricity-generation
30.69837,121.27810,3,7.040,9.040,155.7218,3550670.0000,600.0000,electricity-generation
40.74700,120.80840,1,0.000,2.000,0.5027,609390.0000,100.0000,electricity-generation
37.64250,113.65020,1,0.000,2.000,0.5027,1948200.0000,300.0000,electricity-generation
41.27150,121.25060,1,0.000,2.000,0.5027,4137700.0000,1320.0000,electricity-generation
41.14778,121.21664,2,4.694,6.694,69.2072,3655623.2280,32873.9726,electricity-generation
40.83841,121.04451,2,1.696,3.696,9.0329,1651203.8982,131660.0000,electricity-generation
27.64990,111.46206,5,6.693,8.693,140.7109,14952189.7007,496565.9260,lime
35.71500,111.05928,9,10.335,12.335,335.5287,1900902.7674,399022.4398,lime
29.78143,116.27948,2,0.218,2.218,0.5027,8745998.5170,399438.0822,electricity-generation
45.34602,130.86279,2,2.767,4.767,24.0502,3629930.0000,900.0000,electricity-generation
42.97000,122.39000,1,0.000,2.000,0.5027,503270.0000,72.0000,electricity-generation
28.89394,118.86836,3,1.539,3.539,7.4388,10235425.7402,425042.5342,electricity-generation
39.71170,111.20050,1,0.000,2.000,0.5027,9267800.0000,1920.0000,electricity-generation
35.39870,116.11960,1,0.000,2.000,0.5027,0.0000,12.0000,electricity-generation
35.70190,118.86672,15,8.515,10.515,227.7683,10323437.8943,1438790.9944,lime
33.61350,113.37400,1,0.000,2.000,0.5027,549970.0000,270.0000,electricity-generation
34.80610,114.44510,1,0.000,2.000,0.5027,4431400.0000,1260.0000,electricity-generation
39.61432,118.44016,9,9.688,11.688,294.8629,25413819.6310,1543140.1902,iron-and-steel
39.74198,118.45635,8,7.308,9.308,167.7641,5830377.6755,485784.0586,cement
23.73297,103.22480,2,4.450,6.450,62.1982,3296856.2494,170463.0137,electricity-generation
39.59760,109.90930,1,0.000,2.000,0.5027,2906700.0000,700.0000,electricity-generation
42.70090,123.36580,2,5.821,7.821,106.4535,4265900.0000,1212.0000,electricity-generation
34.41070,117.57730,1,0.000,2.000,0.5027,4268400.0000,1200.0000,electricity-generation
45.55084,85.01708,2,3.492,5.492,38.3052,4059772.5291,80700.0000,electricity-generation
30.08190,120.49470,1,0.000,2.000,0.5027,0.0000,0.0000,electricity-generation
44.14850,80.43720,1,0.000,2.000,0.5027,626670.0000,100.0000,electricity-generation
24.95399,102.37289,6,9.894,11.894,307.5332,10867972.2388,768150.6849,iron-and-steel
23.69490,109.16290,1,0.000,2.000,0.5027,6885000.0000,1320.0000,electricity-generation
36.16926,117.57695,3,6.495,8.495,132.5450,268512.2854,35031.1959,electricity-generation
36.23705,117.64715,3,7.779,9.779,190.1130,10440410.3159,303853.4424,electricity-generation
29.17869,119.51729,5,5.869,7.869,108.2062,13738228.8346,669961.6438,cement
36.03230,103.87610,1,0.000,2.000,0.5027,0.0000,0.0000,electricity-generation
36.15640,103.33170,1,0.000,2.000,0.5027,4032500.0000,900.0000,electricity-generation
31.06351,121.87166,3,3.937,5.937,48.6913,21205.0000,292.5000,electricity-generation
37.74780,117.22370,1,0.000,2.000,0.5027,0.0000,0.0000,electricity-generation
37.92540,109.10170,1,0.000,2.000,0.5027,7879900.0000,2000.0000,electricity-generation
26.45950,112.86810,1,0.000,2.000,0.5027,0.0000,45.0000,electricity-generation
26.37140,112.84018,3,9.232,11.232,267.7687,4838595.9868,307360.0178,electricity-generation
20.51160,109.82800,1,0.000,2.000,0.5027,7828700.0000,2000.0000,electricity-generation
29.65646,90.93500,3,2.811,4.811,24.8200,1884184.6307,191711.9214,electricity-generation
36.51852,102.86804,2,0.114,2.114,0.5027,8032543.8580,44764.3836,electricity-generation
41.80024,120.70900,2,3.041,5.041,29.0488,268512.2854,35009.1959,electricity-generation
41.64620,121.94590,1,0.000,2.000,0.5027,0.0000,18.0000,electricity-generation
41.30500,124.11960,1,0.000,2.000,0.5027,0.0000,70.0000,electricity-generation
42.85569,124.15413,2,3.238,5.238,32.9478,280873.7303,65298.1579,electricity-generation
41.60736,120.54965,2,4.090,6.090,52.5408,130172.3635,43676.9718,electricity-generation
41.28540,120.56870,1,0.000,2.000,0.5027,0.0000,30.0000,electricity-generation
39.17780,121.71990,1,0.000,2.000,0.5027,0.0000,35.0000,electricity-generation
39.43820,122.08200,1,0.000,2.000,0.5027,0.0000,12.0000,electricity-generation
39.97810,123.84940,1,0.000,2.000,0.5027,0.0000,12.0000,electricity-generation
39.94820,124.18260,1,0.000,2.000,0.5027,0.0000,30.0000,electricity-generation
40.33650,124.02600,1,0.000,2.000,0.5027,0.0000,10.0000,electricity-generation
41.87630,121.53923,2,4.842,6.842,73.6595,0.0000,45.0000,electricity-generation
40.69008,122.71550,2,5.872,7.872,108.3305,2258604.8975,220839.9178,electricity-generation
40.89310,122.68970,1,0.000,2.000,0.5027,0.0000,35.0000,electricity-generation
41.05422,122.83027,2,3.973,5.973,49.6004,1226393.7737,64577.9452,electricity-generation
41.65850,122.11680,1,0.000,2.000,0.5027,0.0000,12.0000,electricity-generation
41.06360,120.99510,1,0.000,2.000,0.5027,0.0000,20.0000,electricity-generation
41.27401,119.41353,5,10.815,12.815,367.4624,9982991.6032,659465.6646,lime
41.27820,119.59520,2,0.904,2.904,2.5678,301272.7634,39246.9156,lime
41.12590,120.69670,1,0.000,2.000,0.5027,1232370.0000,500.0000,electricity-generation
41.13180,121.94460,1,0.000,2.000,0.5027,0.0000,30.0000,electricity-generation
40.75176,121.98251,2,6.702,8.702,141.0910,1709601.3347,84078.2648,electricity-generation
41.99180,124.48940,1,0.000,2.000,0.5027,0.0000,40.0000,electricity-generation
42.02950,123.59250,1,0.000,2.000,0.5027,0.0000,70.0000,electricity-generation
42.00230,123.42430,1,0.000,2.000,0.5027,0.0000,70.0000,electricity-generation
41.57300,123.56670,1,0.000,2.000,0.5027,0.0000,60.0000,electricity-generation
41.66280,123.04140,1,0.000,2.000,0.5027,0.0000,30.0000,electricity-generation
40.32570,120.27600,1,0.000,2.000,0.5027,0.0000,15.0000,electricity-generation
42.23220,123.75150,1,0.000,2.000,0.5027,0.0000,30.0000,electricity-generation
42.32890,123.90040,1,0.000,2.000,0.5027,0.0000,24.0000,electricity-generation
42.71880,124.33140,1,0.000,2.000,0.5027,0.0000,30.0000,electricity-generation
41.19690,121.99443,4,1.137,3.137,4.0597,3457347.6344,173075.5068,electricity-generation
41.20892,123.22622,4,1.093,3.093,3.7565,5645131.5896,217523.6530,electricity-generation
42.87200,125.16000,1,0.000,2.000,0.5027,2604700.0000,660.0000,electricity-generation
31.93900,120.08060,1,0.000,2.000,0.5027,16149000.0000,3980.0000,electricity-generation
36.82060,111.62610,1,0.000,2.000,0.5027,2979100.0000,700.0000,electricity-generation
45.28470,130.27830,1,0.000,2.000,0.5027,315410.0000,50.0000,electricity-generation
35.16601,119.06354,5,6.685,8.685,140.3785,19228085.8430,677589.7945,iron-and-steel
35.15057,119.13132,4,7.892,9.892,195.6820,4997889.9821,271890.8219,electricity-generation
35.26750,118.29026,4,6.980,8.980,153.0737,859171.2147,8906.0466,electricity-generation
35.16005,118.13084,2,3.495,5.495,38.3782,826092.2854,35069.1959,electricity-generation
37.57090,111.27720,1,0.000,2.000,0.5027,3216300.0000,700.0000,electricity-generation
37.41327,110.79992,2,2.245,4.245,15.8398,7119900.0000,2000.0000,electricity-generation
26.20190,105.48000,1,0.000,2.000,0.5027,104290.0000,15.0000,electricity-generation
26.38830,105.39500,1,0.000,2.000,0.5027,5216800.0000,1320.0000,electricity-generation
32.89720,116.24260,1,0.000,2.000,0.5027,6759700.0000,2000.0000,electricity-generation
35.32876,116.90713,6,11.216,13.216,395.2098,18904170.0000,5311.0000,electricity-generation
25.94437,113.21551,2,2.678,4.678,22.5297,10914404.5036,171793.0137,electricity-generation
30.25295,111.58759,2,1.418,3.418,6.3208,676922.2854,35084.1959,electricity-generation
37.77405,113.66113,8,7.099,9.099,158.3311,10349987.6596,352745.4556,lime
37.79203,113.76825,4,5.165,7.165,83.8174,858200.8900,111798.1509,lime
37.89793,113.64263,12,8.884,10.884,247.9422,5963286.5353,431416.6756,lime
34.17289,113.36715,3,6.731,8.731,142.3394,7904624.3038,87221.5068,electricity-generation
34.09888,113.47495,2,4.778,6.778,71.7209,202787.3590,26417.1851,lime
34.95270,116.80290,1,0.000,2.000,0.5027,0.0000,0.0000,electricity-generation
45.62939,122.88085,2,4.401,6.401,60.8473,1674093.0962,67326.0274,electricity-generation
37.61271,120.48367,3,3.446,5.446,37.3105,1123722.2854,35189.1959,electricity-generation
40.94480,117.72958,3,2.738,4.738,23.5553,15393666.6549,715421.2507,electricity-generation
38.08734,117.75074,5,1.824,3.824,10.4551,4427220.2483,49140.0000,electricity-generation
33.33722,106.15104,3,5.790,7.790,105.3195,3865472.3456,178345.6525,electricity-generation
22.83250,115.98550,1,0.000,2.000,0.5027,7104300.0000,2000.0000,electricity-generation
38.78577,112.76056,2,0.577,2.577,1.0465,4278900.0000,246376.3699,electricity-generation
22.80450,111.61830,1,0.000,2.000,0.5027,999910.0000,270.0000,electricity-generation
33.52950,114.09790,1,0.000,2.000,0.5027,2552800.0000,660.0000,electricity-generation
34.53128,112.23206,2,3.862,5.862,46.8480,1957711.4731,339836.0274,electricity-generation
34.88196,112.55429,5,7.066,9.066,156.8725,7344142.7636,262570.0000,electricity-generation
34.73550,112.70726,4,6.063,8.063,115.4981,7166712.2854,36839.1959,electricity-generation
36.15970,115.85330,2,2.092,4.092,13.7467,1800400.0000,352.0000,electricity-generation
37.49026,112.03885,7,8.737,10.737,239.8338,3446408.3539,259820.5429,lime
37.61251,111.97189,4,8.814,10.814,244.0612,568387.2362,94515.8282,lime
49.39800,117.64710,1,0.000,2.000,0.5027,2171800.0000,400.0000,electricity-generation
21.44100,111.28960,1,0.000,2.000,0.5027,6502300.0000,2000.0000,electricity-generation
36.48700,114.42520,1,0.000,2.000,0.5027,2192100.0000,600.0000,electricity-generation
22.48518,113.86862,3,3.187,5.187,31.9166,8242400.0000,2535.0000,electricity-generation
22.53143,113.94179,3,6.103,8.103,117.0204,1777612.2854,36258.1959,electricity-generation
24.30320,116.06590,1,0.000,2.000,0.5027,0.0000,0.0000,electricity-generation
34.97180,108.98730,14,10.604,12.604,353.2316,42171253.2827,2048602.0468,cement
34.00912,116.42291,2,0.167,2.167,0.5027,3454212.7988,229395.0685,electricity-generation
44.63888,129.64715,3,7.778,9.778,190.0435,5862902.5729,41781.6371,electricity-generation
39.54690,112.31200,1,0.000,2.000,0.5027,6515800.0000,1320.0000,electricity-generation
28.77100,115.89990,1,0.000,2.000,0.5027,609390.0000,100.0000,electricity-generation
29.26935,107.26811,2,0.621,2.621,1.2114,1562080.0000,375.0000,electricity-generation
22.89431,112.91508,2,5.261,7.261,86.9462,4910000.0000,1475.0000,electricity-generation
32.20928,118.76186,10,8.617,10.617,233.2806,35228363.0193,1231919.1963,electricity-generation
31.91122,118.61221,3,4.242,6.242,56.5197,16056265.1907,646224.4521,electricity-generation
25.14116,114.29011,2,4.689,6.689,69.0660,2417562.5729,41286.6371,electricity-generation
33.03070,112.51060,1,0.000,2.000,0.5027,1058200.0000,420.0000,electricity-generation
33.08589,111.89829,2,3.979,5.979,49.7349,6353762.5729,42586.6371,electricity-generation
26.62694,105.19207,2,3.188,5.188,31.9248,9266000.0000,2400.0000,electricity-generation
29.52571,105.01541,2,7.569,9.569,179.9647,4995220.0000,1950.0000,electricity-generation
39.30095,117.79425,3,4.242,6.242,56.5432,7135960.1745,390820.7262,electricity-generation
29.99780,121.66795,11,7.391,9.391,171.6323,22040352.0949,989440.1826,electricity-generation
29.87360,121.64890,1,0.000,2.000,0.5027,135730.0000,102.5000,electricity-generation
29.87160,121.41310,1,0.000,2.000,0.5027,141630.0000,101.0000,electricity-generation
29.74560,121.87560,1,0.000,2.000,0.5027,57232.0000,54.6000,electricity-generation
26.75844,119.73737,4,3.877,5.877,47.2293,12671882.5201,389637.8082,iron-and-steel
37.83760,106.66650,1,0.000,2.000,0.5027,8050400.0000,2000.0000,electricity-generation
37.84480,106.78680,1,0.000,2.000,0.5027,10612800.0000,1980.0000,electricity-generation
29.48180,121.51150,1,0.000,2.000,0.5027,20779000.0000,4455.0000,electricity-generation
39.04400,112.31160,1,0.000,2.000,0.5027,4099700.0000,700.0000,electricity-generation
38.50664,106.31573,3,8.710,10.710,238.3472,719578.0000,571.0000,electricity-generation
36.04440,106.29190,2,6.701,8.701,141.0498,2998000.0000,675.0000,electricity-generation
37.62615,105.21872,3,2.044,4.044,13.1242,5783509.8602,153631.7123,electricity-generation
39.21493,106.68750,2,0.577,2.577,1.0460,5242049.4505,297340.2740,electricity-generation
38.19160,106.34304,2,4.820,6.820,73.0011,39341454.5920,719794.0384,electricity-generation
37.51240,105.27770,1,0.000,2.000,0.5027,465090.0000,174.0000,electricity-generation
39.13510,106.71250,1,0.000,2.000,0.5027,0.0000,30.0000,electricity-generation
38.91500,106.43995,2,1.059,3.059,3.5211,747284.8541,11657.4795,electricity-generation
38.05448,106.66850,2,5.566,7.566,97.3431,20780100.0000,4840.0000,electricity-generation
37.59878,105.71396,2,3.314,5.314,34.5052,3978080.0000,1360.0000,electricity-generation
35.75120,116.78620,2,2.327,4.327,17.0163,185840.0000,60.0000,electricity-generation
39.79810,109.82810,1,0.000,2.000,0.5027,371720.0000,60.0000,electricity-generation
39.30825,110.17095,2,2.862,4.862,25.7312,2353480.0000,500.0000,electricity-generation
26.02884,104.52213,2,4.153,6.153,54.1713,8695900.0000,2000.0000,electricity-generation
41.14520,122.11942,3,2.680,4.680,22.5588,4027346.6650,150700.0000,oil-and-gas-refining
25.39070,104.65100,1,0.000,2.000,0.5027,4542800.0000,1320.0000,electricity-generation
39.97986,117.46291,3,6.371,8.371,127.5299,8424225.1473,12520.5273,electricity-generation
25.46860,104.59240,1,0.000,2.000,0.5027,10623100.0000,2400.0000,electricity-generation
26.60952,101.49744,7,6.676,8.676,140.0121,2336379.6354,276696.9288,lime
26.56751,101.67342,6,8.215,10.215,212.0051,11385001.6239,548224.7015,electricity-generation
27.64584,113.90377,3,2.792,4.792,24.4846,4957706.6987,260097.6890,electricity-generation
33.73840,113.34030,1,0.000,2.000,0.5027,2180800.0000,420.0000,electricity-generation
34.11892,112.82285,2,0.473,2.473,0.7017,2590752.3232,306023.4247,electricity-generation
28.81520,113.52490,1,0.000,2.000,0.5027,8308900.0000,2000.0000,electricity-generation
39.01450,106.93620,1,0.000,2.000,0.5027,4849900.0000,1320.0000,electricity-generation
33.73800,113.24190,2,5.525,7.525,95.8912,7935500.0000,1840.0000,electricity-generation
38.39284,114.14285,2,0.281,2.281,0.5027,10342294.2228,544306.6438,electricity-generation
25.25890,113.06550,1,0.000,2.000,0.5027,1723900.0000,600.0000,electricity-generation
37.18500,116.48060,1,0.000,2.000,0.5027,239230.0000,40.0000,electricity-generation
25.52480,104.97480,1,0.000,2.000,0.5027,5722000.0000,1320.0000,electricity-generation
34.96830,109.82596,5,8.177,10.177,210.0466,15509830.8221,272261.6246,lime
29.66520,113.87300,1,0.000,2.000,0.5027,7659200.0000,2660.0000,electricity-generation
33.11986,112.60343,2,5.113,7.113,82.1436,1152006.6994,305753.4247,electricity-generation
30.70751,119.69663,3,4.291,6.291,57.8484,759995.8005,139456.1712,electricity-generation
30.55560,120.00620,1,0.000,2.000,0.5027,154820.0000,112.0000,electricity-generation
28.92340,118.76950,1,0.000,2.000,0.5027,324530.0000,230.0000,electricity-generation
35.75693,114.98023,4,1.805,3.805,10.2342,2102355.2241,81810.2900,electricity-generation
35.78403,115.26300,3,3.358,5.358,35.4232,5873635.9645,67089.8630,chemicals
43.55030,115.14520,1,0.000,2.000,0.5027,5560100.0000,1320.0000,electricity-generation
27.47540,106.25820,1,0.000,2.000,0.5027,4785100.0000,1200.0000,electricity-generation
27.12510,108.77040,1,0.000,2.000,0.5027,4185000.0000,1200.0000,electricity-generation
27.05170,106.12520,1,0.000,2.000,0.5027,7357500.0000,1860.0000,electricity-generation
36.90565,101.71426,4,7.399,9.399,171.9879,5854411.9829,122100.7027,electricity-generation
36.01170,120.13150,2,0.149,2.149,0.5027,185840.0000,60.0000,electricity-generation
36.11240,120.32950,2,5.466,7.466,93.8720,6695400.0000,1270.0000,electricity-generation
36.48392,102.25806,2,1.180,3.180,4.3712,197875.4788,50973.9041,electricity-generation
36.72857,101.74741,2,5.719,7.719,102.7497,7327311.7388,57398.7671,electricity-generation
42.53060,124.14030,1,0.000,2.000,0.5027,5876200.0000,1400.0000,electricity-generation
41.91370,101.04210,1,0.000,2.000,0.5027,613810.0000,100.0000,electricity-generation
25.26819,104.85984,2,1.639,3.639,8.4399,7776100.0000,1900.0000,electricity-generation
38.79520,115.48120,1,0.000,2.000,0.5027,2825400.0000,600.0000,electricity-generation
23.51486,112.96808,4,4.018,6.018,50.7274,538507.6980,217624.6575,iron-and-steel
39.92510,119.37880,1,0.000,2.000,0.5027,3569300.0000,700.0000,electricity-generation
34.53176,109.93422,2,4.744,6.744,70.7161,6241904.3782,103117.8082,electricity-generation
40.95607,112.10025,2,6.720,8.720,141.8696,3802516.1306,85631.5068,electricity-generation
25.05213,118.89394,3,1.060,3.060,3.5330,6127078.3188,384118.2648,electricity-generation
35.22783,113.85179,2,1.865,3.865,10.9325,5433429.6282,100879.1781,electricity-generation
25.66220,104.06680,1,0.000,2.000,0.5027,5182200.0000,1200.0000,electricity-generation
35.15784,109.92548,2,1.015,3.015,3.2362,0.0000,30.0000,electricity-generation
38.14442,114.31457,3,2.186,4.186,15.0101,1582467.1918,368602.7397,cement
35.17222,119.36385,8,3.610,5.610,40.9444,41564370.1356,1800038.8356,electricity-generation
37.14460,122.43179,2,5.887,7.887,108.8663,216830.0000,59.0000,electricity-generation
36.86250,122.36280,1,0.000,2.000,0.5027,232570.0000,69.0000,electricity-generation
38.95010,88.32700,1,0.000,2.000,0.5027,3569300.0000,700.0000,electricity-generation
39.95330,116.84800,1,0.000,2.000,0.5027,4783600.0000,1300.0000,electricity-generation
23.01600,112.84330,1,0.000,2.000,0.5027,4789500.0000,1200.0000,electricity-generation
29.62470,116.12290,1,0.000,2.000,0.5027,604590.0000,165.0000,electricity-generation
35.48703,112.93906,3,8.610,10.610,232.9068,3879482.0862,205442.2096,electricity-generation
38.63281,110.09598,4,4.940,6.940,76.6764,7182281.2980,200726.2466,electricity-generation
32.69730,108.91120,1,0.000,2.000,0.5027,0.0000,24.0000,electricity-generation
37.53420,108.59910,1,0.000,2.000,0.5027,93811.0000,50.0000,electricity-generation
34.71990,109.93260,1,0.000,2.000,0.5027,0.0000,30.0000,electricity-generation
33.08885,107.10438,2,6.436,8.436,130.1283,51332.3944,1740.5260,electricity-generation
39.01550,110.66940,1,0.000,2.000,0.5027,513000.0000,100.0000,electricity-generation
34.13590,109.19380,1,0.000,2.000,0.5027,0.0000,60.0000,electricity-generation
34.91010,107.55430,1,0.000,2.000,0.5027,2027400.0000,700.0000,electricity-generation
34.62108,108.58680,4,6.396,8.396,128.5198,2899614.9501,608301.8671,cement
35.78050,109.40040,1,0.000,2.000,0.5027,0.0000,40.0000,electricity-generation
33.13304,106.66386,3,0.582,2.582,1.0645,5176937.2410,314326.5753,iron-and-steel
33.12398,106.80010,3,8.317,10.317,217.3373,819146.6804,136927.0041,electricity-generation
34.52250,108.27070,1,0.000,2.000,0.5027,0.0000,40.0000,electricity-generation
34.59106,109.44054,2,0.037,2.037,0.5027,4191870.0000,800.0000,electricity-generation
34.47050,109.62210,1,0.000,2.000,0.5027,0.0000,18.0000,electricity-generation
34.48630,109.10080,1,0.000,2.000,0.5027,0.0000,50.0000,electricity-generation
34.19340,108.64170,1,0.000,2.000,0.5027,0.0000,50.0000,electricity-generation
38.54108,109.88960,3,5.915,7.915,109.9248,10431080.0000,2000.0000,electricity-generation
38.13798,109.53699,4,5.629,7.629,99.5446,6328974.2758,68614.6119,electricity-generation
38.12650,109.68470,1,0.000,2.000,0.5027,0.0000,24.0000,electricity-generation
37.55650,118.01100,1,0.000,2.000,0.5027,0.0000,22.5000,electricity-generation
34.79890,115.58760,1,0.000,2.000,0.5027,0.0000,27.0000,electricity-generation
36.63560,118.82580,1,0.000,2.000,0.5027,0.0000,12.0000,electricity-generation
36.99760,119.31770,1,0.000,2.000,0.5027,0.0000,15.0000,electricity-generation
35.07630,116.02320,1,0.000,2.000,0.5027,0.0000,30.0000,electricity-generation
36.85940,118.69990,1,0.000,2.000,0.5027,279610.0000,110.0000,electricity-generation
37.53280,116.83530,1,0.000,2.000,0.5027,0.0000,15.0000,electricity-generation
35.99805,116.37242,2,5.151,7.151,83.3510,293746.7385,67957.2055,electricity-generation
35.80910,116.39750,1,0.000,2.000,0.5027,0.0000,30.0000,electricity-generation
36.26503,116.74627,2,1.562,3.562,7.6626,0.0000,45.0000,electricity-generation
35.31700,118.05990,1,0.000,2.000,0.5027,0.0000,30.0000,electricity-generation
34.77125,117.55680,6,9.203,11.203,266.0996,12086690.3851,994632.6063,electricity-generation
36.30749,117.53543,2,0.150,2.150,0.5027,5058211.7462,229445.0685,electricity-generation
36.85163,117.62614,5,11.279,13.279,399.6943,564692.2854,35029.1959,electricity-generation
36.99500,117.64058,5,7.551,9.551,179.1441,1467422.1469,191176.6320,lime
36.92674,117.79574,10,11.043,13.043,383.0792,44735882.2327,563390.7643,electricity-generation
37.08611,118.39654,9,10.688,12.688,358.8590,2434786.5092,437697.1959,oil-and-gas-refining
36.45880,115.51810,1,0.000,2.000,0.5027,0.0000,12.0000,electricity-generation
37.10360,119.03583,5,7.976,9.976,199.8751,2473138.9907,68987.0000,electricity-generation
37.11160,121.03040,1,0.000,2.000,0.5027,0.0000,30.0000,electricity-generation
35.23025,115.12080,2,0.006,2.006,0.5027,371680.0000,60.0000,electricity-generation
35.16030,117.29160,1,0.000,2.000,0.5027,239230.0000,40.0000,electricity-generation
35.07830,115.65900,1,0.000,2.000,0.5027,0.0000,18.0000,electricity-generation
35.16960,115.28630,1,0.000,2.000,0.5027,0.0000,12.0000,electricity-generation
36.07760,120.04540,1,0.000,2.000,0.5027,0.0000,30.0000,electricity-generation
37.35940,117.58590,1,0.000,2.000,0.5027,0.0000,30.0000,electricity-generation
37.47943,117.44399,2,6.185,8.185,120.1894,268512.2854,34991.1959,electricity-generation
36.10012,117.82259,12,4.938,6.938,76.6079,19299544.2194,1208209.7301,lime
36.28780,120.14844,2,2.049,4.049,13.1903,0.0000,125.0000,electricity-generation
35.58245,116.21420,2,5.840,7.840,107.1411,52416.7648,6853.3516,electricity-generation
36.33820,116.80200,1,0.000,2.000,0.5027,0.0000,30.0000,electricity-generation
35.53490,116.64000,1,0.000,2.000,0.5027,0.0000,30.0000,electricity-generation
35.57710,115.56870,1,0.000,2.000,0.5027,0.0000,30.0000,electricity-generation
37.56658,118.54071,2,2.733,4.733,23.4643,661783.7473,80430.0000,electricity-generation
36.78560,120.51950,1,0.000,2.000,0.5027,0.0000,40.0000,electricity-generation
36.91190,120.66190,1,0.000,2.000,0.5027,0.0000,15.0000,electricity-generation
37.19170,120.00146,2,1.469,3.469,6.7838,0.0000,54.0000,electricity-generation
34.84440,117.99210,1,0.000,2.000,0.5027,0.0000,80.0000,electricity-generation
37.70080,117.29390,1,0.000,2.000,0.5027,0.0000,21.0000,electricity-generation
35.81640,116.03510,2,1.777,3.777,9.9200,0.0000,45.0000,electricity-generation
36.59797,116.21635,9,9.846,11.846,304.5708,42970786.1958,286414.1588,electricity-generation
36.58230,118.57600,1,0.000,2.000,0.5027,0.0000,12.0000,electricity-generation
34.89980,118.59360,1,0.000,2.000,0.5027,0.0000,12.0000,electricity-generation
35.11050,118.23220,1,0.000,2.000,0.5027,0.0000,30.0000,electricity-generation
35.10730,118.35600,1,0.000,2.000,0.5027,0.0000,30.0000,electricity-generation
36.93089,118.30439,2,2.573,4.573,20.7914,363981.0610,44255.0000,electricity-generation
35.09270,116.56240,1,0.000,2.000,0.5027,185840.0000,30.0000,electricity-generation
35.85943,117.15442,2,6.252,8.252,122.7963,1716615.0043,382221.7808,electricity-generation
36.29869,116.35060,4,7.734,9.734,187.9231,587124.1276,128476.1422,lime
35.49745,117.71210,2,5.000,7.000,78.5392,268512.2854,35009.1959,electricity-generation
35.50761,117.58096,4,5.311,7.311,88.6211,977504.5708,70040.3917,electricity-generation
37.02550,117.47328,3,5.566,7.566,97.3221,27452173.2875,213648.7671,electricity-generation
36.82071,116.73640,3,3.545,5.545,39.4867,1708800.0000,50968.9041,electricity-generation
35.93917,119.97370,2,2.471,4.471,19.1851,0.0000,90.0000,electricity-generation
36.32421,120.29735,2,7.389,9.389,171.5230,397070.2483,48258.0000,electricity-generation
37.39755,120.81223,2,7.266,9.266,165.8807,3116687.4888,104978.8438,electricity-generation
37.26630,120.81860,1,0.000,2.000,0.5027,0.0000,10.0000,electricity-generation
35.34360,119.39180,1,0.000,2.000,0.5027,0.0000,21.0000,electricity-generation
37.38110,122.59050,1,0.000,2.000,0.5027,0.0000,30.0000,electricity-generation
35.88200,116.45430,1,0.000,2.000,0.5027,296180.0000,50.0000,electricity-generation
35.83356,115.36341,2,2.770,4.770,24.0990,330891.8737,40200.0000,electricity-generation
34.80243,116.10547,2,3.313,5.313,34.4882,0.0000,45.0000,electricity-generation
37.14850,117.12250,1,0.000,2.000,0.5027,0.0000,30.0000,electricity-generation
37.18840,118.75630,1,0.000,2.000,0.5027,0.0000,12.0000,electricity-generation
35.62083,117.38288,3,6.121,8.121,117.7140,1173227.5104,331262.8767,cement
36.19504,117.00690,3,4.199,6.199,55.4032,1240220.0000,230.0000,electricity-generation
34.68570,118.24050,1,0.000,2.000,0.5027,0.0000,15.0000,electricity-generation
34.88750,118.41550,1,0.000,2.000,0.5027,0.0000,30.0000,electricity-generation
34.93920,117.10870,2,0.896,2.896,2.5249,2277700.0000,425.0000,electricity-generation
37.46380,121.93120,1,0.000,2.000,0.5027,0.0000,12.0000,electricity-generation
37.16500,122.05749,5,9.414,11.414,278.4268,1038354.1058,5111.0904,electricity-generation
37.14812,121.88466,2,1.831,3.831,10.5274,268512.2854,35009.1959,electricity-generation
37.96620,117.77510,1,0.000,2.000,0.5027,0.0000,30.0000,electricity-generation
36.48576,116.33364,2,3.842,5.842,46.3621,5798912.2854,36399.1959,electricity-generation
37.58580,118.64410,1,0.000,2.000,0.5027,353280.0000,180.0000,electricity-generation
37.02170,118.75320,1,0.000,2.000,0.5027,349520.0000,60.0000,electricity-generation
35.85953,117.69693,4,11.128,13.128,389.0637,788810.0000,402.0000,electricity-generation
36.12290,115.75610,2,0.405,2.405,0.5147,358870.0000,72.0000,electricity-generation
37.69620,117.54560,1,0.000,2.000,0.5027,0.0000,10.0000,electricity-generation
37.60070,121.08700,1,0.000,2.000,0.5027,0.0000,18.0000,electricity-generation
37.33180,121.52520,1,0.000,2.000,0.5027,0.0000,15.0000,electricity-generation
35.46500,118.55040,1,0.000,2.000,0.5027,0.0000,12.0000,electricity-generation
35.73381,118.58851,3,5.610,7.610,98.8786,817657.8106,60440.0000,electricity-generation
36.18220,118.26000,2,1.891,3.891,11.2392,609390.0000,130.0000,electricity-generation
36.93190,116.67190,2,0.127,2.127,0.5027,185840.0000,60.0000,electricity-generation
37.60630,120.25567,3,0.422,2.422,0.5596,8221164.0581,652354.7945,electricity-generation
35.52130,115.84470,1,0.000,2.000,0.5027,0.0000,60.0000,electricity-generation
35.62560,116.06060,1,0.000,2.000,0.5027,0.0000,38.0000,electricity-generation
34.93400,116.46980,1,0.000,2.000,0.5027,0.0000,30.0000,electricity-generation
35.10680,117.36050,1,0.000,2.000,0.5027,0.0000,30.0000,electricity-generation
34.66770,117.73290,1,0.000,2.000,0.5027,0.0000,10.0000,electricity-generation
34.88240,117.34160,1,0.000,2.000,0.5027,0.0000,30.0000,electricity-generation
36.93820,117.27940,1,0.000,2.000,0.5027,0.0000,69.0000,electricity-generation
36.61185,117.84240,2,1.611,3.611,8.1506,0.0000,60.0000,electricity-generation
38.05775,114.19739,5,0.874,2.874,2.4004,12725485.6041,260238.0597,lime
42.22370,116.02930,1,0.000,2.000,0.5027,20969000.0000,3720.0000,electricity-generation
30.77308,121.42482,6,6.824,8.824,146.2759,16286066.5717,477223.6073,electricity-generation
31.35084,121.59370,5,10.830,12.830,368.4840,24722449.1534,255205.0000,electricity-generation
31.27120,121.35820,1,0.000,2.000,0.5027,0.0000,24.0000,electricity-generation
31.09260,121.10440,1,0.000,2.000,0.5027,0.0000,60.0000,electricity-generation
31.15720,121.54460,1,0.000,2.000,0.5027,0.0000,17.0000,electricity-generation
33.80830,110.05991,2,4.764,6.764,71.2953,4444812.2854,36299.1959,electricity-generation
34.61940,115.29210,1,0.000,2.000,0.5027,5119400.0000,1260.0000,electricity-generation
34.46940,115.70720,2,6.505,8.505,132.9251,2351500.0000,700.0000,electricity-generation
23.32560,116.73610,1,0.000,2.000,0.5027,6312700.0000,1200.0000,electricity-generation
23.40080,116.66930,1,0.000,2.000,0.5027,0.0000,0.0000,electricity-generation
22.75450,115.04200,1,0.000,2.000,0.5027,6790700.0000,2100.0000,electricity-generation
22.70700,115.55530,1,0.000,2.000,0.5027,8675000.0000,2520.0000,electricity-generation
39.10646,111.17784,2,4.427,6.427,61.5581,2077012.2854,35329.1959,electricity-generation
37.21098,111.71604,5,8.566,10.566,230.5416,4126365.3708,155503.8986,electricity-generation
35.66157,112.86543,12,11.729,13.729,432.2096,10190552.3940,695349.3902,lime
35.59702,111.25141,6,11.062,13.062,384.4535,5540180.9082,322399.1467,lime
37.56002,112.23613,5,7.231,9.231,164.2749,7352768.6064,246308.4948,lime
36.26340,111.68270,1,0.000,2.000,0.5027,0.0000,30.0000,electricity-generation
35.59100,111.37600,1,0.000,2.000,0.5027,3176900.0000,600.0000,electricity-generation
39.79600,113.21030,1,0.000,2.000,0.5027,0.0000,48.0000,electricity-generation
37.75700,112.54580,2,6.669,8.669,139.7346,838340.0000,860.0000,electricity-generation
35.41187,111.30233,3,2.638,4.638,21.8627,8461348.7142,598967.1233,electricity-generation
35.71866,111.34790,3,7.444,9.444,174.1002,2774472.1166,229450.0685,electricity-generation
35.68501,111.48586,3,5.449,7.449,93.2800,11379667.8660,643953.8219,iron-and-steel
37.62670,112.74760,2,4.265,6.265,57.1423,3610900.0000,681.0000,electricity-generation
35.07260,110.86300,1,0.000,2.000,0.5027,0.0000,30.0000,electricity-generation
37.46281,110.95080,2,5.313,7.313,88.6819,1574403.2199,339751.0274,electricity-generation
38.04660,111.09850,1,0.000,2.000,0.5027,2910700.0000,700.0000,electricity-generation
37.47910,112.31260,1,0.000,2.000,0.5027,0.0000,80.0000,electricity-generation
37.78967,112.72333,2,2.885,4.885,26.1540,3202366.3614,179016.1644,electricity-generation
38.07906,112.75445,2,5.438,7.438,92.8938,626332.1729,127427.2603,electricity-generation
26.69760,119.55960,1,0.000,2.000,0.5027,0.0000,30.0000,electricity-generation
37.21900,112.28870,1,0.000,2.000,0.5027,2457200.0000,400.0000,electricity-generation
34.94530,110.49020,1,0.000,2.000,0.5027,0.0000,12.0000,electricity-generation
39.61610,112.79561,3,4.969,6.969,77.5743,5050647.0854,146690.1548,electricity-generation
35.02340,111.18580,1,0.000,2.000,0.5027,0.0000,24.0000,electricity-generation
30.60425,121.03184,3,2.438,4.438,18.6783,798980.0000,269.0000,electricity-generation
30.41010,112.15650,1,0.000,2.000,0.5027,0.0000,120.0000,electricity-generation
24.94510,113.54880,1,0.000,2.000,0.5027,7305000.0000,1400.0000,electricity-generation
30.22650,120.71720,3,5.454,7.454,93.4530,3836600.0000,1162.0000,electricity-generation
39.38800,111.19242,3,6.434,8.434,130.0683,12774355.7203,105017.8082,electricity-generation
31.58830,121.47440,1,0.000,2.000,0.5027,773960.0000,848.4000,electricity-generation
30.85070,121.78750,1,0.000,2.000,0.5027,1513100.0000,1600.0000,electricity-generation
37.93740,106.13970,1,0.000,2.000,0.5027,2989100.0000,700.0000,electricity-generation
40.56370,111.86390,1,0.000,2.000,0.5027,3569300.0000,700.0000,electricity-generation
37.40030,118.52430,1,0.000,2.000,0.5027,4445300.0000,1300.0000,electricity-generation
41.91080,123.49380,1,0.000,2.000,0.5027,3752600.0000,700.0000,electricity-generation
41.81510,123.49370,1,0.000,2.000,0.5027,0.0000,0.0000,electricity-generation
42.74030,93.44570,1,0.000,2.000,0.5027,3253300.0000,600.0000,electricity-generation
42.40700,93.01310,1,0.000,2.000,0.5027,11497900.0000,2640.0000,electricity-generation
24.41689,113.54074,2,0.549,2.549,0.9483,7629112.2854,36979.1959,electricity-generation
43.86000,81.29950,1,0.000,2.000,0.5027,2325200.0000,700.0000,electricity-generation
26.57246,111.48817,3,10.138,12.138,322.8587,8907737.2376,223079.1959,electricity-generation
39.84795,111.25876,2,2.383,4.383,17.8387,8776000.0000,2280.0000,electricity-generation
44.87176,89.03429,4,2.915,4.915,26.7012,21568710.6600,37532.6027,electricity-generation
39.17940,110.30970,2,6.068,8.068,115.6639,358870.0000,60.0000,electricity-generation
38.97310,110.45210,2,0.808,2.808,2.0518,6469900.0000,1320.0000,electricity-generation
41.66420,86.26320,2,1.986,3.986,12.3925,2972400.0000,715.0000,electricity-generation
39.55100,112.48870,1,0.000,2.000,0.5027,11216300.0000,3320.0000,electricity-generation
41.72751,123.18748,2,2.235,4.235,15.6917,2855812.2854,35639.1959,electricity-generation
41.81630,123.35110,1,0.000,2.000,0.5027,447370.0000,150.0000,electricity-generation
23.65320,116.62300,1,0.000,2.000,0.5027,198350.0000,200.0000,electricity-generation
22.98220,114.48850,1,0.000,2.000,0.5027,1468900.0000,1280.0000,electricity-generation
22.74280,113.90510,1,0.000,2.000,0.5027,1396600.0000,1800.0000,electricity-generation
22.15680,113.47024,2,3.311,5.311,34.4308,1929850.0000,2136.4400,electricity-generation
22.88790,114.09400,1,0.000,2.000,0.5027,1228620.0000,1140.0000,electricity-generation
36.22522,116.52585,5,7.310,9.310,167.8568,17000805.6991,686755.2233,electricity-generation
38.05160,114.31770,1,0.000,2.000,0.5027,2708600.0000,660.0000,electricity-generation
29.57860,111.39400,1,0.000,2.000,0.5027,4926400.0000,1200.0000,electricity-generation
36.93987,118.78638,2,0.587,2.587,1.0836,5189818.3076,242364.7945,electricity-generation
37.98430,113.22400,1,0.000,2.000,0.5027,4099700.0000,700.0000,electricity-generation
43.52820,123.46330,1,0.000,2.000,0.5027,8952500.0000,1860.0000,electricity-generation
46.56290,131.66840,1,0.000,2.000,0.5027,5225200.0000,1200.0000,electricity-generation
22.80000,113.35860,1,0.000,2.000,0.5027,3305600.0000,600.0000,electricity-generation
22.78606,113.18475,2,4.338,6.338,59.1254,1089510.0000,429.6000,electricity-generation
39.21590,112.38870,1,0.000,2.000,0.5027,3041800.0000,700.0000,electricity-generation
30.64490,103.93350,1,0.000,2.000,0.5027,0.0000,36.0000,electricity-generation
31.10960,107.37730,1,0.000,2.000,0.5027,0.0000,25.0000,electricity-generation
29.45820,103.51772,13,10.313,12.313,334.1181,10091384.7934,1778668.5766,lime
31.07550,104.35320,1,0.000,2.000,0.5027,67274.0000,70.0000,electricity-generation
31.04600,104.43870,1,0.000,2.000,0.5027,0.0000,24.0000,electricity-generation
32.37813,105.75540,2,3.143,5.143,31.0394,0.0000,12.0000,electricity-generation
32.39490,105.66800,1,0.000,2.000,0.5027,1139310.0000,1400.0000,electricity-generation
29.92439,103.39687,2,6.839,8.839,146.9337,657937.0944,152906.7123,electricity-generation
26.56860,102.42790,1,0.000,2.000,0.5027,0.0000,15.0000,electricity-generation
31.11500,107.48490,1,0.000,2.000,0.5027,1512000.0000,1440.0000,electricity-generation
30.07580,105.41700,1,0.000,2.000,0.5027,1204470.0000,1480.0000,electricity-generation
29.27000,103.84100,1,0.000,2.000,0.5027,752840.0000,110.0000,electricity-generation
29.57830,103.86850,1,0.000,2.000,0.5027,0.0000,35.0000,electricity-generation
28.78103,105.37655,2,5.821,7.821,106.4501,3846398.4602,129550.5479,electricity-generation
31.18869,104.21557,5,8.117,10.117,206.9897,2502335.8210,233627.6438,electricity-generation
28.97268,103.90650,2,0.097,2.097,0.5027,110246.4742,17308.6885,electricity-generation
31.33097,105.99057,2,3.310,5.310,34.4093,0.0000,48.0000,electricity-generation
30.59910,106.04480,1,0.000,2.000,0.5027,0.0000,24.0000,electricity-generation
29.46230,105.17530,1,0.000,2.000,0.5027,0.0000,21.0000,electricity-generation
26.45970,101.85710,1,0.000,2.000,0.5027,0.0000,15.0000,electricity-generation
30.37650,103.54770,1,0.000,2.000,0.5027,0.0000,40.0000,electricity-generation
30.76592,107.06047,2,2.018,4.018,12.7950,457594.2476,122319.3699,electricity-generation
27.91700,102.13380,1,0.000,2.000,0.5027,0.0000,27.0000,electricity-generation
30.35120,103.83120,1,0.000,2.000,0.5027,0.0000,50.0000,electricity-generation
31.35110,107.88360,1,0.000,2.000,0.5027,0.0000,25.0000,electricity-generation
28.42319,105.34206,2,0.325,2.325,0.5027,108084.7786,16969.8907,electricity-generation
29.93820,103.12280,1,0.000,2.000,0.5027,0.0000,15.0000,electricity-generation
31.17590,105.39630,1,0.000,2.000,0.5027,0.0000,30.0000,electricity-generation
31.10170,106.46780,1,0.000,2.000,0.5027,0.0000,18.0000,electricity-generation
30.38750,106.45980,1,0.000,2.000,0.5027,0.0000,18.0000,electricity-generation
30.85780,104.61610,1,0.000,2.000,0.5027,0.0000,30.0000,electricity-generation
30.05150,104.70480,1,0.000,2.000,0.5027,0.0000,20.0000,electricity-generation
29.65540,104.80260,1,0.000,2.000,0.5027,0.0000,12.0000,electricity-generation
30.52319,117.01969,2,1.044,3.044,3.4223,3184505.0582,160200.0000,electricity-generation
19.78850,110.71650,1,0.000,2.000,0.5027,816460.0000,920.0000,electricity-generation
31.58828,120.83956,2,1.426,3.426,6.3881,433352.6016,30691.8033,electricity-generation
22.43640,112.66530,1,0.000,2.000,0.5027,195320.0000,200.0000,electricity-generation
39.47110,116.65350,1,0.000,2.000,0.5027,731850.0000,800.0000,electricity-generation
31.20630,120.68030,1,0.000,2.000,0.5027,153220.0000,160.0000,electricity-generation
34.79680,113.52720,2,2.375,4.375,17.7184,314620.0000,780.0000,electricity-generation
33.42780,114.93860,1,0.000,2.000,0.5027,412530.0000,900.0000,electricity-generation
27.88000,107.03040,1,0.000,2.000,0.5027,887350.0000,300.0000,electricity-generation
40.07960,120.00960,1,0.000,2.000,0.5027,17179000.0000,3760.0000,electricity-generation
41.68140,123.33070,1,0.000,2.000,0.5027,1436020.0000,440.0000,electricity-generation
33.84090,118.36580,1,0.000,2.000,0.5027,6079200.0000,1320.0000,electricity-generation
31.33410,120.54350,1,0.000,2.000,0.5027,619890.0000,482.0000,electricity-generation
33.65177,116.98386,2,2.581,4.581,20.9220,2462862.5729,41286.6371,electricity-generation
30.89737,120.65556,2,5.685,7.685,101.5235,864860.0000,310.0000,electricity-generation
36.00083,117.03757,3,4.200,6.200,55.4114,5404225.9162,169910.2959,chemicals
21.86670,112.92280,1,0.000,2.000,0.5027,23409000.0000,5030.0000,electricity-generation
35.53015,116.79857,3,3.402,5.402,36.3548,2237972.5729,41046.6371,electricity-generation
37.87775,112.40574,3,6.606,8.606,137.1056,649360.1206,169863.0137,electricity-generation
37.93590,112.53722,3,5.902,7.902,109.4230,21792716.3152,1060186.5753,electricity-generation
39.67843,118.20828,5,6.723,8.723,142.0155,4544301.5912,24208.1489,electricity-generation
39.48477,118.26466,6,9.755,11.755,298.9834,14253389.4852,821121.6342,iron-and-steel
39.25235,118.22687,2,3.404,5.404,36.4122,1404795.8599,262145.2877,electricity-generation
26.81782,106.26851,2,2.594,4.594,21.1422,7778100.0000,171063.0137,electricity-generation
41.80470,86.33910,1,0.000,2.000,0.5027,0.0000,0.0000,electricity-generation
35.06880,117.12269,2,4.122,6.122,53.3684,3548800.0000,1026.0000,electricity-generation
44.00440,87.17200,1,0.000,2.000,0.5027,2957800.0000,700.0000,electricity-generation
23.64940,107.12970,1,0.000,2.000,0.5027,773690.0000,270.0000,electricity-generation
44.58500,86.07370,1,0.000,2.000,0.5027,401420.0000,100.0000,electricity-generation
39.23900,116.99020,1,0.000,2.000,0.5027,498040.0000,160.0000,electricity-generation
39.21930,117.92990,1,0.000,2.000,0.5027,13708300.0000,4000.0000,electricity-generation
39.09570,117.64410,1,0.000,2.000,0.5027,3006900.0000,700.0000,electricity-generation
38.79861,117.45666,5,5.158,7.158,83.5949,13730927.2816,461659.6621,electricity-generation
39.22746,117.35888,4,5.209,7.209,85.2448,3616017.2800,21301.5342,electricity-generation
38.82510,116.93780,1,0.000,2.000,0.5027,0.0000,20.0000,electricity-generation
39.04960,117.29720,1,0.000,2.000,0.5027,0.0000,24.0000,electricity-generation
38.70450,117.59820,1,0.000,2.000,0.5027,2153100.0000,510.0000,electricity-generation
39.43180,117.75270,1,0.000,2.000,0.5027,0.0000,39.0000,electricity-generation
39.57050,116.91700,1,0.000,2.000,0.5027,0.0000,18.0000,electricity-generation
26.12270,118.25010,1,0.000,2.000,0.5027,0.0000,60.0000,electricity-generation
44.09928,88.36507,4,4.626,6.626,67.2311,22628419.8966,256043.8356,aluminum
44.05160,89.65090,1,0.000,2.000,0.5027,3569300.0000,700.0000,electricity-generation
37.05249,117.88084,2,1.114,3.114,3.9003,3711231.0274,119290.0000,electricity-generation
29.55304,90.96928,2,2.130,4.130,14.2539,268512.2854,35019.1959,electricity-generation
46.15390,84.43310,1,0.000,2.000,0.5027,148700.0000,24.0000,electricity-generation
42.34500,123.80300,1,0.000,2.000,0.5027,9815900.0000,2400.0000,electricity-generation
40.19427,111.36089,3,4.987,6.987,78.1177,27519623.7591,47676.5205,electricity-generation
42.81870,87.95720,1,0.000,2.000,0.5027,2592600.0000,600.0000,electricity-generation
34.84980,108.88840,1,0.000,2.000,0.5027,4562200.0000,1200.0000,electricity-generation
38.91510,112.47660,1,0.000,2.000,0.5027,6133400.0000,1320.0000,electricity-generation
43.67140,122.15350,1,0.000,2.000,0.5027,6265100.0000,1670.0000,electricity-generation
31.07191,117.96841,4,7.658,9.658,184.2285,10767834.3998,533586.4456,cement
31.17911,118.05376,3,6.320,8.320,125.4753,4370197.0656,428904.1096,cement
30.87637,117.77142,6,8.204,10.204,211.4652,13940798.4935,951319.4876,cement
28.12910,106.84560,2,6.087,8.087,116.3864,5034200.0000,1200.0000,electricity-generation
39.89590,78.96790,1,0.000,2.000,0.5027,4200400.0000,800.0000,electricity-generation
43.27280,87.17080,1,0.000,2.000,0.5027,0.0000,0.0000,electricity-generation
39.76400,112.92430,1,0.000,2.000,0.5027,2683600.0000,440.0000,electricity-generation
32.39980,117.24550,1,0.000,2.000,0.5027,747830.0000,900.0000,electricity-generation
44.70640,89.67170,1,0.000,2.000,0.5027,5560100.0000,1320.0000,electricity-generation
36.34890,119.77390,1,0.000,2.000,0.5027,185840.0000,30.0000,electricity-generation
31.32480,107.49140,1,0.000,2.000,0.5027,2839800.0000,600.0000,electricity-generation
36.98920,119.22790,1,0.000,2.000,0.5027,371720.0000,60.0000,electricity-generation
36.72380,119.20210,1,0.000,2.000,0.5027,0.0000,0.0000,electricity-generation
37.44745,122.20567,2,6.813,8.813,145.8428,9649500.0000,2049.0000,electricity-generation
37.38970,121.92540,1,0.000,2.000,0.5027,796930.0000,129.0000,electricity-generation
37.51250,122.07920,1,0.000,2.000,0.5027,1187110.0000,280.0000,electricity-generation
38.23340,109.48910,1,0.000,2.000,0.5027,927190.0000,150.0000,electricity-generation
37.35370,117.77930,1,0.000,2.000,0.5027,10433900.0000,2640.0000,electricity-generation
37.57650,117.59930,1,0.000,2.000,0.5027,6495800.0000,1320.0000,electricity-generation
27.89040,104.87350,1,0.000,2.000,0.5027,5082000.0000,1200.0000,electricity-generation
44.92820,127.14430,1,0.000,2.000,0.5027,315410.0000,50.0000,electricity-generation
37.73670,117.63750,1,0.000,2.000,0.5027,190950.0000,30.0000,electricity-generation
33.29977,113.48466,4,6.053,8.053,115.0867,6398197.7056,634142.7795,lime
30.48620,114.42150,1,0.000,2.000,0.5027,371220.0000,370.0000,electricity-generation
44.27488,87.69032,2,0.692,2.692,1.5033,35842944.1781,149212.6027,electricity-generation
31.06110,121.46670,1,0.000,2.000,0.5027,11376500.0000,2400.0000,electricity-generation
29.50540,121.66290,1,0.000,2.000,0.5027,10434800.0000,2400.0000,electricity-generation
44.43630,84.76050,1,0.000,2.000,0.5027,2859600.0000,660.0000,electricity-generation
37.90110,102.68590,1,0.000,2.000,0.5027,2809100.0000,700.0000,electricity-generation
36.82220,112.83760,1,0.000,2.000,0.5027,6327700.0000,1200.0000,electricity-generation
24.54590,118.22640,1,0.000,2.000,0.5027,743800.0000,780.0000,electricity-generation
24.57180,118.02900,1,0.000,2.000,0.5027,609390.0000,100.0000,electricity-generation
24.44610,118.02680,1,0.000,2.000,0.5027,6611300.0000,1200.0000,electricity-generation
27.82830,112.99680,1,0.000,2.000,0.5027,8933600.0000,1800.0000,electricity-generation
30.37200,113.56710,1,0.000,2.000,0.5027,4637900.0000,1320.0000,electricity-generation
23.83810,103.19580,1,0.000,2.000,0.5027,2891100.0000,600.0000,electricity-generation
30.05000,120.23230,2,6.673,8.673,139.8767,683930.0000,1244.0000,electricity-generation
37.11893,111.86262,5,7.546,9.546,178.8866,9154973.3629,393482.6953,lime
38.23561,114.21715,3,7.096,9.096,158.1749,12228679.8919,354016.4384,cement
36.97430,100.90980,1,0.000,2.000,0.5027,1027580.0000,270.0000,electricity-generation
28.86130,115.97590,1,0.000,2.000,0.5027,5335200.0000,1400.0000,electricity-generation
26.58159,104.91970,4,10.848,12.848,369.6665,5454741.6329,577719.1781,cement
25.28180,114.91400,1,0.000,2.000,0.5027,5560100.0000,1320.0000,electricity-generation
40.86600,113.74770,1,0.000,2.000,0.5027,3752600.0000,700.0000,electricity-generation
36.97000,114.62400,1,0.000,2.000,0.5027,2581900.0000,700.0000,electricity-generation
37.04975,114.43320,3,6.629,8.629,138.0702,10707484.1337,515284.9315,iron-and-steel
34.57790,119.12670,1,0.000,2.000,0.5027,9129700.0000,2660.0000,electricity-generation
46.13510,124.60100,1,0.000,2.000,0.5027,1805500.0000,330.0000,electricity-generation
22.44630,112.99940,1,0.000,2.000,0.5027,4482600.0000,900.0000,electricity-generation
44.39030,87.28720,1,0.000,2.000,0.5027,0.0000,12.0000,electricity-generation
37.09570,79.93920,1,0.000,2.000,0.5027,80020.0000,50.0000,electricity-generation
44.54450,86.68900,1,0.000,2.000,0.5027,0.0000,30.0000,electricity-generation
44.31065,86.41831,2,1.144,3.144,4.1086,7396761.9679,39873.9726,electricity-generation
44.78480,84.90000,1,0.000,2.000,0.5027,2468200.0000,700.0000,electricity-generation
39.51940,76.39190,1,0.000,2.000,0.5027,0.0000,15.0000,electricity-generation
45.69140,85.11890,1,0.000,2.000,0.5027,84038.0000,74.4700,electricity-generation
43.98750,81.68370,1,0.000,2.000,0.5027,284770.0000,60.0000,electricity-generation
41.75360,83.14740,1,0.000,2.000,0.5027,0.0000,10.0000,electricity-generation
44.02900,87.78740,1,0.000,2.000,0.5027,5089.0000,75.0000,electricity-generation
38.37950,77.05500,1,0.000,2.000,0.5027,0.0000,12.0000,electricity-generation
44.08090,88.58880,1,0.000,2.000,0.5027,3211400.0000,600.0000,electricity-generation
37.75756,115.19131,2,0.975,2.975,2.9849,5468145.3875,305933.4247,electricity-generation
35.08789,108.09861,2,3.571,5.571,40.0636,5754900.0000,1060.0000,electricity-generation
32.10900,114.14090,1,0.000,2.000,0.5027,6570600.0000,1940.0000,electricity-generation
31.89300,121.20930,1,0.000,2.000,0.5027,182060.0000,30.0000,electricity-generation
35.19690,109.59410,1,0.000,2.000,0.5027,450040.0000,110.0000,electricity-generation
38.46140,112.74860,1,0.000,2.000,0.5027,5408500.0000,970.0000,electricity-generation
37.82205,113.43002,3,8.568,10.568,230.6051,6335002.2854,36429.1959,electricity-generation
28.16380,106.35210,1,0.000,2.000,0.5027,5818700.0000,1320.0000,electricity-generation
28.31670,106.25761,2,7.375,9.375,170.8694,312885.6634,84931.5068,electricity-generation
44.57296,117.63393,3,5.040,7.040,79.8010,2184794.5531,103217.5460,electricity-generation
38.44049,106.12413,2,2.137,4.137,14.3412,4408814.1136,101100.0000,electricity-generation
37.59880,113.72560,1,0.000,2.000,0.5027,143380.0000,144.0000,electricity-generation
42.31470,93.65060,1,0.000,2.000,0.5027,4972900.0000,1320.0000,electricity-generation
40.58333,115.08092,4,3.126,5.126,30.6997,3718989.4771,188455.9082,iron-and-steel
26.18478,104.11346,3,3.568,5.568,39.9954,2896927.6907,205442.2096,electricity-generation
23.95840,103.18910,1,0.000,2.000,0.5027,2266300.0000,600.0000,electricity-generation
34.33580,117.40060,1,0.000,2.000,0.5027,0.0000,0.0000,electricity-generation
36.68562,109.66569,2,1.228,3.228,4.7373,7518384.6400,139387.2055,electricity-generation
34.30740,120.24690,1,0.000,2.000,0.5027,8039800.0000,2000.0000,electricity-generation
35.46631,112.57405,4,7.140,9.140,160.1657,16926145.0388,54596.9093,lime
22.08801,111.64464,7,7.045,9.045,155.9133,4828734.5965,530751.7149,lime
40.26360,113.65080,1,0.000,2.000,0.5027,3052000.0000,700.0000,electricity-generation
39.05410,110.52410,1,0.000,2.000,0.5027,4067300.0000,1320.0000,electricity-generation
34.25890,108.11880,1,0.000,2.000,0.5027,1961300.0000,700.0000,electricity-generation
39.15120,117.03830,1,0.000,2.000,0.5027,4484500.0000,1200.0000,electricity-generation
21.54260,111.67030,1,0.000,2.000,0.5027,19762000.0000,5000.0000,electricity-generation
24.96687,103.01387,2,2.310,4.310,16.7618,8496259.3783,26904.1096,electricity-generation
35.03026,117.31275,3,5.584,7.584,97.9623,7604747.8848,424137.3260,electricity-generation
37.46819,121.03768,4,5.748,7.748,103.8040,2378208.0712,487556.8493,cement
35.27030,116.66530,1,0.000,2.000,0.5027,439900.0000,135.0000,electricity-generation
27.57890,106.65520,1,0.000,2.000,0.5027,5184000.0000,1200.0000,electricity-generation
37.38254,118.07212,3,1.404,3.404,6.1922,2892008.8877,210800.0000,oil-and-gas-refining
30.32049,111.49270,3,3.593,5.593,40.5503,4839699.9747,309477.7534,electricity-generation
30.49707,111.44222,4,10.774,12.774,364.6640,4503860.8090,56804.7945,electricity-generation
30.79060,111.35980,1,0.000,2.000,0.5027,143910.0000,150.0000,electricity-generation
47.73850,128.75060,1,0.000,2.000,0.5027,2810800.0000,700.0000,electricity-generation
28.01410,115.61680,1,0.000,2.000,0.5027,371720.0000,60.0000,electricity-generation
48.54970,119.77390,1,0.000,2.000,0.5027,19480000.0000,3500.0000,electricity-generation
30.92407,113.68729,3,2.739,4.739,23.5602,5336594.3423,204235.6164,chemicals
40.16021,122.03993,2,1.172,3.172,4.3154,774835.9368,20200.0000,electricity-generation
37.72740,106.74090,1,0.000,2.000,0.5027,5182600.0000,1320.0000,electricity-generation
46.78540,124.60180,1,0.000,2.000,0.5027,418890.0000,105.0000,electricity-generation
35.83640,119.98720,1,0.000,2.000,0.5027,185840.0000,30.0000,electricity-generation
31.39900,119.81790,7,11.903,13.903,445.1396,3726327.0559,262516.8131,electricity-generation
26.00934,117.36546,5,5.015,7.015,78.9977,3702362.0833,247835.2625,cement
29.36415,105.90646,2,2.195,4.195,15.1296,1085132.5728,41566.6371,electricity-generation
25.10110,110.06850,1,0.000,2.000,0.5027,1685700.0000,600.0000,electricity-generation
34.85630,110.47429,3,4.690,6.690,69.0952,7244742.3121,51906.5931,electricity-generation
39.86610,112.51170,1,0.000,2.000,0.5027,3553000.0000,660.0000,electricity-generation
37.64050,114.87930,1,0.000,2.000,0.5027,764970.0000,135.0000,electricity-generation
38.09012,113.47904,4,9.776,11.776,300.2218,6685745.1922,152207.6285,lime
28.14112,121.11553,2,4.173,6.173,54.7199,30069000.0000,8720.0000,electricity-generation
21.80440,109.78320,1,0.000,2.000,0.5027,381930.0000,60.0000,electricity-generation
38.28776,109.74807,5,8.174,10.174,209.9172,13319924.2895,54906.8493,electricity-generation
37.64584,108.93310,3,6.719,8.719,141.8282,1740304.4024,125529.1959,electricity-generation
22.51860,110.03700,1,0.000,2.000,0.5027,590710.0000,92.8000,electricity-generation
38.03370,109.41510,1,0.000,2.000,0.5027,8308900.0000,2000.0000,electricity-generation
38.42870,109.74120,1,0.000,2.000,0.5027,1204100.0000,280.0000,electricity-generation
38.40080,109.86460,1,0.000,2.000,0.5027,0.0000,0.0000,electricity-generation
25.07282,99.28534,2,0.057,2.057,0.5027,639496.1391,169875.0137,electricity-generation
35.00085,110.97141,3,4.568,6.568,65.5525,1463030.2493,19244.9315,aluminum
34.64410,110.28780,1,0.000,2.000,0.5027,5252200.0000,1200.0000,electricity-generation
23.00339,112.06489,6,9.516,11.516,284.4995,7599605.5644,778150.5657,cement
35.48670,116.47690,1,0.000,2.000,0.5027,2052800.0000,660.0000,electricity-generation
25.66766,100.33563,2,3.854,5.854,46.6739,402072.6688,93448.6575,electricity-generation
25.14145,102.07852,2,0.316,2.316,0.5027,1601543.3381,114737.5342,electricity-generation
23.49720,102.83560,1,0.000,2.000,0.5027,0.0000,10.0000,electricity-generation
21.96840,100.63940,1,0.000,2.000,0.5027,0.0000,18.0000,electricity-generation
25.13010,103.02810,1,0.000,2.000,0.5027,0.0000,38.0000,electricity-generation
24.85010,102.54320,1,0.000,2.000,0.5027,0.0000,36.0000,electricity-generation
25.58790,103.85180,1,0.000,2.000,0.5027,0.0000,35.0000,electricity-generation
24.05310,97.86940,1,0.000,2.000,0.5027,0.0000,15.0000,electricity-generation
25.30770,103.16550,1,0.000,2.000,0.5027,0.0000,21.0000,electricity-generation
24.15440,99.38340,1,0.000,2.000,0.5027,0.0000,12.0000,electricity-generation
27.22820,103.62100,1,0.000,2.000,0.5027,0.0000,15.0000,electricity-generation
27.59320,104.80420,1,0.000,2.000,0.5027,0.0000,12.0000,electricity-generation
36.97780,112.95470,1,0.000,2.000,0.5027,3305600.0000,600.0000,electricity-generation
39.81220,114.63650,1,0.000,2.000,0.5027,5675700.0000,1320.0000,electricity-generation
36.02501,104.05636,2,1.249,3.249,4.9016,9252884.2630,340426.0274,electricity-generation
32.12042,121.49902,2,0.984,2.984,3.0415,10329707.0421,497249.3151,electricity-generation
31.96790,120.45270,1,0.000,2.000,0.5027,430560.0000,70.0000,electricity-generation
29.38170,110.13180,1,0.000,2.000,0.5027,0.0000,0.0000,electricity-generation
40.65960,114.94380,1,0.000,2.000,0.5027,10080600.0000,2560.0000,electricity-generation
25.28330,117.39832,2,0.775,2.775,1.8855,2867650.0165,85531.5068,electricity-generation
24.06480,117.89010,1,0.000,2.000,0.5027,1412900.0000,540.0000,electricity-generation
36.72750,117.40360,2,2.051,4.051,13.2112,2449800.0000,1435.0000,electricity-generation
36.08720,111.39930,1,0.000,2.000,0.5027,3176900.0000,600.0000,electricity-generation
21.06075,110.48200,6,5.762,7.762,104.3131,28666766.7844,1486313.2420,electricity-generation
21.31320,110.40950,1,0.000,2.000,0.5027,13549000.0000,2520.0000,electricity-generation
37.38880,120.43650,1,0.000,2.000,0.5027,296180.0000,50.0000,electricity-generation
27.55323,120.48379,2,3.999,5.999,50.2456,0.0000,64.0000,electricity-generation
30.15210,121.53010,1,0.000,2.000,0.5027,0.0000,64.0000,electricity-generation
30.58149,120.18858,2,7.006,9.006,154.2084,2558644.2558,594532.5479,electricity-generation
29.22870,120.30390,1,0.000,2.000,0.5027,0.0000,30.0000,electricity-generation
28.46840,121.59710,1,0.000,2.000,0.5027,0.0000,45.0000,electricity-generation
29.84490,119.70140,4,4.496,6.496,63.5132,3037836.1819,561599.5383,cement
30.31290,120.82110,1,0.000,2.000,0.5027,0.0000,35.0000,electricity-generation
30.18386,119.78907,2,7.687,9.687,185.6524,695123.8529,169895.5137,electricity-generation
30.79450,120.18390,1,0.000,2.000,0.5027,0.0000,55.5000,electricity-generation
28.81195,118.72179,2,7.529,9.529,178.1030,268512.2854,34989.1959,electricity-generation
29.14740,119.83540,1,0.000,2.000,0.5027,0.0000,35.0000,electricity-generation
29.00220,119.70360,1,0.000,2.000,0.5027,0.0000,70.0000,electricity-generation
28.65260,120.12700,1,0.000,2.000,0.5027,0.0000,12.0000,electricity-generation
29.29260,119.42480,1,0.000,2.000,0.5027,0.0000,15.0000,electricity-generation
28.81950,121.20980,1,0.000,2.000,0.5027,0.0000,30.0000,electricity-generation
28.36330,119.83710,1,0.000,2.000,0.5027,0.0000,25.5000,electricity-generation
27.88020,118.97260,1,0.000,2.000,0.5027,0.0000,30.0000,electricity-generation
29.93398,122.10208,2,4.022,6.022,50.8301,0.0000,59.0000,electricity-generation
29.69550,121.56170,1,0.000,2.000,0.5027,0.0000,30.0000,electricity-generation
29.74875,121.38640,2,0.455,2.455,0.6515,0.0000,100.0000,electricity-generation
29.60680,119.87390,1,0.000,2.000,0.5027,0.0000,18.0000,electricity-generation
28.23180,120.21110,1,0.000,2.000,0.5027,0.0000,12.0000,electricity-generation
27.70163,120.69307,2,3.094,5.094,30.0761,0.0000,76.0000,electricity-generation
28.91590,121.70040,1,0.000,2.000,0.5027,0.0000,27.0000,electricity-generation
30.13120,120.84150,1,0.000,2.000,0.5027,0.0000,75.0000,electricity-generation
29.65840,120.80860,1,0.000,2.000,0.5027,0.0000,20.0000,electricity-generation
28.69730,121.45300,1,0.000,2.000,0.5027,6916500.0000,1260.0000,electricity-generation
29.01330,121.69720,1,0.000,2.000,0.5027,11170200.0000,3000.0000,electricity-generation
28.68590,121.25940,1,0.000,2.000,0.5027,0.0000,35.0000,electricity-generation
28.54890,121.54820,1,0.000,2.000,0.5027,0.0000,72.0000,electricity-generation
27.78240,120.13460,1,0.000,2.000,0.5027,0.0000,12.0000,electricity-generation
28.29640,121.38410,1,0.000,2.000,0.5027,0.0000,19.5000,electricity-generation
27.81580,120.78270,1,0.000,2.000,0.5027,0.0000,58.0000,electricity-generation
28.13650,120.54950,1,0.000,2.000,0.5027,0.0000,36.0000,electricity-generation
27.99467,120.83482,4,11.547,13.547,418.8976,12769800.0000,2942.8000,electricity-generation
28.97540,119.79770,1,0.000,2.000,0.5027,0.0000,24.0000,electricity-generation
29.35810,121.92130,1,0.000,2.000,0.5027,0.0000,12.0000,electricity-generation
28.05920,120.70390,1,0.000,2.000,0.5027,0.0000,30.0000,electricity-generation
29.07024,119.58040,2,0.084,2.084,0.5027,1081690.0000,907.0000,electricity-generation
29.75200,120.21010,1,0.000,2.000,0.5027,0.0000,74.0000,electricity-generation
29.59880,120.33160,1,0.000,2.000,0.5027,0.0000,10.0000,electricity-generation
28.95733,118.46466,3,3.520,5.520,38.9337,2147305.8999,527033.3425,cement
29.75930,122.12660,1,0.000,2.000,0.5027,6037400.0000,2000.0000,electricity-generation
25.38060,105.77910,1,0.000,2.000,0.5027,2526000.0000,700.0000,electricity-generation
34.70160,113.49590,1,0.000,2.000,0.5027,4421900.0000,1320.0000,electricity-generation
34.75230,113.85290,1,0.000,2.000,0.5027,0.0000,0.0000,electricity-generation
27.49280,104.94840,1,0.000,2.000,0.5027,4740100.0000,1200.0000,electricity-generation
22.66540,113.19590,1,0.000,2.000,0.5027,186310.0000,180.0000,electricity-generation
39.07310,109.47570,1,0.000,2.000,0.5027,1689700.0000,300.0000,electricity-generation
37.46150,111.11200,1,0.000,2.000,0.5027,2344500.0000,405.0000,electricity-generation
30.31847,121.95552,3,0.993,2.993,3.0964,18121641.6560,1153086.7123,electricity-generation
39.67590,123.20620,1,0.000,2.000,0.5027,5637000.0000,1200.0000,electricity-generation
33.04190,114.05360,1,0.000,2.000,0.5027,2736400.0000,660.0000,electricity-generation
39.78490,111.15930,1,0.000,2.000,0.5027,2727000.0000,600.0000,electricity-generation
39.57089,116.00644,2,3.725,5.725,43.5839,3492551.0777,187549.3151,electricity-generation
40.92270,112.64000,1,0.000,2.000,0.5027,3819700.0000,800.0000,electricity-generation
40.20200,117.92090,1,0.000,2.000,0.5027,0.0000,0.0000,electricity-generation
40.07662,117.99198,5,4.736,6.736,70.4712,3376857.8123,114173.0270,lime
37.06758,113.35609,3,4.341,6.341,59.1894,5860923.1385,138159.0041,electricity-generation
5.26074,-4.00581,4,1.490,3.490,6.9714,2913864.5431,76868.0000,electricity-generation
5.30160,-4.07630,1,0.000,2.000,0.5027,1523800.0000,686.0000,electricity-generation
3.79890,11.50550,1,0.000,2.000,0.5027,123850.0000,60.0000,electricity-generation
3.96720,9.81780,1,0.000,2.000,0.5027,181620.0000,88.0000,electricity-generation
4.01736,9.67628,2,4.482,6.482,63.1205,253037.5081,84945.6468,electricity-generation
9.30000,13.40000,1,0.000,2.000,0.5027,0.0000,0.0000,electricity-generation
3.02560,9.97690,1,0.000,2.000,0.5027,892490.0000,216.0000,electricity-generation
4.01670,9.20000,1,0.000,2.000,0.5027,21920.0000,10.6200,electricity-generation
-5.92820,12.36480,1,0.000,2.000,0.5027,87846.0000,14.5000,electricity-generation
-4.89121,11.91660,2,4.015,6.015,50.6557,0.0000,509.0000,electricity-generation
-4.24960,15.30250,1,0.000,2.000,0.5027,0.0000,32.0000,electricity-generation
10.33252,-75.50004,5,3.292,5.292,34.0495,4141612.3650,380494.0137,electricity-generation
4.17720,-72.60570,1,0.000,2.000,0.5027,0.0000,35.0000,electricity-generation
8.64660,-75.45940,1,0.000,2.000,0.5027,28231.0000,209.0000,electricity-generation
7.99110,-75.59460,1,0.000,2.000,0.5027,1125580.0000,434.0000,electricity-generation
3.27700,-76.31880,1,0.000,2.000,0.5027,0.0000,52.0000,electricity-generation
3.61580,-76.29552,2,3.406,5.406,36.4352,0.0000,53.0000,electricity-generation
7.07501,-73.87835,4,6.838,8.838,146.8877,1862635.1275,258647.3265,electricity-generation
9.55830,-73.46140,1,0.000,2.000,0.5027,316450.0000,146.8000,electricity-generation
4.31900,-76.08880,1,0.000,2.000,0.5027,0.0000,36.0000,electricity-generation
4.90690,-75.89660,1,0.000,2.000,0.5027,0.0000,34.5000,electricity-generation
11.02600,-74.81250,2,0.474,2.474,0.7068,381461.0000,661.0000,electricity-generation
10.93710,-74.76320,1,0.000,2.000,0.5027,1201140.0000,980.0000,electricity-generation
6.44440,-74.38070,1,0.000,2.000,0.5027,43380.0000,300.0000,electricity-generation
5.44530,-74.67440,1,0.000,2.000,0.5027,11204.4000,50.0000,electricity-generation
3.56254,-76.48664,3,3.709,5.709,43.2079,726827.8122,127845.2603,electricity-generation
11.26220,-73.41560,1,0.000,2.000,0.5027,1390300.0000,275.0000,electricity-generation
11.25990,-74.10310,1,0.000,2.000,0.5027,374390.0000,93.0000,electricity-generation
5.76490,-73.15230,1,0.000,2.000,0.5027,942940.0000,343.8000,electricity-generation
6.22636,-74.56756,2,1.275,3.275,5.1060,131383.4665,23426.5068,electricity-generation
7.84730,-72.63280,1,0.000,2.000,0.5027,960730.0000,335.0000,electricity-generation
5.44460,-72.45350,1,0.000,2.000,0.5027,646850.0000,260.0000,electricity-generation
4.97080,-73.94730,1,0.000,2.000,0.5027,467079.0000,226.0000,electricity-generation
14.91687,-23.54576,2,1.240,3.240,4.8301,120944.0000,49.3200,electricity-generation
16.76670,-22.98330,1,0.000,2.000,0.5027,34833.0000,14.2100,electricity-generation
10.41830,-85.47830,1,0.000,2.000,0.5027,0.0000,17.0000,electricity-generation
9.99240,-83.09990,2,0.822,2.822,2.1230,181700.0000,258.5000,electricity-generation
10.34970,-85.17840,1,0.000,2.000,0.5027,0.0000,32.5000,electricity-generation
10.04400,-84.75980,1,0.000,2.000,0.5027,113088.0000,202.4000,electricity-generation
23.10160,-81.52920,1,0.000,2.000,0.5027,115471.0000,30.0000,electricity-generation
20.00288,-75.85823,5,2.339,4.339,17.1847,1195767.7566,73228.9041,electricity-generation
23.18350,-82.02600,1,0.000,2.000,0.5027,906680.0000,312.5000,electricity-generation
22.18540,-80.50519,3,5.789,7.789,105.2727,864388.3230,65150.0000,electricity-generation
20.68170,-74.97220,1,0.000,2.000,0.5027,708250.0000,184.0000,electricity-generation
22.00910,-78.70520,1,0.000,2.000,0.5027,0.0000,64.0000,electricity-generation
21.56700,-77.27160,1,0.000,2.000,0.5027,484370.0000,125.0000,electricity-generation
20.72853,-75.59523,2,0.190,2.190,0.5027,1199710.0000,310.0000,electricity-generation
20.61400,-74.83180,1,0.000,2.000,0.5027,669750.0000,174.0000,electricity-generation
23.12203,-82.33331,3,2.654,4.654,22.1250,322037.1763,20063.0000,electricity-generation
23.01071,-82.74391,3,1.170,3.170,4.2996,325234.0674,84931.5068,electricity-generation
23.08760,-81.26890,1,0.000,2.000,0.5027,527060.0000,175.0000,electricity-generation
12.13034,-68.92320,3,1.346,3.346,5.6876,1031210.0000,335281.9500,electricity-generation
19.30420,-81.36370,1,0.000,2.000,0.5027,349190.0000,116.8500,electricity-generation
34.98090,33.74390,1,0.000,2.000,0.5027,1123270.0000,462.0000,electricity-generation
34.71050,33.18250,1,0.000,2.000,0.5027,473090.0000,150.0000,electricity-generation
34.72623,33.29637,2,1.838,3.838,10.6089,2597211.0306,170731.0137,electricity-generation
49.20555,16.61507,3,4.154,6.154,54.2230,166238.0000,202.3000,electricity-generation
50.02810,15.45050,1,0.000,2.000,0.5027,2555290.0000,820.0000,electricity-generation
49.90320,18.46890,1,0.000,2.000,0.5027,529690.0000,664.0000,electricity-generation
48.84780,17.12010,1,0.000,2.000,0.5027,372950.0000,137.0000,electricity-generation
49.82350,18.48030,1,0.000,2.000,0.5027,171530.0000,55.0000,electricity-generation
50.15350,14.12820,1,0.000,2.000,0.5027,1973880.0000,530.4000,electricity-generation
50.55437,13.60432,5,4.231,6.231,56.2466,3389635.0525,176195.8950,electricity-generation
50.25805,14.32492,2,0.312,2.312,0.5027,559772.9818,66118.0000,electricity-generation
49.00382,17.12761,2,0.123,2.123,0.5027,36252.2857,8693878.5909,electricity-generation
50.57760,13.77983,4,9.772,11.772,300.0207,3787662.8572,26082334.6728,glass
50.64369,13.90307,4,7.199,9.199,162.8212,638614.2862,130408051.3641,electricity-generation
50.08500,14.52530,1,0.000,2.000,0.5027,343080.0000,110.0000,electricity-generation
50.42622,14.40292,3,7.904,9.904,196.2887,1606814.2857,8694434.8909,electricity-generation
49.57090,17.30410,1,0.000,2.000,0.5027,157260.0000,50.0000,electricity-generation
50.12650,15.79330,1,0.000,2.000,0.5027,1155900.0000,425.0000,electricity-generation
49.20530,17.52020,1,0.000,2.000,0.5027,166650.0000,50.0000,electricity-generation
49.36850,14.70210,1,0.000,2.000,0.5027,94148.0000,60.0000,electricity-generation
49.74796,13.37596,2,2.382,4.382,17.8248,819650.0000,250.5000,electricity-generation
50.42670,13.67470,1,0.000,2.000,0.5027,5234500.0000,1841.0000,electricity-generation
50.57280,15.96400,1,0.000,2.000,0.5027,382640.0000,110.0000,electricity-generation
49.44510,17.42850,1,0.000,2.000,0.5027,17662.0000,5.0000,electricity-generation
49.69600,14.00300,1,0.000,2.000,0.5027,148900.0000,42.3900,electricity-generation
49.46250,17.14350,1,0.000,2.000,0.5027,86388.0000,58.0000,electricity-generation
50.40007,13.30258,2,3.676,5.676,42.4603,7912500.0000,1550.0000,electricity-generation
50.41720,14.93310,1,0.000,2.000,0.5027,222190.0000,70.0000,electricity-generation
49.79399,18.31609,2,0.419,2.419,0.5525,920708.4803,305982.4247,electricity-generation
50.14940,12.61030,1,0.000,2.000,0.5027,1345780.0000,338.0000,electricity-generation
49.83190,18.21130,1,0.000,2.000,0.5027,605520.0000,237.0000,electricity-generation
49.68991,18.64956,2,0.672,2.672,1.4188,4648165.4711,237870.2192,electricity-generation
50.25265,12.69898,2,5.373,7.373,90.6990,274864.2857,8694334.8909,electricity-generation
49.22500,17.65400,1,0.000,2.000,0.5027,129598.0000,61.0000,electricity-generation
48.82110,10.11810,1,0.000,2.000,0.5027,80314.0000,77.0000,electricity-generation
52.09844,9.38817,2,1.477,3.477,6.8506,0.0000,40.4000,electricity-generation
49.35350,7.21015,2,3.347,5.347,35.1962,386587.0000,792.0000,electricity-generation
52.50913,13.27137,5,9.688,11.688,294.8781,1778892.0000,1170.0000,electricity-generation
52.51785,13.46993,5,9.980,11.980,312.8809,2623139.3000,1272.0000,electricity-generation
49.82940,9.14820,1,0.000,2.000,0.5027,111406.0000,98.5000,electricity-generation
48.71720,9.37080,1,0.000,2.000,0.5027,1826420.0000,1045.0000,electricity-generation
50.82904,12.92079,2,3.393,5.393,36.1599,211252.0000,151.2000,electricity-generation
51.39207,6.71479,7,11.011,13.011,380.8741,10083235.5080,358384.3288,electricity-generation
51.56319,6.57770,2,4.461,6.461,62.5072,82829.0000,96.0000,electricity-generation
51.49614,6.72445,2,3.611,5.611,40.9593,14858668.2409,765173.5616,electricity-generation
51.62574,6.61523,3,7.101,9.101,158.3902,267858.6872,8154.4247,electricity-generation
51.45250,6.74371,4,7.206,9.206,163.1450,1661842.7598,110780.4589,electricity-generation
51.48902,6.96254,3,7.281,9.281,166.5255,541366.0920,14464.3562,electricity-generation
51.58387,7.02164,7,7.770,9.770,189.6716,6012684.6798,132496009.3329,electricity-generation
49.99500,8.39660,1,0.000,2.000,0.5027,118226.0000,113.9000,electricity-generation
53.65072,9.49674,3,1.988,3.988,12.4168,1284204.2668,91906.0274,electricity-generation
54.29030,9.72270,1,0.000,2.000,0.5027,242930.0000,87.0000,electricity-generation
48.38186,10.92147,4,2.589,4.589,21.0563,131043.1725,13526892.3359,electricity-generation
49.24187,6.85267,3,3.379,5.379,35.8596,3323288.0397,229860.8685,electricity-generation
50.98642,6.97850,7,9.688,11.688,294.8639,2176331.1725,13528163.8359,electricity-generation
51.27555,7.03464,6,11.548,13.548,418.9605,2319963.0064,384771.3010,electricity-generation
50.85229,6.98169,6,6.196,8.196,120.6082,5660588.9872,68801015.3824,electricity-generation
48.77662,11.74103,3,3.569,5.569,40.0072,1726515.5596,133636.3059,electricity-generation
51.61329,7.46526,5,3.119,5.119,30.5546,2279300.0002,851.5000,electricity-generation
51.63548,7.60820,2,6.657,8.657,139.2306,283462.1725,13527590.5959,electricity-generation
51.67573,7.72652,2,1.325,3.325,5.5180,618480.0000,1360.0400,electricity-generation
51.81177,11.73972,4,2.861,4.861,25.7149,562713.7459,13600031.6918,electricity-generation
48.49390,9.18560,1,0.000,2.000,0.5027,17265.0000,10.0000,electricity-generation
48.51090,9.07150,1,0.000,2.000,0.5027,24312.0000,14.0800,electricity-generation
50.78811,6.19259,2,5.629,7.629,99.5430,159157.0002,48879373.0381,electricity-generation
49.70520,8.41490,1,0.000,2.000,0.5027,581340.0000,374.0000,electricity-generation
53.30000,14.25000,1,0.000,2.000,0.5027,34534.0000,20.0000,electricity-generation
51.87126,12.58223,2,2.490,4.490,19.4766,1584827.5862,50978.9041,electricity-generation
51.48990,10.41310,1,0.000,2.000,0.5027,0.0000,20.0000,electricity-generation
51.63629,12.28361,4,3.233,5.233,32.8388,374297.1727,66548644.0067,electricity-generation
51.60215,7.28276,6,10.707,12.707,360.1307,4446890.0000,2686.0600,electricity-generation
49.49062,8.45227,15,7.737,9.737,188.0806,7517835.8243,13645335.2323,electricity-generation
51.42050,14.57030,1,0.000,2.000,0.5027,12488800.0000,2582.0000,electricity-generation
51.48306,13.90472,2,5.623,7.623,99.3164,220857.0000,170.4800,electricity-generation
51.58210,13.97670,1,0.000,2.000,0.5027,0.0000,25.0000,electricity-generation
52.28488,10.51295,2,2.337,4.337,17.1519,208659.0000,123.4000,electricity-generation
53.18970,8.40870,2,7.286,9.286,166.7675,33338.0000,290.0000,electricity-generation
49.20480,7.94400,1,0.000,2.000,0.5027,31746.0000,21.0000,electricity-generation
48.19066,12.82839,5,7.412,9.412,172.5851,1976017.3748,117073.6492,electricity-generation
52.17024,10.97827,2,0.189,2.189,0.5027,0.0000,42.3000,electricity-generation
51.68460,7.10000,1,0.000,2.000,0.5027,348830.0000,313.0000,electricity-generation
51.07023,6.84724,4,1.628,3.628,8.3274,2835973.8655,127370.4733,electricity-generation
51.76030,14.36980,1,0.000,2.000,0.5027,175860.0000,89.8800,electricity-generation
51.39663,7.47444,4,9.546,11.546,286.2840,853863.1508,47437.4522,electricity-generation
49.88570,8.64930,1,0.000,2.000,0.5027,102946.0000,94.0000,electricity-generation
51.50921,12.30544,3,0.403,2.403,0.5100,65310.3449,27053641.1918,glass
51.82760,12.23060,1,0.000,2.000,0.5027,85194.0000,40.2000,electricity-generation
51.14728,12.07636,3,5.510,7.510,95.3885,212429.0000,87.1000,electricity-generation
49.35296,6.74546,3,7.002,9.002,154.0132,4008500.4152,234525.9589,electricity-generation
47.91250,10.61170,1,0.000,2.000,0.5027,28475.0000,13.2000,electricity-generation
48.06270,10.48660,1,0.000,2.000,0.5027,24594.0000,11.4000,electricity-generation
51.51360,7.52510,1,0.000,2.000,0.5027,0.0000,0.0000,electricity-generation
51.12580,13.71630,1,0.000,2.000,0.5027,111428.0000,66.3000,electricity-generation
51.03750,13.72829,2,4.156,6.156,54.2582,691960.0000,372.3500,electricity-generation
49.97885,9.08290,4,5.315,7.315,88.7521,329024.3090,33884.2820,electricity-generation
51.19405,6.76688,10,6.859,8.859,147.8202,3062814.4807,13849.0660,electricity-generation
52.68101,6.89453,2,6.980,8.980,153.0582,7462.4000,151.0000,electricity-generation
54.14207,12.13093,3,3.442,5.442,37.2189,1989434.0000,682.5000,electricity-generation
52.40987,9.66892,4,9.739,11.739,297.9954,1346759.2000,706.0000,electricity-generation
52.39170,9.86547,3,4.574,6.574,65.7290,611376.5614,144410.9616,cement
50.87070,6.82788,7,3.860,5.860,46.8108,2471560.0000,2088.0000,electricity-generation
52.16628,14.62669,3,1.129,3.129,4.0051,2788238.6475,204029.8164,electricity-generation
49.98400,10.65140,1,0.000,2.000,0.5027,61310.0000,53.8000,electricity-generation
53.34220,7.20620,1,0.000,2.000,0.5027,96771.0000,52.0000,electricity-generation
52.98030,7.36360,1,0.000,2.000,0.5027,89461.0000,84.0000,electricity-generation
52.48161,7.30693,2,1.717,3.717,9.2632,1993918.9197,57133.4795,electricity-generation
52.56100,7.30803,2,0.380,2.380,0.5027,1292916.6545,97097.2500,electricity-generation
51.90730,8.40880,1,0.000,2.000,0.5027,21916.0000,19.3000,electricity-generation
51.01720,11.04020,1,0.000,2.000,0.5027,128374.0000,118.6000,electricity-generation
49.59300,11.00160,1,0.000,2.000,0.5027,33302.0000,30.0000,electricity-generation
52.64460,6.74310,1,0.000,2.000,0.5027,0.0000,70.0000,electricity-generation
51.86357,11.57609,3,0.307,2.307,0.5027,345524.2161,51956.9192,electricity-generation
50.09039,8.64164,8,9.617,11.617,290.5426,2022943.0000,937.4300,electricity-generation
54.80500,9.43240,1,0.000,2.000,0.5027,154666.0000,106.0000,electricity-generation
49.43006,11.03523,2,2.242,4.242,15.7872,246764.0000,953.0000,electricity-generation
52.31820,14.53150,1,0.000,2.000,0.5027,201510.0000,100.5000,electricity-generation
48.00474,7.84511,3,2.411,4.411,18.2686,134047.0000,99.4000,electricity-generation
48.18240,11.63293,2,2.853,4.853,25.5687,825762.0000,505.0000,electricity-generation
49.80000,9.92310,1,0.000,2.000,0.5027,158410.0000,123.5000,electricity-generation
51.01524,6.64997,3,6.767,8.767,143.8408,20316500.0000,4478.0000,electricity-generation
48.81006,9.22069,2,3.132,5.132,30.8263,416729.0000,232.8000,electricity-generation
50.84550,12.07880,1,0.000,2.000,0.5027,135650.0000,70.6000,electricity-generation
53.78100,9.42250,1,0.000,2.000,0.5027,0.0000,21.4000,electricity-generation
54.07030,13.39510,1,0.000,2.000,0.5027,72572.0000,38.0000,electricity-generation
47.53970,7.70690,1,0.000,2.000,0.5027,32468.0000,30.0000,electricity-generation
51.28937,11.99139,5,3.140,5.140,30.9779,3763753.0985,227599.3200,electricity-generation
51.39094,11.95826,3,7.792,9.792,190.7446,4621560.3647,48483.8696,electricity-generation
51.48609,11.97222,2,4.633,6.633,67.4433,228789.0000,204.8000,electricity-generation
48.77297,11.55408,5,6.248,8.248,122.6470,3626377.3877,231386.0000,electricity-generation
51.95010,7.64130,1,0.000,2.000,0.5027,110962.0000,100.0000,electricity-generation
53.13077,8.68832,3,0.430,2.430,0.5796,6807840.6219,337101.7671,electricity-generation
53.11402,8.81527,2,5.902,7.902,109.4477,0.0000,50.0000,electricity-generation
53.05920,8.87320,1,0.000,2.000,0.5027,201181.0000,105.0000,electricity-generation
53.50658,9.96713,9,6.778,8.778,144.3078,2842775.9708,210282.4110,electricity-generation
50.81260,9.97800,1,0.000,2.000,0.5027,78662.0000,57.7500,electricity-generation
47.75240,11.83980,1,0.000,2.000,0.5027,279250.0000,100.0000,electricity-generation
54.15773,9.07369,3,0.085,2.085,0.5027,1271291.6350,99286.0091,electricity-generation
49.17530,9.20740,1,0.000,2.000,0.5027,1715140.0000,1066.0000,electricity-generation
52.38160,8.99860,1,0.000,2.000,0.5027,0.0000,0.0000,electricity-generation
52.02974,8.54830,4,4.253,6.253,56.8259,219710.6545,17049.3410,electricity-generation
49.59910,8.22100,1,0.000,2.000,0.5027,36159.0000,20.5000,electricity-generation
50.80030,10.22060,1,0.000,2.000,0.5027,11428.8000,10.0000,electricity-generation
50.63150,10.69870,1,0.000,2.000,0.5027,16515.0000,14.0100,electricity-generation
48.75080,9.11030,1,0.000,2.000,0.5027,64713.0000,35.0000,electricity-generation
53.65390,11.37300,1,0.000,2.000,0.5027,27870.0000,23.9000,electricity-generation
51.32090,9.84990,1,0.000,2.000,0.5027,0.0000,34.0000,electricity-generation
54.34045,10.17565,3,3.485,5.485,38.1521,468415.0000,212.0000,electricity-generation
52.28580,7.74600,1,0.000,2.000,0.5027,0.0000,0.0000,electricity-generation
50.43490,7.43210,1,0.000,2.000,0.5027,213490.0000,16.5000,electricity-generation
48.65712,10.16022,2,1.607,3.607,8.1092,259967.4780,84962.9068,electricity-generation
49.81080,9.01170,1,0.000,2.000,0.5027,12187.1000,11.4000,electricity-generation
52.48801,13.83260,3,0.296,2.296,0.5027,511652.2222,195720.6486,electricity-generation
51.06920,12.19590,1,0.000,2.000,0.5027,151480.0000,135.0000,electricity-generation
51.83570,14.45780,1,0.000,2.000,0.5027,8727900.0000,2140.0000,electricity-generation
50.56730,9.67940,1,0.000,2.000,0.5027,47896.0000,34.3300,electricity-generation
50.89878,11.58461,2,2.214,4.214,15.4001,357085.1725,13527068.4959,electricity-generation
50.91650,6.37300,1,0.000,2.000,0.5027,41051.0000,25.2000,electricity-generation
49.44340,7.77480,1,0.000,2.000,0.5027,52326.0000,27.4000,electricity-generation
50.72969,7.06998,2,2.808,4.808,24.7632,138037.1725,13526905.0959,electricity-generation
51.27141,9.47095,3,3.072,5.072,29.6394,294883.0000,174.0000,electricity-generation
48.89412,11.92776,2,2.028,4.028,12.9265,433309.0010,59437.8672,electricity-generation
53.85630,13.71010,1,0.000,2.000,0.5027,28836.0000,15.1000,electricity-generation
52.19510,8.64890,1,0.000,2.000,0.5027,177880.0000,161.6900,electricity-generation
52.39753,12.44971,2,3.575,5.575,40.1535,301120.8545,153041.7123,electricity-generation
52.07010,11.38530,1,0.000,2.000,0.5027,77418.0000,42.7400,electricity-generation
49.45668,8.63112,2,4.912,6.912,75.7899,48375.1725,13526825.0759,electricity-generation
52.30450,13.63640,1,0.000,2.000,0.5027,0.0000,17.7000,electricity-generation
53.14880,12.38020,1,0.000,2.000,0.5027,0.0000,19.7000,electricity-generation
48.43540,10.23350,1,0.000,2.000,0.5027,448330.0000,319.0000,electricity-generation
51.32191,12.38156,2,3.265,5.265,33.4849,357426.0000,294.0000,electricity-generation
51.15140,13.97760,1,0.000,2.000,0.5027,37233.0000,36.0000,electricity-generation
51.18450,12.37290,1,0.000,2.000,0.5027,7890000.0000,1866.0000,electricity-generation
50.02784,8.24046,5,2.475,4.475,19.2395,1883408.3172,27135507.8233,electricity-generation
48.92750,9.23000,1,0.000,2.000,0.5027,1589400.0000,695.0000,electricity-generation
49.03908,8.31902,6,3.547,5.547,39.5347,7318670.8230,314566.6500,electricity-generation
52.31500,10.09400,1,0.000,2.000,0.5027,91627.0000,750.0000,electricity-generation
49.22820,7.59550,1,0.000,2.000,0.5027,206980.0000,16.0000,electricity-generation
52.18530,11.67910,1,0.000,2.000,0.5027,755550.0000,58.4000,electricity-generation
48.11400,11.55600,1,0.000,2.000,0.5027,1326300.0000,1008.0000,electricity-generation
50.89400,9.99720,2,0.226,2.226,0.5027,54047.0000,92.3000,electricity-generation
53.57450,13.29510,1,0.000,2.000,0.5027,85707.0000,75.0000,electricity-generation
54.08310,9.99060,1,0.000,2.000,0.5027,0.0000,26.9000,electricity-generation
53.09700,7.39540,1,0.000,2.000,0.5027,0.0000,20.8000,electricity-generation
53.40320,8.12820,1,0.000,2.000,0.5027,52010.0000,40.9200,electricity-generation
48.89730,8.72450,1,0.000,2.000,0.5027,62225.0000,63.2000,electricity-generation
48.80070,12.86820,1,0.000,2.000,0.5027,134250.0000,124.0000,electricity-generation
52.36610,13.11250,1,0.000,2.000,0.5027,96356.0000,84.0000,electricity-generation
49.33450,7.03350,1,0.000,2.000,0.5027,223444.0000,724.0000,electricity-generation
49.22286,7.01181,2,2.652,4.652,22.0928,510122.0000,239.0000,electricity-generation
50.40350,11.70075,2,0.003,2.003,0.5027,95774.6545,16954.5410,electricity-generation
52.15895,10.40599,2,1.162,3.162,4.2436,8196122.8731,441955.8356,electricity-generation
50.68690,11.32930,1,0.000,2.000,0.5027,14753.0000,12.6000,electricity-generation
51.53790,14.35350,1,0.000,2.000,0.5027,7969600.0000,1600.0000,electricity-generation
53.09707,14.23476,3,5.660,7.660,100.6269,3379398.6467,234386.9000,electricity-generation
53.57790,11.39650,1,0.000,2.000,0.5027,81198.0000,69.6000,electricity-generation
50.70230,8.07350,1,0.000,2.000,0.5027,0.0000,20.0000,electricity-generation
48.69720,8.99920,1,0.000,2.000,0.5027,188810.0000,112.0000,electricity-generation
47.66410,10.28529,2,3.326,5.326,34.7499,54972.0000,30.5000,electricity-generation
51.16140,12.78150,1,0.000,2.000,0.5027,36672.0000,17.0000,electricity-generation
50.08810,8.95220,1,0.000,2.000,0.5027,2437800.0000,1175.0000,electricity-generation
52.72812,12.00628,3,0.456,2.456,0.6527,2050165.5295,364443.8102,electricity-generation
49.46420,7.14890,1,0.000,2.000,0.5027,29318.0000,20.0000,electricity-generation
51.45060,14.11200,1,0.000,2.000,0.5027,0.0000,21.0000,electricity-generation
52.23020,13.30190,1,0.000,2.000,0.5027,361300.0000,191.0000,electricity-generation
47.89060,7.61610,1,0.000,2.000,0.5027,194050.0000,15.0000,electricity-generation
51.67400,7.92920,2,2.954,4.954,27.4213,835170.0000,838.0000,electricity-generation
48.39650,9.96470,1,0.000,2.000,0.5027,39150.0000,20.5000,electricity-generation
47.80570,10.90210,1,0.000,2.000,0.5027,255300.0000,173.2500,electricity-generation
52.19010,8.93450,1,0.000,2.000,0.5027,0.0000,0.0000,electricity-generation
50.61670,7.13330,1,0.000,2.000,0.5027,0.0000,0.0000,electricity-generation
49.01770,9.15770,1,0.000,2.000,0.5027,33031.0000,136.0000,electricity-generation
53.56680,9.72570,1,0.000,2.000,0.5027,991710.0000,390.7000,electricity-generation
50.32110,7.23390,1,0.000,2.000,0.5027,68646.0000,63.0000,electricity-generation
50.83960,6.32240,1,0.000,2.000,0.5027,9138200.0000,1995.0000,electricity-generation
51.27570,7.70730,1,0.000,2.000,0.5027,0.0000,0.0000,electricity-generation
51.46560,12.59200,1,0.000,2.000,0.5027,38888.0000,51.7000,electricity-generation
51.98014,9.80394,3,5.388,7.388,91.2131,166624.8270,13543744.9369,electricity-generation
48.35648,9.73473,3,9.970,11.970,312.2801,936285.9439,203860.8164,cement
53.56495,8.14210,3,2.115,4.115,14.0571,2178916.4053,260830.0000,electricity-generation
52.43856,10.77166,2,1.290,3.290,5.2276,454373.0000,727.0000,electricity-generation
52.29935,11.67515,2,0.317,2.317,0.5027,81029.0000,50.8600,electricity-generation
49.31110,12.08580,1,0.000,2.000,0.5027,284580.0000,76.0000,electricity-generation
48.45530,11.79950,1,0.000,2.000,0.5027,1110210.0000,524.0000,electricity-generation
51.72900,6.35950,1,0.000,2.000,0.5027,21772.0000,11.4000,electricity-generation
11.57540,43.15710,1,0.000,2.000,0.5027,90988.0000,89.5000,electricity-generation
56.68130,10.04220,1,0.000,2.000,0.5027,6964.5000,30.4800,electricity-generation
55.61231,12.49585,3,11.131,13.131,389.2439,1205787.0000,1250.7300,electricity-generation
55.71244,12.58900,2,3.743,5.743,44.0079,8443.7000,276.5000,electricity-generation
55.65622,11.09640,2,1.136,3.136,4.0525,1315549.7474,110030.0000,electricity-generation
55.78470,12.52280,1,0.000,2.000,0.5027,8785.6000,39.1000,electricity-generation
55.02060,9.44190,1,0.000,2.000,0.5027,0.0000,0.0000,electricity-generation
55.45542,8.45625,2,0.923,2.923,2.6736,53863.7000,432.0000,electricity-generation
55.42940,10.41020,1,0.000,2.000,0.5027,119348.7000,783.0000,electricity-generation
56.42180,10.89480,1,0.000,2.000,0.5027,5344.1000,25.0000,electricity-generation
56.12140,9.00680,1,0.000,2.000,0.5027,81.7910,80.3800,electricity-generation
57.46420,9.98230,1,0.000,2.000,0.5027,17045.0000,57.3400,electricity-generation
55.85190,9.85770,1,0.000,2.000,0.5027,58955.0000,45.8000,electricity-generation
55.81240,11.87930,1,0.000,2.000,0.5027,223590.0000,404.0000,electricity-generation
56.22820,10.15770,1,0.000,2.000,0.5027,0.0000,37.0000,electricity-generation
56.39460,8.61860,1,0.000,2.000,0.5027,0.0000,27.0000,electricity-generation
57.06710,10.00255,2,2.426,4.426,18.4899,1390570.5030,201128.1507,electricity-generation
55.09330,14.69620,1,0.000,2.000,0.5027,48101.0000,98.1000,electricity-generation
56.45790,10.04660,1,0.000,2.000,0.5027,0.0000,52.0000,electricity-generation
56.20060,9.55930,1,0.000,2.000,0.5027,66878.6300,104.0000,electricity-generation
55.51230,9.61880,1,0.000,2.000,0.5027,0.0000,95.0000,electricity-generation
54.93030,9.78190,1,0.000,2.000,0.5027,30590.0000,56.5000,electricity-generation
55.20770,11.25210,1,0.000,2.000,0.5027,0.0000,0.0000,electricity-generation
56.25020,10.34490,1,0.000,2.000,0.5027,29378.0000,754.5000,electricity-generation
55.70700,12.42120,1,0.000,2.000,0.5027,0.0000,39.0000,electricity-generation
56.47380,9.41260,1,0.000,2.000,0.5027,16883.0000,57.0000,electricity-generation
18.43396,-69.62673,2,3.060,5.060,29.4113,991200.0000,529.0000,electricity-generation
18.22110,-71.08670,1,0.000,2.000,0.5027,233100.0000,68.0000,electricity-generation
18.66370,-68.43340,1,0.000,2.000,0.5027,277590.0000,101.5600,electricity-generation
18.48451,-69.88229,3,2.197,4.197,15.1652,693958.0000,588.7500,electricity-generation
18.92950,-70.35730,1,0.000,2.000,0.5027,495000.0000,198.0000,electricity-generation
18.40579,-70.02733,4,9.120,11.120,261.3102,1610989.7997,34505.5000,electricity-generation
19.24780,-70.55100,1,0.000,2.000,0.5027,142130.0000,94.5000,electricity-generation
18.49630,-69.34648,7,6.414,8.414,129.2390,2569204.3567,213329.2671,electricity-generation
18.34875,-70.83555,2,0.423,2.423,0.5617,50342.7000,278.0000,electricity-generation
18.55580,-70.01280,1,0.000,2.000,0.5027,91072.0000,107.0000,electricity-generation
19.20350,-70.09260,1,0.000,2.000,0.5027,159030.0000,109.0000,electricity-generation
18.23260,-70.23770,1,0.000,2.000,0.5027,3304500.0000,752.0000,electricity-generation
18.27343,-70.14379,2,0.367,2.367,0.5027,1121972.2038,322764.7260,electricity-generation
27.89450,-0.29520,1,0.000,2.000,0.5027,285810.0000,124.6000,electricity-generation
36.15760,5.20650,1,0.000,2.000,0.5027,1369900.0000,1014.0000,electricity-generation
35.86780,6.02560,1,0.000,2.000,0.5027,1895200.0000,793.6000,electricity-generation
36.65030,4.87960,1,0.000,2.000,0.5027,452180.0000,184.0000,electricity-generation
36.89710,7.77180,1,0.000,2.000,0.5027,180520.0000,72.0000,electricity-generation
36.72970,3.18490,1,0.000,2.000,0.5027,288150.0000,108.0000,electricity-generation
36.67464,3.11485,2,1.289,3.289,5.2217,916820.4636,73471.0000,electricity-generation
36.73678,6.25203,2,0.715,2.715,1.6058,2324311.2198,179156.1644,electricity-generation
30.10910,-2.19080,1,0.000,2.000,0.5027,288200.0000,115.0000,electricity-generation
36.14010,2.93020,1,0.000,2.000,0.5027,1085160.0000,489.0000,electricity-generation
36.59690,2.87850,1,0.000,2.000,0.5027,1901300.0000,846.0000,electricity-generation
35.56580,-0.93860,1,0.000,2.000,0.5027,1625500.0000,714.0000,electricity-generation
27.18390,2.43580,1,0.000,2.000,0.5027,184940.0000,80.0000,electricity-generation
36.79384,7.70150,2,0.590,2.590,1.0922,356061.1251,93575.3875,electricity-generation
33.27470,6.75240,1,0.000,2.000,0.5027,441330.0000,176.0000,electricity-generation
35.76670,7.36190,1,0.000,2.000,0.5027,969790.0000,392.0000,electricity-generation
36.57670,2.07970,1,0.000,2.000,0.5027,1680700.0000,1227.0000,electricity-generation
36.74890,3.08230,1,0.000,2.000,0.5027,857070.0000,418.0000,electricity-generation
35.79120,-0.23897,4,8.815,10.815,244.1265,6943894.7754,603457.3425,electricity-generation
30.82350,8.03010,1,0.000,2.000,0.5027,1018730.0000,400.0000,electricity-generation
31.89180,5.98000,1,0.000,2.000,0.5027,0.0000,0.0000,electricity-generation
31.78836,6.00834,3,4.602,6.602,66.5355,3909110.0258,23714.0000,electricity-generation
31.67470,6.06060,1,0.000,2.000,0.5027,193960.0000,72.0000,electricity-generation
33.13639,3.36343,4,1.521,3.521,7.2631,2712770.0000,1323.0000,electricity-generation
36.81390,5.87600,1,0.000,2.000,0.5027,1686400.0000,588.0000,electricity-generation
35.55010,6.86980,1,0.000,2.000,0.5027,1257670.0000,1307.6000,electricity-generation
36.88500,8.07780,1,0.000,2.000,0.5027,1629700.0000,1200.0000,electricity-generation
34.50380,6.98210,1,0.000,2.000,0.5027,996100.0000,420.0000,electricity-generation
36.59890,3.13740,1,0.000,2.000,0.5027,1355440.0000,560.0000,electricity-generation
35.70828,4.47714,2,0.192,2.192,0.5027,2536750.0000,1064.0000,electricity-generation
33.47318,-0.33977,2,0.882,2.882,2.4452,1538050.0000,944.0000,electricity-generation
34.44100,5.88930,1,0.000,2.000,0.5027,1553300.0000,856.0000,electricity-generation
36.84990,3.69970,1,0.000,2.000,0.5027,3517800.0000,1876.1600,electricity-generation
35.70950,-0.63190,1,0.000,2.000,0.5027,381450.0000,133.0000,electricity-generation
35.78350,0.54070,1,0.000,2.000,0.5027,1114470.0000,465.0000,electricity-generation
36.87411,6.96316,5,2.572,4.572,20.7785,5627987.4379,445008.3744,electricity-generation
35.46090,-1.22810,1,0.000,2.000,0.5027,1634900.0000,1200.0000,electricity-generation
35.33960,1.35620,1,0.000,2.000,0.5027,1043530.0000,420.0000,electricity-generation
27.23640,-0.14780,1,0.000,2.000,0.5027,480890.0000,192.0000,electricity-generation
-2.23813,-79.89941,6,7.687,9.687,185.6298,2176120.0000,894.0700,electricity-generation
-3.98330,-79.35000,1,0.000,2.000,0.5027,45056.0000,19.2200,electricity-generation
-0.98100,-80.64180,1,0.000,2.000,0.5027,349910.0000,149.3000,electricity-generation
-0.52880,-76.12630,1,0.000,2.000,0.5027,280310.0000,119.6000,electricity-generation
-2.18174,-80.04277,2,0.953,2.953,2.8526,2241714.4542,458810.1370,electricity-generation
-2.05220,-79.94800,1,0.000,2.000,0.5027,309410.0000,102.0000,electricity-generation
0.93119,-79.69039,2,0.582,2.582,1.0628,1531005.3531,110232.7000,electricity-generation
-0.22990,-78.52500,1,0.000,2.000,0.5027,80385.0000,34.3000,electricity-generation
-0.27080,-78.45110,1,0.000,2.000,0.5027,122795.0000,52.4000,electricity-generation
-2.42040,-79.34370,1,0.000,2.000,0.5027,0.0000,30.0000,electricity-generation
-2.20850,-79.43590,1,0.000,2.000,0.5027,0.0000,35.0000,electricity-generation
0.03330,-78.15000,1,0.000,2.000,0.5027,29296.0000,12.5000,electricity-generation
-2.23295,-80.87529,2,3.364,5.364,35.5597,468129.4742,45090.1000,electricity-generation
-0.36360,-78.54020,1,0.000,2.000,0.5027,154700.0000,51.0000,electricity-generation
-3.11700,-79.87920,1,0.000,2.000,0.5027,511530.0000,230.0000,electricity-generation
-0.11830,-76.34190,1,0.000,2.000,0.5027,68616.0000,42.0000,electricity-generation
-2.12620,-79.59960,1,0.000,2.000,0.5027,0.0000,33.5000,electricity-generation
30.05380,31.04640,1,0.000,2.000,0.5027,2679800.0000,1580.0000,electricity-generation
31.27033,30.12097,3,2.638,4.638,21.8571,8556459.0275,242573.5851,chemicals
30.40270,32.30870,1,0.000,2.000,0.5027,1970200.0000,600.0000,electricity-generation
29.63447,32.34672,4,6.687,8.687,140.4630,8267735.1869,317078.4904,electricity-generation
31.07260,34.17950,1,0.000,2.000,0.5027,448150.0000,160.0000,electricity-generation
31.11560,33.68330,1,0.000,2.000,0.5027,763500.0000,338.7000,electricity-generation
27.21051,31.16283,4,5.507,7.507,95.2737,4679952.3413,91400.0000,electricity-generation
29.94139,32.48525,6,4.784,6.784,71.8948,8979285.9408,435520.1370,electricity-generation
30.49740,31.22340,1,0.000,2.000,0.5027,944020.0000,750.0000,electricity-generation
27.17732,31.00789,3,4.707,6.707,69.6117,4062540.6789,485659.5890,electricity-generation
28.92131,31.01639,2,6.115,8.115,117.4841,6664247.5210,259594.5205,electricity-generation
31.53070,30.80670,1,0.000,2.000,0.5027,5691200.0000,4800.0000,electricity-generation
30.13048,31.21472,5,8.202,10.202,211.3612,14165794.9629,208235.7534,electricity-generation
29.83455,31.31967,8,10.285,12.285,332.3017,13089791.8258,1072354.8438,electricity-generation
31.08190,30.42920,1,0.000,2.000,0.5027,1214570.0000,456.4800,electricity-generation
31.38110,31.72370,1,0.000,2.000,0.5027,2478700.0000,1450.0000,electricity-generation
31.46845,31.76194,3,9.390,11.390,276.9744,3403140.3005,284906.3075,chemicals
31.01814,29.79362,6,5.604,7.604,98.6476,3361416.9721,224300.8813,electricity-generation
31.17928,30.52927,2,0.647,2.647,1.3167,2269150.0000,1384.0000,electricity-generation
31.21580,29.99530,1,0.000,2.000,0.5027,660460.0000,199.8000,electricity-generation
30.46530,31.92340,1,0.000,2.000,0.5027,2409100.0000,1567.0000,electricity-generation
26.33990,31.89000,1,0.000,2.000,0.5027,72823.0000,50.0000,electricity-generation
27.14890,33.81770,1,0.000,2.000,0.5027,855070.0000,428.1000,electricity-generation
31.12930,30.19320,1,0.000,2.000,0.5027,1444800.0000,440.0000,electricity-generation
31.12452,29.82761,5,10.018,12.018,315.2849,3723910.5151,667520.5479,oil-and-gas-refining
29.27196,31.22566,2,2.319,4.319,16.8885,6203280.0000,2896.0000,electricity-generation
27.73590,30.84290,1,0.000,2.000,0.5027,72823.0000,50.0000,electricity-generation
31.37040,27.20440,1,0.000,2.000,0.5027,197020.0000,60.0000,electricity-generation
29.90940,31.75580,1,0.000,2.000,0.5027,5707000.0000,4800.0000,electricity-generation
30.24830,30.94710,1,0.000,2.000,0.5027,2818800.0000,2250.0000,electricity-generation
30.69930,30.66710,1,0.000,2.000,0.5027,2888600.0000,2265.0000,electricity-generation
29.91150,32.59480,1,0.000,2.000,0.5027,2101500.0000,640.0000,electricity-generation
31.09950,32.52020,1,0.000,2.000,0.5027,2241300.0000,682.6000,electricity-generation
25.91220,32.75450,1,0.000,2.000,0.5027,0.0000,45.0000,electricity-generation
28.30414,30.73711,2,2.793,4.793,24.5082,277089.6402,35721.2329,electricity-generation
27.89330,34.27940,1,0.000,2.000,0.5027,848200.0000,418.2800,electricity-generation
31.04440,29.66040,1,0.000,2.000,0.5027,5336900.0000,2102.6000,electricity-generation
31.06200,31.39260,1,0.000,2.000,0.5027,2343700.0000,1170.0000,electricity-generation
31.44290,31.60470,1,0.000,2.000,0.5027,2672400.0000,1500.0000,electricity-generation
15.42110,38.92210,1,0.000,2.000,0.5027,51374.0000,33.1000,electricity-generation
15.58287,39.44456,2,7.233,9.233,164.3660,262266.3060,3980.2178,electricity-generation
23.68160,-15.95940,1,0.000,2.000,0.5027,0.0000,78.4000,electricity-generation
27.15520,-13.23280,1,0.000,2.000,0.5027,0.0000,228.0000,electricity-generation
43.53585,-5.73046,3,2.805,4.805,24.7199,2302646.6250,306113.4247,electricity-generation
39.96212,-3.86806,2,5.609,7.609,98.8344,1081682.1037,77197.3562,electricity-generation
41.54849,0.82449,2,2.090,4.090,13.7289,25628.0000,38.8300,electricity-generation
41.85590,-1.92240,1,0.000,2.000,0.5027,23222.0000,14.8000,electricity-generation
39.98560,-3.36900,1,0.000,2.000,0.5027,22166.0000,25.8500,electricity-generation
39.81070,3.09140,1,0.000,2.000,0.5027,342640.0000,335.0000,electricity-generation
43.21845,-2.73455,4,7.187,9.187,162.2504,1219553.7360,134447.7060,electricity-generation
42.83930,-6.53330,1,0.000,2.000,0.5027,0.0000,0.0000,electricity-generation
36.67210,-5.81640,1,0.000,2.000,0.5027,931000.0000,1575.4000,electricity-generation
28.07465,-16.66195,2,3.345,5.345,35.1571,134592.0000,100.0000,electricity-generation
42.41940,-2.25110,1,0.000,2.000,0.5027,365610.0000,784.6000,electricity-generation
43.44100,-7.86300,1,0.000,2.000,0.5027,583210.0000,770.0000,electricity-generation
37.60740,-4.29660,1,0.000,2.000,0.5027,0.0000,25.0000,electricity-generation
36.18464,-5.39628,8,4.912,6.912,75.7905,4741667.8594,344479.3182,electricity-generation
43.17836,-2.92220,3,4.360,6.360,59.7190,451925.9159,41625152.3407,glass
43.26570,-2.96608,3,8.033,10.033,202.7166,127038.2055,147876.8219,iron-and-steel
43.32935,-3.09010,5,7.553,9.553,179.2145,3386609.2863,4706087.8447,electricity-generation
41.42104,1.98744,4,11.008,13.008,380.6956,744072.8825,363582.9493,electricity-generation
27.80420,-15.43790,1,0.000,2.000,0.5027,626480.0000,675.0000,electricity-generation
41.43090,2.21869,3,5.664,7.664,100.7923,2493996.4597,4469869.5434,electricity-generation
37.35900,-4.50130,1,0.000,2.000,0.5027,0.0000,27.1000,electricity-generation
43.15621,-8.02325,2,1.008,3.008,3.1893,25237.0000,125.0000,electricity-generation
42.65000,-8.90000,1,0.000,2.000,0.5027,27843.0000,26.7800,electricity-generation
28.38140,-16.35750,1,0.000,2.000,0.5027,309120.0000,245.7000,electricity-generation
37.57164,-0.92839,6,2.162,4.162,14.6794,4312021.4600,223356.4400,electricity-generation
37.70440,-1.10000,1,0.000,2.000,0.5027,91518.0000,95.9000,electricity-generation
42.16576,-1.67580,2,4.555,6.555,65.1828,897660.0000,23474476.8583,electricity-generation
39.97539,-0.23076,7,7.004,9.004,154.1294,150555.1101,30205285.8173,glass
39.95430,-0.00657,6,11.857,13.857,441.6460,1766623.3487,13056820.4931,glass
41.21670,-0.29280,1,0.000,2.000,0.5027,98552.0000,773.0000,electricity-generation
39.56720,2.68950,1,0.000,2.000,0.5027,365200.0000,462.8000,electricity-generation
40.45680,-1.24800,1,0.000,2.000,0.5027,21424.0000,24.8000,electricity-generation
35.90260,-5.28950,1,0.000,2.000,0.5027,152550.0000,141.4000,electricity-generation
38.81670,-0.61670,1,0.000,2.000,0.5027,11776.4000,13.6000,electricity-generation
42.62328,-6.56842,2,1.271,3.271,5.0749,0.0000,50.0000,electricity-generation
40.06751,-0.18858,5,5.280,7.280,87.5771,100116.4915,17260176.4642,glass
28.45400,-16.27810,1,0.000,2.000,0.5027,39707.0000,38.0000,electricity-generation
37.18437,-6.89811,5,5.279,7.279,87.5575,3234648.2610,191719.8000,electricity-generation
41.83950,-4.56010,1,0.000,2.000,0.5027,48185.0000,53.3600,electricity-generation
41.16994,1.22364,7,7.558,9.558,179.4439,4093543.4850,332252.1507,electricity-generation
37.30730,-6.86150,1,0.000,2.000,0.5027,41240.0000,167.5000,electricity-generation
43.52530,-6.72112,3,3.088,5.088,29.9615,233240.0523,58120.1257,electricity-generation
42.41105,-8.67556,2,0.961,2.961,2.8998,164027.5226,43660.6886,electricity-generation
38.67351,-4.05717,7,6.841,8.841,147.0079,2239707.8835,175727.1644,electricity-generation
39.23790,-3.42330,1,0.000,2.000,0.5027,0.0000,15.9800,electricity-generation
42.48380,-3.15080,1,0.000,2.000,0.5027,17485.0000,21.3700,electricity-generation
41.29730,-0.33650,1,0.000,2.000,0.5027,825720.0000,800.0000,electricity-generation
41.28090,-0.21760,1,0.000,2.000,0.5027,228780.0000,276.0000,electricity-generation
40.79450,-0.81560,1,0.000,2.000,0.5027,0.0000,0.0000,electricity-generation
40.84360,-1.88760,1,0.000,2.000,0.5027,16868.0000,10.7500,electricity-generation
41.75200,-1.18020,1,0.000,2.000,0.5027,17634.0000,20.9400,electricity-generation
42.88050,-8.54570,1,0.000,2.000,0.5027,25996.0000,25.0000,electricity-generation
43.46210,-8.23660,1,0.000,2.000,0.5027,26411.0000,25.4000,electricity-generation
40.27851,-3.75598,3,5.558,7.558,97.0461,136989.7966,51070.4441,electricity-generation
43.41732,-3.82348,4,5.885,7.885,108.8102,373020.2265,63775.3301,other-metals
42.68100,-2.92700,1,0.000,2.000,0.5027,45112.0000,48.0000,electricity-generation
43.34561,-8.45599,5,6.161,8.161,119.2445,1927490.7963,120487.3000,electricity-generation
43.28092,-1.99205,3,4.752,6.752,70.9456,303191.9635,89252.5822,electricity-generation
28.08480,-16.49340,1,0.000,2.000,0.5027,669730.0000,717.0000,electricity-generation
28.22250,-16.80380,1,0.000,2.000,0.5027,67296.0000,50.0000,electricity-generation
28.03752,-15.40928,2,6.831,8.831,146.6045,274227.8729,4315256.2810,electricity-generation
43.29640,-5.68250,1,0.000,2.000,0.5027,0.0000,0.0000,electricity-generation
43.31894,-5.83591,4,5.536,7.536,96.2967,1733816.9972,137739.8025,electricity-generation
42.79872,-5.61848,2,1.534,3.534,7.3970,389639.7452,101917.8082,electricity-generation
40.34865,-3.61702,2,2.137,4.137,14.3505,208173.9842,54444.9562,electricity-generation
28.50420,-13.84520,1,0.000,2.000,0.5027,229750.0000,197.6800,electricity-generation
36.96786,-1.90591,2,1.175,3.175,4.3346,251451.9616,127397.2603,electricity-generation
39.99520,-2.04030,1,0.000,2.000,0.5027,21718.0000,23.3800,electricity-generation
41.78310,-2.51150,1,0.000,2.000,0.5027,23155.0000,28.5000,electricity-generation
28.66510,-17.76800,1,0.000,2.000,0.5027,113874.0000,103.0400,electricity-generation
39.89690,4.25860,1,0.000,2.000,0.5027,283480.0000,221.4000,electricity-generation
36.74950,-4.56310,1,0.000,2.000,0.5027,271323.0000,416.0000,electricity-generation
43.17030,-8.44020,2,2.366,4.366,17.5831,34081.0000,71.7200,electricity-generation
35.29040,-2.93790,1,0.000,2.000,0.5027,83104.0000,79.9200,electricity-generation
38.85410,-6.35910,1,0.000,2.000,0.5027,0.0000,20.0000,electricity-generation
39.11940,-5.94550,1,0.000,2.000,0.5027,0.0000,15.0000,electricity-generation
41.66290,-3.71000,1,0.000,2.000,0.5027,27627.0000,29.3000,electricity-generation
41.67530,-4.71610,1,0.000,2.000,0.5027,45791.0000,46.0000,electricity-generation
36.73160,-3.54240,1,0.000,2.000,0.5027,47368.0000,49.1800,electricity-generation
43.29230,-6.39330,1,0.000,2.000,0.5027,0.0000,0.0000,electricity-generation
42.86670,-2.67170,1,0.000,2.000,0.5027,56447.0000,56.6800,electricity-generation
41.63330,0.90000,1,0.000,2.000,0.5027,50966.0000,32.4800,electricity-generation
42.06900,1.31350,1,0.000,2.000,0.5027,15881.0000,17.5700,electricity-generation
40.95960,0.86920,1,0.000,2.000,0.5027,135464.0000,834.1000,electricity-generation
41.55190,1.68550,1,0.000,2.000,0.5027,32314.0000,33.6000,electricity-generation
38.11020,-4.93510,1,0.000,2.000,0.5027,0.0000,0.0000,electricity-generation
41.33700,2.15553,3,6.316,8.316,125.3083,603025.7458,8630947.8621,glass
28.97940,-13.51670,1,0.000,2.000,0.5027,288210.0000,263.5000,electricity-generation
41.69420,0.59500,1,0.000,2.000,0.5027,33845.0000,23.0000,electricity-generation
39.64973,-0.23717,4,1.817,3.817,10.3765,2164891.5868,22286679.3435,electricity-generation
41.67844,-0.85858,2,3.241,5.241,32.9898,156346.0000,151.1000,electricity-generation
42.59350,-1.27860,1,0.000,2.000,0.5027,0.0000,30.0000,electricity-generation
42.21610,2.51620,1,0.000,2.000,0.5027,24846.0000,25.0000,electricity-generation
37.98120,-3.79340,1,0.000,2.000,0.5027,22537.0000,31.8400,electricity-generation
43.37047,-4.05017,2,1.282,3.282,5.1595,84421.0000,92.0000,electricity-generation
39.64677,2.68141,2,0.287,2.287,0.5027,612120.0000,523.9400,electricity-generation
40.99720,-0.38070,1,0.000,2.000,0.5027,0.0000,0.0000,electricity-generation
40.77020,0.53890,1,0.000,2.000,0.5027,46461.0000,41.6000,electricity-generation
42.81850,-4.85470,1,0.000,2.000,0.5027,0.0000,0.0000,electricity-generation
42.70200,0.79560,1,0.000,2.000,0.5027,0.0000,12.5500,electricity-generation
38.91890,1.43000,1,0.000,2.000,0.5027,378910.0000,298.7000,electricity-generation
59.27155,27.89796,2,0.522,2.522,0.8574,1362125.1000,1918.0000,electricity-generation
59.45139,24.92459,2,1.939,3.939,11.8155,120248.0000,253.0000,electricity-generation
59.24380,24.70630,1,0.000,2.000,0.5027,30425.0000,251.1000,electricity-generation
59.40020,24.65380,1,0.000,2.000,0.5027,0.0000,10.0000,electricity-generation
59.35330,28.11850,1,0.000,2.000,0.5027,232631.0000,720.0000,electricity-generation
58.39960,24.54290,1,0.000,2.000,0.5027,0.0000,24.0000,electricity-generation
58.36950,26.79050,1,0.000,2.000,0.5027,0.0000,25.0000,electricity-generation
9.79470,37.41990,1,0.000,2.000,0.5027,0.0000,31.0000,electricity-generation
6.08710,35.91710,1,0.000,2.000,0.5027,0.0000,60.0000,electricity-generation
5.96830,36.01020,1,0.000,2.000,0.5027,0.0000,76.0000,electricity-generation
8.97630,38.71000,1,0.000,2.000,0.5027,0.0000,25.0000,electricity-generation
11.56550,36.46100,1,0.000,2.000,0.5027,0.0000,45.0000,electricity-generation
11.55040,41.38930,1,0.000,2.000,0.5027,0.0000,120.0000,electricity-generation
8.37700,39.30950,1,0.000,2.000,0.5027,0.0000,34.8000,electricity-generation
62.59337,25.74656,3,0.408,2.408,0.5236,1138948.9645,217980.8756,pulp-and-paper
63.68799,22.70164,4,1.808,3.808,10.2654,700891.6704,134127.0773,electricity-generation
60.70820,26.82110,1,0.000,2.000,0.5027,28350.0000,152.5000,electricity-generation
60.80359,23.56547,2,1.911,3.911,11.4759,15766.9203,7231768.0023,electricity-generation
62.88410,27.67491,3,0.929,2.929,2.7107,0.0000,288.0000,electricity-generation
64.12180,25.41320,1,0.000,2.000,0.5027,0.0000,154.0000,electricity-generation
60.92920,24.63430,1,0.000,2.000,0.5027,1346.6700,85.0000,electricity-generation
60.16581,24.87705,6,8.976,10.976,253.1026,1022640.4484,108722.5038,electricity-generation
60.87209,26.70122,2,4.310,6.310,58.3498,15793.0000,133.4100,electricity-generation
62.21160,27.67530,1,0.000,2.000,0.5027,184420.0000,180.0000,electricity-generation
61.24940,28.86580,1,0.000,2.000,0.5027,0.0000,154.5000,electricity-generation
60.01750,23.91260,1,0.000,2.000,0.5027,0.0000,0.0000,electricity-generation
61.91480,25.16330,1,0.000,2.000,0.5027,0.0000,43.0000,electricity-generation
60.43232,25.11890,2,3.305,5.305,34.3078,0.0000,42.8000,electricity-generation
62.59340,29.83720,1,0.000,2.000,0.5027,0.0000,47.0000,electricity-generation
61.12810,28.45702,3,0.531,2.531,0.8874,584503.2171,111818.3228,pulp-and-paper
61.81620,25.23530,1,0.000,2.000,0.5027,0.0000,26.1000,electricity-generation
61.05200,28.20556,8,7.702,9.702,186.3411,582911.8989,111501.6329,electricity-generation
61.10000,22.16670,1,0.000,2.000,0.5027,0.0000,14.0000,electricity-generation
64.23340,27.68850,1,0.000,2.000,0.5027,0.0000,88.0000,electricity-generation
62.20545,25.75817,2,4.496,6.496,63.5007,0.0000,302.0000,electricity-generation
65.75561,24.52946,3,7.762,9.762,189.2824,0.0000,295.0000,electricity-generation
60.18990,23.94470,1,0.000,2.000,0.5027,29887.0000,135.6000,electricity-generation
63.84123,23.04378,2,1.020,3.020,3.2691,0.0000,47.0000,electricity-generation
60.49356,26.95199,5,3.184,5.184,31.8534,96708.3880,14481406.2113,electricity-generation
62.25697,21.32620,2,0.231,2.231,0.5027,62212.7400,302.0000,electricity-generation
60.99142,25.71854,2,7.587,9.587,180.8448,29980.4203,7231768.5023,electricity-generation
65.02275,25.45547,3,3.187,5.187,31.9134,0.0000,299.0000,electricity-generation
61.51031,23.70795,2,3.642,5.642,41.6604,57747.0000,273.0000,electricity-generation
60.43940,22.23790,1,0.000,2.000,0.5027,0.0000,0.0000,electricity-generation
62.02710,24.63410,1,0.000,2.000,0.5027,0.0000,0.0000,electricity-generation
60.28330,24.83640,1,0.000,2.000,0.5027,32537.0000,117.0000,electricity-generation
61.63288,21.40633,2,0.138,2.138,0.5027,118736.0000,891.0000,electricity-generation
61.11124,21.46321,4,1.066,3.066,3.5723,569474.4822,109131.3378,electricity-generation
60.45940,22.04556,2,0.414,2.414,0.5397,41326.0500,295.0000,electricity-generation
61.47430,23.49660,1,0.000,2.000,0.5027,20034.0000,69.8000,electricity-generation
61.23960,21.44800,1,0.000,2.000,0.5027,102450.0000,100.0000,electricity-generation
61.57690,21.55400,1,0.000,2.000,0.5027,0.0000,81.0000,electricity-generation
60.30907,25.52943,4,3.261,5.261,33.4130,3592764.3856,240020.6059,electricity-generation
61.67570,27.28960,1,0.000,2.000,0.5027,0.0000,48.7000,electricity-generation
64.64911,24.42191,3,0.769,2.769,1.8593,4716858.9829,238308.1716,electricity-generation
62.74180,22.81610,1,0.000,2.000,0.5027,0.0000,125.0000,electricity-generation
61.43330,29.36670,1,0.000,2.000,0.5027,2323.2000,34.5000,electricity-generation
61.26630,24.02350,1,0.000,2.000,0.5027,0.0000,25.0000,electricity-generation
60.39230,25.66510,1,0.000,2.000,0.5027,0.0000,19.1000,electricity-generation
62.91981,30.23019,3,0.559,2.559,0.9816,395127.6792,75639.3961,pulp-and-paper
60.80040,21.40840,1,0.000,2.000,0.5027,9917.7000,11.1000,electricity-generation
60.97460,24.50520,1,0.000,2.000,0.5027,51225.0000,50.0000,electricity-generation
60.28970,25.06330,1,0.000,2.000,0.5027,6406.8000,109.0000,electricity-generation
62.32210,27.89765,3,0.403,2.403,0.5098,295688.6735,56592.9489,pulp-and-paper
63.09150,21.55220,1,0.000,2.000,0.5027,39937.4000,412.0000,electricity-generation
60.22030,25.16570,1,0.000,2.000,0.5027,180965.0000,950.0000,electricity-generation
-17.58890,177.53550,1,0.000,2.000,0.5027,0.0000,12.3000,electricity-generation
-18.11270,178.47990,1,0.000,2.000,0.5027,191940.0000,71.9000,electricity-generation
-16.42990,179.38870,1,0.000,2.000,0.5027,0.0000,24.0000,electricity-generation
-18.00930,177.32080,1,0.000,2.000,0.5027,0.0000,12.0000,electricity-generation
-17.68060,177.43040,1,0.000,2.000,0.5027,33902.0000,12.7000,electricity-generation
49.34499,1.12949,6,11.737,13.737,432.8070,182307.3676,18748.7693,electricity-generation
49.48376,0.23253,8,7.439,9.439,173.8352,4998575.9704,17428052.6325,electricity-generation
43.88170,4.65880,1,0.000,2.000,0.5027,0.0000,0.0000,electricity-generation
47.82480,0.74740,1,0.000,2.000,0.5027,30888.0000,47.1000,electricity-generation
44.80060,-0.52980,1,0.000,2.000,0.5027,0.0000,22.0000,electricity-generation
43.38897,5.00809,5,3.205,5.205,32.2736,3555596.9725,272382.4160,electricity-generation
43.36441,5.08619,4,8.545,10.545,229.3805,801309.9988,59423.3986,electricity-generation
44.91650,-0.52690,1,0.000,2.000,0.5027,64200.0000,41.0000,electricity-generation
46.27310,3.30070,1,0.000,2.000,0.5027,258409.0000,401.0000,electricity-generation
43.49507,5.17263,2,0.714,2.714,1.6027,628402.6042,39510.5845,electricity-generation
48.86910,6.08000,1,0.000,2.000,0.5027,256939.0000,427.0000,electricity-generation
50.30087,3.29735,2,3.513,5.513,38.7677,470633.1000,50153589.2123,electricity-generation
45.60270,5.27380,1,0.000,2.000,0.5027,107770.0000,14.0000,electricity-generation
48.35700,-3.86920,1,0.000,2.000,0.5027,1123910.0000,325.6900,electricity-generation
42.74800,2.75640,2,2.121,4.121,14.1358,166270.0000,40.1000,electricity-generation
49.12930,6.18360,2,3.151,5.151,31.1992,150280.0000,101.8000,electricity-generation
45.21710,4.81180,1,0.000,2.000,0.5027,36225.0000,44.0000,electricity-generation
48.94870,2.73560,1,0.000,2.000,0.5027,0.0000,31.0400,electricity-generation
43.43859,4.89526,7,4.293,6.293,57.8879,6633344.8113,643730.0411,electricity-generation
45.12670,1.23010,1,0.000,2.000,0.5027,100378.0000,99.2000,electricity-generation
47.27670,-1.88160,1,0.000,2.000,0.5027,309034.0000,1261.4800,electricity-generation
48.78197,2.43507,5,7.373,9.373,170.7989,471339.1674,17115548.8709,electricity-generation
48.69340,5.91470,1,0.000,2.000,0.5027,219917.3000,413.0000,electricity-generation
44.62966,-0.97519,2,0.289,2.289,0.5027,86431.3676,18581.7693,electricity-generation
48.38950,-4.26230,1,0.000,2.000,0.5027,80703.0000,185.6900,electricity-generation
51.02915,2.27514,11,10.409,12.409,340.3627,11197732.2635,630235.0913,other-metals
48.63436,6.30118,4,3.034,5.034,28.9189,586979.0000,93606.6575,electricity-generation
49.14465,6.69966,2,2.842,4.842,25.3794,224909.7674,17115970.6709,electricity-generation
50.96700,1.87800,1,0.000,2.000,0.5027,33908.0000,55.0000,electricity-generation
48.91995,2.32695,3,5.151,7.151,83.3477,133473.1000,380.0000,electricity-generation
48.21047,6.42565,2,0.563,2.563,0.9967,86431.3676,18577.2693,electricity-generation
50.61439,2.99381,2,1.433,3.433,6.4540,91246.0000,116.3000,electricity-generation
48.83210,2.26360,1,0.000,2.000,0.5027,0.0000,52.0000,electricity-generation
43.40710,-0.64450,1,0.000,2.000,0.5027,131796.0000,81.9000,electricity-generation
49.68070,-1.87350,1,0.000,2.000,0.5027,54155.0000,21.0000,electricity-generation
48.52220,-4.07170,1,0.000,2.000,0.5027,238795.9000,446.0000,electricity-generation
49.39820,3.10690,1,0.000,2.000,0.5027,59210.0000,80.0000,electricity-generation
48.67580,2.17870,1,0.000,2.000,0.5027,49274.0000,48.7000,electricity-generation
42.52860,9.44720,1,0.000,2.000,0.5027,324930.0000,126.0000,electricity-generation
46.66770,4.34960,1,0.000,2.000,0.5027,0.0000,0.0000,electricity-generation
48.95280,2.90710,1,0.000,2.000,0.5027,24857.0000,30.0000,electricity-generation
44.20795,-1.24926,2,0.161,2.161,0.5027,86431.3676,18569.4693,electricity-generation
48.38050,2.85100,1,0.000,2.000,0.5027,80595.0000,400.0000,electricity-generation
47.31302,-2.08270,3,4.261,6.261,57.0344,2434387.9645,219481.0000,electricity-generation
44.04110,-0.88840,1,0.000,2.000,0.5027,62703.0000,12.0000,electricity-generation
49.76880,2.90230,1,0.000,2.000,0.5027,48566.0000,48.0000,electricity-generation
47.28460,6.13790,1,0.000,2.000,0.5027,0.0000,20.0000,electricity-generation
45.34327,4.79700,3,1.601,3.601,8.0503,264183.0000,42351486.3792,electricity-generation
45.12030,5.70950,1,0.000,2.000,0.5027,147920.0000,154.2600,electricity-generation
50.22990,3.86950,1,0.000,2.000,0.5027,118975.6000,450.0000,electricity-generation
48.98319,1.76326,2,1.590,3.590,7.9399,28217.7438,59452.0548,electricity-generation
43.44850,5.45236,4,6.214,8.214,121.3080,1194934.4867,114857.5342,electricity-generation
48.16690,7.59790,1,0.000,2.000,0.5027,172750.0000,50.0000,electricity-generation
45.67186,4.84211,3,1.620,3.620,8.2439,1338353.5853,130047.5662,electricity-generation
43.09650,0.72680,2,0.156,2.156,0.5027,92312.4183,19842.2711,electricity-generation
48.86776,2.66876,2,1.143,3.143,4.1046,185845.0000,570.0000,electricity-generation
47.79073,7.50866,5,8.151,10.151,208.7418,1452977.3307,39854024.7701,electricity-generation
48.51880,7.78860,1,0.000,2.000,0.5027,0.0000,20.0000,electricity-generation
43.67360,4.60870,1,0.000,2.000,0.5027,34305.0000,44.0000,electricity-generation
45.87543,0.81645,2,0.398,2.398,0.5027,114913.3676,18572.7693,electricity-generation
43.39200,6.15960,1,0.000,2.000,0.5027,0.0000,21.3000,electricity-generation
43.79902,4.62880,3,2.872,4.872,25.9045,422777.5591,81316.3683,electricity-generation
47.05470,5.40860,1,0.000,2.000,0.5027,253140.0000,165.7000,electricity-generation
49.90250,1.00200,1,0.000,2.000,0.5027,34476.0000,43.0000,electricity-generation
41.93210,8.72040,1,0.000,2.000,0.5027,342980.0000,133.0000,electricity-generation
48.79170,2.12030,1,0.000,2.000,0.5027,6934.5000,11.9000,electricity-generation
0.32797,9.51422,2,2.132,4.132,14.2821,633840.0000,230.2000,electricity-generation
-0.72512,8.76461,4,5.017,7.017,79.0877,641206.2465,24188.3000,electricity-generation
-1.90000,9.48330,1,0.000,2.000,0.5027,51059.0000,15.5100,electricity-generation
55.88079,-4.45270,2,3.237,5.237,32.9208,72816.0000,40.7000,electricity-generation
51.39707,-3.39154,2,1.420,3.420,6.3307,231983.2035,42465.7534,electricity-generation
54.03300,-1.38170,1,0.000,2.000,0.5027,0.0000,27.0000,electricity-generation
51.32878,0.45113,2,4.896,6.896,75.2927,63649.0000,100.3000,electricity-generation
51.92440,-1.21260,1,0.000,2.000,0.5027,210820.0000,24.0000,electricity-generation
50.80210,0.04900,1,0.000,2.000,0.5027,184480.0000,21.0000,electricity-generation
53.27590,-2.84605,5,8.499,10.499,226.9144,2102998.1953,36732316.9416,electricity-generation
53.31727,-2.71623,5,7.763,9.763,189.3389,957682.4666,9273593.5223,electricity-generation
51.53920,-2.67000,4,2.924,4.924,26.8671,1116630.0000,1264.0000,electricity-generation
52.57290,-1.58660,1,0.000,2.000,0.5027,0.0000,10.5000,electricity-generation
56.48670,-2.90280,1,0.000,2.000,0.5027,92239.0000,10.5000,electricity-generation
54.84500,-5.78600,1,0.000,2.000,0.5027,398756.0000,885.0000,electricity-generation
53.80010,-2.21750,1,0.000,2.000,0.5027,35782.0000,20.0000,electricity-generation
51.49837,0.02577,5,8.759,10.759,241.0077,376668.0000,197.8100,electricity-generation
51.41110,-3.22930,1,0.000,2.000,0.5027,35782.0000,20.0000,electricity-generation
51.37650,-0.11621,2,2.293,4.293,16.5186,94103.0000,76.0000,electricity-generation
52.48038,-1.82878,3,3.594,5.594,40.5709,419080.0000,138.3000,electricity-generation
53.40621,-1.40591,6,7.354,9.354,169.9228,347296.0070,9402015.4127,electricity-generation
53.71820,-2.53720,1,0.000,2.000,0.5027,65106.0000,62.2000,electricity-generation
53.56700,-2.40760,1,0.000,2.000,0.5027,92063.0000,10.4800,electricity-generation
51.41690,-0.76440,1,0.000,2.000,0.5027,37570.0000,21.0000,electricity-generation
53.58216,-0.63750,5,9.835,11.835,303.8777,3462268.1165,383005.7808,electricity-generation
52.04480,-0.56656,4,4.929,6.929,76.3129,56360.0000,116.7200,electricity-generation
51.42940,-1.00330,1,0.000,2.000,0.5027,82340.0000,50.0000,electricity-generation
52.25500,0.72700,1,0.000,2.000,0.5027,88467.0000,81.0000,electricity-generation
56.01298,-3.69094,7,4.096,6.096,52.7052,2512219.8326,234282.9648,electricity-generation
55.60803,-4.67520,2,3.353,5.353,35.3241,50766.6666,9272851.5223,electricity-generation
51.89600,-0.97820,2,1.136,3.136,4.0572,243330.0000,38.9000,electricity-generation
51.47217,-3.15986,2,0.666,2.666,1.3935,80380.2414,101947.8082,electricity-generation
53.43595,-2.41089,3,4.199,6.199,55.3856,1087810.0000,1057.0000,electricity-generation
53.71017,-1.22985,10,7.818,9.818,192.0085,426967.3332,66091147.7542,glass
53.54200,-2.13100,1,0.000,2.000,0.5027,35782.0000,20.0000,electricity-generation
53.05460,-2.22550,1,0.000,2.000,0.5027,35782.0000,20.0000,electricity-generation
50.62360,-2.48910,1,0.000,2.000,0.5027,74474.0000,45.0000,electricity-generation
54.66790,-1.56600,1,0.000,2.000,0.5027,0.0000,17.5000,electricity-generation
51.46000,-2.12470,1,0.000,2.000,0.5027,19360.0000,10.2100,electricity-generation
53.22355,-3.07777,4,7.993,9.993,200.7106,1918397.7144,9359137.0292,electricity-generation
55.04370,-7.24870,2,1.024,3.024,3.2960,331341.0000,478.0000,electricity-generation
52.51040,-0.68140,1,0.000,2.000,0.5027,20718.0000,352.0000,electricity-generation
50.39590,-4.89960,2,2.139,4.139,14.3721,225160.0000,160.0000,electricity-generation
51.51193,0.50818,2,0.572,2.572,1.0273,714591.0000,794.0000,electricity-generation
53.34899,-0.80256,3,5.107,7.107,81.9289,1938820.0000,1841.0000,electricity-generation
52.39740,-1.49450,1,0.000,2.000,0.5027,0.0000,17.7000,electricity-generation
50.74710,-1.28620,1,0.000,2.000,0.5027,175280.0000,140.0000,electricity-generation
56.11118,-3.83138,3,5.806,7.806,105.8994,199766.6666,36488552.9877,glass
55.09800,-1.62080,1,0.000,2.000,0.5027,0.0000,27.7000,electricity-generation
53.79760,-0.41790,1,0.000,2.000,0.5027,88558.0000,49.5000,electricity-generation
53.78774,-1.51087,2,1.289,3.289,5.2185,186926.6666,9272841.0223,electricity-generation
51.43564,0.67835,6,9.631,11.631,291.3752,3052644.0000,3108.2600,electricity-generation
52.88410,-1.46410,1,0.000,2.000,0.5027,130088.0000,71.0000,electricity-generation
50.39630,-4.18590,1,0.000,2.000,0.5027,0.0000,22.5000,electricity-generation
51.62460,-1.26830,1,0.000,2.000,0.5027,1551900.0000,1452.0000,electricity-generation
53.72100,-0.96250,2,4.346,6.346,59.3389,362050.0000,25757142.1585,electricity-generation
55.97881,-2.46923,2,0.453,2.453,0.6445,192841.9750,84961.5068,electricity-generation
52.39790,0.12970,1,0.000,2.000,0.5027,0.0000,38.0000,electricity-generation
51.66250,-0.02250,1,0.000,2.000,0.5027,417090.0000,408.0000,electricity-generation
52.32650,-2.20750,1,0.000,2.000,0.5027,0.0000,18.0000,electricity-generation
50.70564,-3.52322,3,1.288,3.288,5.2082,157760.0000,91.0000,electricity-generation
52.33550,1.12840,1,0.000,2.000,0.5027,0.0000,17.0000,electricity-generation
50.85810,-1.24510,1,0.000,2.000,0.5027,37570.0000,21.0000,electricity-generation
50.84686,-1.38256,6,6.870,8.870,148.2757,3788686.4038,263309.0000,electricity-generation
54.41840,-3.48830,1,0.000,2.000,0.5027,8864.2000,188.0000,electricity-generation
51.52470,-0.62630,2,0.098,2.098,0.5027,352930.0000,169.2000,electricity-generation
51.79210,-2.29140,1,0.000,2.000,0.5027,0.0000,14.5000,electricity-generation
52.26320,-0.59120,1,0.000,2.000,0.5027,0.0000,16.0000,electricity-generation
52.10390,1.09840,1,0.000,2.000,0.5027,219630.0000,25.0000,electricity-generation
52.58400,1.73380,1,0.000,2.000,0.5027,426030.0000,420.0000,electricity-generation
53.56680,0.07580,1,0.000,2.000,0.5027,71562.0000,40.0000,electricity-generation
55.89550,-4.63030,1,0.000,2.000,0.5027,35782.0000,20.0000,electricity-generation
54.59921,-1.23840,13,8.977,10.977,253.1475,1385790.0000,109891.8507,electricity-generation
54.70270,-1.29100,1,0.000,2.000,0.5027,89456.0000,50.0000,electricity-generation
50.82785,-1.04103,2,3.702,5.702,43.0564,160553.0000,35.0000,electricity-generation
54.03090,-2.91550,1,0.000,2.000,0.5027,117413.0000,70.0000,electricity-generation
53.88510,-2.99860,1,0.000,2.000,0.5027,35782.0000,20.0000,electricity-generation
51.20850,-3.13340,1,0.000,2.000,0.5027,117413.0000,70.0000,electricity-generation
51.76578,0.02221,4,6.821,8.821,146.1689,839063.3333,18546373.0446,electricity-generation
53.62856,-0.22134,5,5.929,7.929,110.4380,6079252.7054,336536.5000,electricity-generation
52.63250,-2.51270,1,0.000,2.000,0.5027,0.0000,0.0000,electricity-generation
51.29040,1.34770,1,0.000,2.000,0.5027,0.0000,27.0000,electricity-generation
54.72450,-5.76730,1,0.000,2.000,0.5027,1328700.0000,824.0000,electricity-generation
52.72872,0.38064,2,0.624,2.624,1.2234,286710.0000,440.0000,electricity-generation
58.98480,-2.95870,1,0.000,2.000,0.5027,43273.0000,33.3900,electricity-generation
54.18110,-0.64200,1,0.000,2.000,0.5027,0.0000,0.0000,electricity-generation
51.48610,-0.50570,1,0.000,2.000,0.5027,0.0000,37.0000,electricity-generation
50.38780,-4.01100,1,0.000,2.000,0.5027,769570.0000,885.0000,electricity-generation
60.16650,-1.16450,1,0.000,2.000,0.5027,73569.0000,56.5000,electricity-generation
56.19990,-3.02080,1,0.000,2.000,0.5027,37034.0000,20.7000,electricity-generation
55.80070,-3.69160,1,0.000,2.000,0.5027,0.0000,12.5000,electricity-generation
53.19940,-0.60390,1,0.000,2.000,0.5027,0.0000,13.1000,electricity-generation
52.20530,-0.26680,1,0.000,2.000,0.5027,771500.0000,770.0000,electricity-generation
51.64960,-3.85430,1,0.000,2.000,0.5027,35782.0000,20.0000,electricity-generation
57.25000,-7.35000,1,0.000,2.000,0.5027,14407.0000,11.1200,electricity-generation
55.20470,-1.52040,1,0.000,2.000,0.5027,0.0000,420.0000,electricity-generation
53.27550,-2.11010,1,0.000,2.000,0.5027,22633.0000,23.0000,electricity-generation
51.56790,-3.75900,4,1.204,3.204,4.5508,181710.0000,150.0000,electricity-generation
56.20180,-3.15970,1,0.000,2.000,0.5027,0.0000,55.0000,electricity-generation
52.75730,-1.28010,1,0.000,2.000,0.5027,0.0000,42.0000,electricity-generation
52.51690,-2.02880,1,0.000,2.000,0.5027,0.0000,40.0000,electricity-generation
51.68498,-5.01101,3,1.265,3.265,5.0280,5290651.5459,272350.0000,electricity-generation
52.57099,-0.22015,2,3.121,5.121,30.6091,123446.0000,69.0000,electricity-generation
57.47720,-1.78890,1,0.000,2.000,0.5027,2195100.0000,1410.0000,electricity-generation
53.45941,-2.74007,6,7.936,9.936,197.8451,542209.3332,92338610.0413,glass
53.45220,-3.00830,1,0.000,2.000,0.5027,51272.0000,30.0000,electricity-generation
52.86540,-1.25930,1,0.000,2.000,0.5027,37263.0000,32.0000,electricity-generation
52.30530,-1.94140,1,0.000,2.000,0.5027,35782.0000,20.0000,electricity-generation
53.78480,-2.64340,1,0.000,2.000,0.5027,72458.0000,40.5000,electricity-generation
52.75740,-1.92000,1,0.000,2.000,0.5027,0.0000,0.0000,electricity-generation
53.73540,-0.24320,1,0.000,2.000,0.5027,1353920.0000,1200.0000,electricity-generation
53.16540,-2.40610,1,0.000,2.000,0.5027,64816.0000,57.0000,electricity-generation
51.54838,-2.97390,3,1.257,3.257,4.9648,925849.6762,170713.0137,electricity-generation
50.82990,-0.23140,1,0.000,2.000,0.5027,845620.0000,420.0000,electricity-generation
53.00020,-0.38230,1,0.000,2.000,0.5027,0.0000,38.0000,electricity-generation
52.48110,0.95420,1,0.000,2.000,0.5027,0.0000,42.0000,electricity-generation
52.80720,-0.13330,1,0.000,2.000,0.5027,775010.0000,1140.0000,electricity-generation
52.67280,-2.11450,1,0.000,2.000,0.5027,0.0000,23.0000,electricity-generation
53.07370,-0.85900,1,0.000,2.000,0.5027,1903600.0000,1772.0000,electricity-generation
55.15300,-3.38060,1,0.000,2.000,0.5027,0.0000,44.0000,electricity-generation
58.20920,-6.38650,1,0.000,2.000,0.5027,64766.0000,43.5000,electricity-generation
60.45720,-1.27160,1,0.000,2.000,0.5027,167720.0000,100.0000,electricity-generation
51.64460,-4.01830,1,0.000,2.000,0.5027,61846.0000,40.0000,electricity-generation
53.81870,-0.13960,1,0.000,2.000,0.5027,0.0000,22.0000,electricity-generation
51.54610,-0.25750,1,0.000,2.000,0.5027,12223.0000,145.0000,electricity-generation
52.44860,0.72530,1,0.000,2.000,0.5027,0.0000,44.0000,electricity-generation
53.67710,-1.65500,1,0.000,2.000,0.5027,61341.0000,50.0000,electricity-generation
51.45652,0.38802,2,4.092,6.092,52.5950,29356.0000,60.5000,electricity-generation
56.09329,-3.31337,2,5.408,7.408,91.8638,580046.9756,64705.8639,electricity-generation
53.81460,-0.99220,1,0.000,2.000,0.5027,0.0000,18.0000,electricity-generation
53.26667,-2.51624,2,2.607,4.607,21.3479,193446.4109,15549.9726,electricity-generation
52.55060,0.44860,1,0.000,2.000,0.5027,131520.0000,114.0000,electricity-generation
54.66460,-3.54630,1,0.000,2.000,0.5027,0.0000,49.0000,electricity-generation
41.47359,45.05948,4,4.659,6.659,68.1872,1304318.8640,34842.6027,electricity-generation
49.48530,-2.51780,1,0.000,2.000,0.5027,685010.0000,157.5600,electricity-generation
5.68553,0.02749,12,5.815,7.815,106.2424,4815872.4922,160297.4658,electricity-generation
4.95167,-1.68204,4,3.475,5.475,37.9433,3210811.0000,1752.9000,electricity-generation
10.66670,-14.60000,1,0.000,2.000,0.5027,120599.0000,62.1600,electricity-generation
9.58697,-13.64882,2,2.346,4.346,17.2894,201759.0000,104.0000,electricity-generation
11.09700,-13.79000,1,0.000,2.000,0.5027,13967.0000,7.2000,electricity-generation
9.50920,-13.71220,1,0.000,2.000,0.5027,0.0000,0.0000,electricity-generation
16.23256,-61.55486,2,0.063,2.063,0.5027,623480.0000,402.2000,electricity-generation
16.30490,-61.32620,1,0.000,2.000,0.5027,0.0000,38.0000,electricity-generation
13.45420,-16.69610,1,0.000,2.000,0.5027,190380.0000,47.0000,electricity-generation
11.88330,-15.63330,1,0.000,2.000,0.5027,29075.0000,14.9900,electricity-generation
3.79995,8.71497,2,4.768,6.768,71.4213,835593.0750,82317.5411,electricity-generation
40.39420,21.92490,1,0.000,2.000,0.5027,2131560.0000,1595.0000,electricity-generation
37.95516,23.61303,2,5.868,7.868,108.1668,559300.4094,13325363.2402,electricity-generation
38.35908,22.69122,3,0.476,2.476,0.7131,4343165.4837,126621.9781,aluminum
38.38094,24.05824,2,1.089,3.089,3.7238,1734925.6295,280690.9726,electricity-generation
40.61930,21.68280,1,0.000,2.000,0.5027,0.0000,0.0000,electricity-generation
38.03807,23.57024,5,8.236,10.236,213.0821,2529778.1071,313534.3748,electricity-generation
35.00270,26.13850,1,0.000,2.000,0.5027,213840.0000,204.0000,electricity-generation
35.48880,24.03880,1,0.000,2.000,0.5027,501600.0000,412.8000,electricity-generation
37.91977,23.07349,3,0.598,2.598,1.1249,2208432.2627,200521.6000,electricity-generation
40.81230,21.60270,1,0.000,2.000,0.5027,32665.0000,330.0000,electricity-generation
38.27966,23.32943,2,0.269,2.269,0.5027,1015154.0000,689.0000,electricity-generation
40.41060,21.78610,1,0.000,2.000,0.5027,0.0000,0.0000,electricity-generation
41.06460,25.48990,1,0.000,2.000,0.5027,203943.0000,500.0000,electricity-generation
37.74630,24.06660,1,0.000,2.000,0.5027,1273680.0000,1062.0000,electricity-generation
39.11850,26.54810,1,0.000,2.000,0.5027,112313.0000,100.6400,electricity-generation
35.34080,25.05110,1,0.000,2.000,0.5027,497100.0000,401.9500,electricity-generation
37.41740,22.10790,1,0.000,2.000,0.5027,1163770.0000,1661.0000,electricity-generation
40.48050,21.72750,1,0.000,2.000,0.5027,0.0000,0.0000,electricity-generation
36.37820,28.01840,1,0.000,2.000,0.5027,346810.0000,280.2000,electricity-generation
35.91760,27.77810,1,0.000,2.000,0.5027,123254.0000,120.0000,electricity-generation
40.68978,22.90657,4,7.766,9.766,189.4607,1637005.0449,254317.8082,electricity-generation
38.23690,22.94900,1,0.000,2.000,0.5027,597899.0000,445.0000,electricity-generation
13.95081,-90.79443,3,3.449,5.449,37.3670,448100.2647,30008.5274,electricity-generation
14.25873,-90.80159,5,8.079,10.079,205.0750,487812.4000,42812.5534,electricity-generation
14.47647,-90.59996,5,4.734,6.734,70.3982,338369.2000,181.0000,electricity-generation
15.53000,-89.33600,1,0.000,2.000,0.5027,18758.0000,15.8000,electricity-generation
14.65700,-90.83330,1,0.000,2.000,0.5027,60552.0000,51.0000,electricity-generation
14.81623,-90.27896,2,1.158,3.158,4.2112,827915.4551,248871.3151,electricity-generation
15.69000,-88.57600,1,0.000,2.000,0.5027,50164.0000,42.2500,electricity-generation
14.26720,-91.09730,1,0.000,2.000,0.5027,0.0000,50.0000,electricity-generation
14.11070,-90.72270,1,0.000,2.000,0.5027,1836800.0000,300.0000,electricity-generation
14.12120,-90.92670,1,0.000,2.000,0.5027,0.0000,117.0000,electricity-generation
14.48800,-91.39860,1,0.000,2.000,0.5027,0.0000,46.0000,electricity-generation
14.33544,-91.01255,2,5.735,7.735,103.3272,0.0000,169.5000,electricity-generation
14.37960,-91.77270,1,0.000,2.000,0.5027,0.0000,62.0000,electricity-generation
14.16320,-90.78790,2,5.884,7.884,108.7496,856540.0000,155.0000,electricity-generation
14.51000,-91.58600,1,0.000,2.000,0.5027,0.0000,19.0000,electricity-generation
4.86310,-52.27530,1,0.000,2.000,0.5027,215860.0000,118.0000,electricity-generation
5.16360,-52.67020,1,0.000,2.000,0.5027,44998.0000,20.0000,electricity-generation
5.07200,-53.01420,1,0.000,2.000,0.5027,0.0000,10.5000,electricity-generation
13.41700,144.68690,1,0.000,2.000,0.5027,74370.0000,26.4000,electricity-generation
6.81310,-58.17351,3,1.401,3.401,6.1690,704050.0000,134.4000,electricity-generation
5.88030,-57.14970,1,0.000,2.000,0.5027,52382.0000,40.0000,electricity-generation
22.39161,113.91661,3,2.533,4.533,20.1631,15263165.1054,219238.7671,electricity-generation
22.21890,114.10820,1,0.000,2.000,0.5027,7420300.0000,3410.0000,electricity-generation
22.32070,114.04170,1,0.000,2.000,0.5027,166750.0000,302.4000,electricity-generation
15.70623,-87.93055,2,0.508,2.508,0.8123,790719.2909,195342.4658,electricity-generation
15.40963,-88.00003,2,0.766,2.766,1.8440,0.0000,210.0000,electricity-generation
15.16360,-87.94190,1,0.000,2.000,0.5027,0.0000,18.0000,electricity-generation
13.29740,-87.20720,1,0.000,2.000,0.5027,0.0000,44.0000,electricity-generation
15.23690,-88.48990,1,0.000,2.000,0.5027,0.0000,20.0000,electricity-generation
15.28410,-87.88810,1,0.000,2.000,0.5027,0.0000,14.0000,electricity-generation
15.85630,-87.95480,1,0.000,2.000,0.5027,309770.0000,80.0000,electricity-generation
15.59860,-87.94088,5,5.046,7.046,79.9847,1441260.0000,431.6000,electricity-generation
15.78470,-86.65460,1,0.000,2.000,0.5027,336890.0000,87.0000,electricity-generation
13.24320,-87.35290,1,0.000,2.000,0.5027,0.0000,16.0000,electricity-generation
13.40420,-87.32710,1,0.000,2.000,0.5027,1551600.0000,389.1000,electricity-generation
45.79001,15.99558,2,4.188,6.188,55.0951,542710.0000,522.4000,electricity-generation
46.03880,16.18140,1,0.000,2.000,0.5027,122741.0000,84.0000,electricity-generation
45.54200,18.74490,1,0.000,2.000,0.5027,0.0000,95.0000,electricity-generation
45.46836,16.79484,2,0.382,2.382,0.5027,291610.0000,109958.9699,electricity-generation
45.13640,14.16500,1,0.000,2.000,0.5027,696410.0000,217.0000,electricity-generation
45.28288,14.53519,2,1.155,3.155,4.1939,853445.8226,90690.0000,electricity-generation
45.45430,16.41460,2,0.596,2.596,1.1145,286720.0000,240.0000,electricity-generation
47.09494,17.55681,2,0.141,2.141,0.5027,277833.0000,206.0000,electricity-generation
48.23560,20.68460,1,0.000,2.000,0.5027,141300.0000,127.0300,electricity-generation
47.58811,19.09325,5,4.973,6.973,77.6974,608928.0000,7992470.5824,electricity-generation
47.44791,19.05470,2,2.220,4.220,15.4791,332493.0000,622.0400,electricity-generation
47.30294,18.90547,2,2.948,4.948,27.3114,3106296.3883,166106.3000,electricity-generation
46.94419,18.94124,4,2.537,4.537,20.2176,160974.0000,138184.8235,electricity-generation
47.73840,17.80330,1,0.000,2.000,0.5027,429130.0000,427.0000,electricity-generation
47.45680,19.16730,1,0.000,2.000,0.5027,86967.0000,110.0000,electricity-generation
47.10760,18.01460,1,0.000,2.000,0.5027,4359.4000,123.0000,electricity-generation
47.71640,19.67780,1,0.000,2.000,0.5027,67769.0000,173.0000,electricity-generation
47.78940,20.07020,1,0.000,2.000,0.5027,1410100.0000,944.0000,electricity-generation
48.07087,20.79024,2,4.161,6.161,54.3815,277825.9948,84971.5068,electricity-generation
47.50180,18.26970,1,0.000,2.000,0.5027,0.0000,0.0000,electricity-generation
46.06410,18.26310,1,0.000,2.000,0.5027,0.0000,120.0000,electricity-generation
47.91841,21.02851,3,4.958,6.958,77.2338,942591.2326,55643.0548,electricity-generation
47.56060,18.42880,1,0.000,2.000,0.5027,38170.0000,21.0000,electricity-generation
-7.68838,109.08174,5,9.866,11.866,305.8214,13650731.1979,625303.7671,electricity-generation
-2.07857,106.14936,2,0.210,2.210,0.5027,403344.0000,110.0000,electricity-generation
-4.82780,136.83910,1,0.000,2.000,0.5027,894820.0000,323.0000,electricity-generation
-8.59040,116.07439,2,0.956,2.956,2.8711,308678.0000,179.3000,electricity-generation
1.18494,124.47961,2,0.331,2.331,0.5027,561170.0000,185.0000,electricity-generation
5.20398,97.10593,3,4.669,6.669,68.4899,1391808.7333,73105.2600,electricity-generation
-6.01240,105.96793,7,4.854,6.854,74.0319,10734664.1095,671198.3363,electricity-generation
-3.92650,115.10580,1,0.000,2.000,0.5027,2437900.0000,460.0000,electricity-generation
-3.11410,119.60420,1,0.000,2.000,0.5027,5325.4000,11.2500,electricity-generation
-1.24565,116.82056,2,0.436,2.436,0.5985,2590802.0016,260000.0000,electricity-generation
-6.97050,107.60580,1,0.000,2.000,0.5027,142290.0000,30.0000,electricity-generation
-0.62250,115.13680,1,0.000,2.000,0.5027,634920.0000,284.0000,electricity-generation
-3.83870,103.80410,1,0.000,2.000,0.5027,4982300.0000,1320.0000,electricity-generation
-3.73959,103.66719,2,3.038,5.038,28.9945,2238850.0000,490.0000,electricity-generation
-6.39220,105.82780,1,0.000,2.000,0.5027,2506600.0000,600.0000,electricity-generation
-6.05890,106.46430,1,0.000,2.000,0.5027,5012700.0000,1260.0000,electricity-generation
-5.91006,106.04853,6,10.762,12.762,363.8563,33051880.0000,9567.0000,electricity-generation
-4.29330,119.63130,1,0.000,2.000,0.5027,944400.0000,200.0000,electricity-generation
1.03668,104.01557,2,3.231,5.231,32.8017,570430.0000,321.0000,electricity-generation
-8.90120,116.73820,1,0.000,2.000,0.5027,592780.0000,134.0000,electricity-generation
-6.28423,107.11963,4,4.718,6.718,69.9451,4634701.5910,239036.4192,electricity-generation
3.76440,98.66931,6,10.772,12.772,364.5315,3014330.0000,1951.7800,electricity-generation
0.82387,108.85573,2,2.472,4.472,19.1984,1440290.0000,310.0000,electricity-generation
-3.79260,102.26260,1,0.000,2.000,0.5027,13652.0000,28.8400,electricity-generation
-3.91230,102.27040,1,0.000,2.000,0.5027,915950.0000,200.0000,electricity-generation
-3.55050,128.33570,1,0.000,2.000,0.5027,28403.0000,60.0000,electricity-generation
-3.89110,121.27960,1,0.000,2.000,0.5027,134160.0000,60.0000,electricity-generation
-2.92619,104.87157,2,0.359,2.359,0.5027,308260.0000,306.4000,electricity-generation
-3.73170,103.79849,2,1.032,3.032,3.3447,1415150.0000,340.4000,electricity-generation
-8.19630,114.85160,1,0.000,2.000,0.5027,1892400.0000,426.0000,electricity-generation
-6.95273,106.24783,2,0.339,2.339,0.5027,1153672.6921,297320.2740,electricity-generation
-6.90080,109.80370,1,0.000,2.000,0.5027,6172200.0000,1900.0000,electricity-generation
-6.77030,108.61490,1,0.000,2.000,0.5027,5481200.0000,1584.0000,electricity-generation
-6.47412,106.91005,3,3.061,5.061,29.4443,7201725.2570,1525621.9630,cement
-2.00761,121.43641,2,1.156,3.156,4.1957,5300140.0000,1275.0000,electricity-generation
-3.82830,122.46620,1,0.000,2.000,0.5027,7528100.0000,1840.0000,electricity-generation
-3.90720,122.41910,1,0.000,2.000,0.5027,2359800.0000,530.0000,electricity-generation
1.67385,101.47144,2,0.123,2.123,0.5027,1701874.7699,120225.0000,electricity-generation
1.07020,101.28080,1,0.000,2.000,0.5027,250400.0000,112.0000,electricity-generation
-0.36993,117.06284,4,2.044,4.044,13.1197,1708638.0000,470.0000,electricity-generation
-8.17560,114.44270,1,0.000,2.000,0.5027,255680.0000,134.0000,electricity-generation
0.46680,122.00630,1,0.000,2.000,0.5027,61271.0000,100.0000,electricity-generation
-4.09130,137.11740,1,0.000,2.000,0.5027,69699.0000,147.2400,electricity-generation
-7.65170,113.02440,1,0.000,2.000,0.5027,1025130.0000,1464.1800,electricity-generation
-7.08900,112.60700,1,0.000,2.000,0.5027,824450.0000,500.0000,electricity-generation
-7.16330,112.66150,1,0.000,2.000,0.5027,2721300.0000,2143.0000,electricity-generation
-3.50690,103.80000,1,0.000,2.000,0.5027,128681.0000,115.0000,electricity-generation
-6.13258,106.28747,2,0.821,2.821,2.1201,1617585.8397,127224.1803,electricity-generation
-6.48580,107.38520,1,0.000,2.000,0.5027,292960.0000,63.6900,electricity-generation
-3.20670,104.65640,1,0.000,2.000,0.5027,142060.0000,130.0000,electricity-generation
-6.27470,107.97040,1,0.000,2.000,0.5027,4156200.0000,990.0000,electricity-generation
-2.61640,140.78930,1,0.000,2.000,0.5027,129796.0000,62.0000,electricity-generation
-1.55908,127.42038,3,3.181,5.181,31.7949,8062550.0000,1932.0000,electricity-generation
-3.27175,116.10583,2,0.128,2.128,0.5027,995261.9405,220834.6178,electricity-generation
-1.37080,113.56720,1,0.000,2.000,0.5027,915950.0000,200.0000,electricity-generation
-2.82250,114.20950,1,0.000,2.000,0.5027,574570.0000,120.0000,electricity-generation
0.05520,117.49460,1,0.000,2.000,0.5027,915950.0000,200.0000,electricity-generation
-1.17040,116.78870,1,0.000,2.000,0.5027,999210.0000,220.0000,electricity-generation
-4.05130,122.65340,1,0.000,2.000,0.5027,486420.0000,100.0000,electricity-generation
-3.89530,122.53830,1,0.000,2.000,0.5027,129514.0000,88.6500,electricity-generation
-3.03170,104.74520,1,0.000,2.000,0.5027,276560.0000,159.0000,electricity-generation
0.39167,101.85809,3,6.477,8.477,131.7895,470331.3333,73686.0600,electricity-generation
-2.36400,110.16260,2,0.638,2.638,1.2789,3979033.7996,153146.7123,electricity-generation
-4.97650,105.18570,1,0.000,2.000,0.5027,67913.0000,14.0000,electricity-generation
1.75190,98.73130,1,0.000,2.000,0.5027,1187150.0000,230.0000,electricity-generation
-5.58590,105.38720,1,0.000,2.000,0.5027,933740.0000,200.0000,electricity-generation
5.53870,95.34160,1,0.000,2.000,0.5027,49625.0000,104.8400,electricity-generation
-4.93570,119.52310,1,0.000,2.000,0.5027,252060.0000,200.0000,electricity-generation
-4.51420,105.69750,1,0.000,2.000,0.5027,41183.0000,87.0000,electricity-generation
0.06083,109.20654,2,0.337,2.337,0.5027,525069.7333,72790.1600,electricity-generation
-1.47890,122.38580,1,0.000,2.000,0.5027,7573.9000,16.0000,electricity-generation
-6.11010,106.78510,1,0.000,2.000,0.5027,3250900.0000,2652.3000,electricity-generation
-6.08670,106.99870,1,0.000,2.000,0.5027,5026800.0000,2865.0000,electricity-generation
4.10770,96.19860,1,0.000,2.000,0.5027,2922400.0000,670.0000,electricity-generation
0.91583,104.65472,2,0.664,2.664,1.3856,3712851.3445,170043.0137,electricity-generation
1.37220,101.22510,1,0.000,2.000,0.5027,673410.0000,300.0000,electricity-generation
-0.60900,100.75370,1,0.000,2.000,0.5027,925980.0000,200.0000,electricity-generation
-8.25780,111.37360,1,0.000,2.000,0.5027,2654000.0000,630.0000,electricity-generation
-0.73260,119.85570,1,0.000,2.000,0.5027,320160.0000,66.0000,electricity-generation
4.12070,98.25820,1,0.000,2.000,0.5027,3652200.0000,840.0000,electricity-generation
-1.59604,103.64431,2,0.351,2.351,0.5027,349636.0000,156.4000,electricity-generation
0.55744,101.51938,3,6.476,8.476,131.7344,1415489.0000,601.6100,electricity-generation
-7.02420,106.54640,1,0.000,2.000,0.5027,4337000.0000,1050.0000,electricity-generation
-7.22633,112.73827,2,2.411,4.411,18.2584,711068.7333,72790.1600,electricity-generation
0.69220,101.61940,1,0.000,2.000,0.5027,3289000.0000,765.5000,electricity-generation
-8.71770,115.21140,1,0.000,2.000,0.5027,197100.0000,379.4500,electricity-generation
-6.39416,107.36571,2,4.719,6.719,69.9600,151919.3564,4721.2329,electricity-generation
-7.71470,113.58500,1,0.000,2.000,0.5027,19351000.0000,4825.0000,electricity-generation
-7.40640,109.58420,1,0.000,2.000,0.5027,101081.0000,40.0600,electricity-generation
-8.13510,115.06050,1,0.000,2.000,0.5027,55145.0000,90.0000,electricity-generation
-5.14780,119.47260,1,0.000,2.000,0.5027,102113.0000,178.1000,electricity-generation
-6.24420,107.58810,1,0.000,2.000,0.5027,1920100.0000,1760.0000,electricity-generation
-10.19029,123.54726,2,4.738,6.738,70.5098,181126.9734,42532.0834,electricity-generation
2.21450,117.61880,1,0.000,2.000,0.5027,68615.0000,14.0000,electricity-generation
-2.68330,111.61670,1,0.000,2.000,0.5027,5282.8000,11.1600,electricity-generation
0.03030,110.55550,1,0.000,2.000,0.5027,67913.0000,14.0000,electricity-generation
-5.52111,105.35340,2,0.512,2.512,0.8220,941853.0000,254.7200,electricity-generation
-4.17990,121.59290,1,0.000,2.000,0.5027,379380.0000,254.0000,electricity-generation
3.06330,99.42870,1,0.000,2.000,0.5027,0.0000,30.0000,electricity-generation
-2.25790,121.76900,1,0.000,2.000,0.5027,1503300.0000,350.0000,electricity-generation
0.07540,102.02980,1,0.000,2.000,0.5027,0.0000,24.0000,electricity-generation
-5.61951,119.55109,2,0.456,2.456,0.6531,3243650.0000,720.0000,electricity-generation
-6.55390,107.41370,1,0.000,2.000,0.5027,284540.0000,60.0000,electricity-generation
-3.04040,122.26160,1,0.000,2.000,0.5027,589050.0000,130.0000,electricity-generation
-6.63600,111.47490,1,0.000,2.000,0.5027,2654000.0000,630.0000,electricity-generation
0.51400,100.44710,1,0.000,2.000,0.5027,398360.0000,300.0000,electricity-generation
0.01130,109.28600,1,0.000,2.000,0.5027,0.0000,15.0000,electricity-generation
-4.17590,120.07220,1,0.000,2.000,0.5027,344180.0000,340.0000,electricity-generation
-0.98760,117.13550,1,0.000,2.000,0.5027,144480.0000,82.0000,electricity-generation
-3.40140,104.11860,1,0.000,2.000,0.5027,1467500.0000,300.0000,electricity-generation
-0.89170,119.87070,1,0.000,2.000,0.5027,19597.0000,41.4000,electricity-generation
-1.00690,103.08210,1,0.000,2.000,0.5027,526410.0000,111.0000,electricity-generation
-2.75130,105.27970,1,0.000,2.000,0.5027,0.0000,345.0000,electricity-generation
-2.84657,122.16930,4,2.485,4.485,19.4064,33445130.6371,642426.3014,electricity-generation
0.94270,122.94160,1,0.000,2.000,0.5027,486420.0000,100.0000,electricity-generation
1.37430,125.08550,1,0.000,2.000,0.5027,486420.0000,100.0000,electricity-generation
-8.48400,117.36490,1,0.000,2.000,0.5027,111780.0000,50.0000,electricity-generation
-3.47317,104.00100,2,4.567,6.567,65.5352,3014107.7076,42202.7322,electricity-generation
-2.15630,103.75530,1,0.000,2.000,0.5027,1326800.0000,300.0000,electricity-generation
-1.67500,103.67880,1,0.000,2.000,0.5027,245930.0000,110.0000,electricity-generation
-2.16236,115.44190,2,0.610,2.610,1.1700,1330780.0000,260.0000,electricity-generation
-6.95050,110.43400,1,0.000,2.000,0.5027,1816900.0000,1612.9000,electricity-generation
-6.80437,111.98971,3,5.656,7.656,100.4903,3415517.1756,50766.0000,electricity-generation
-6.44480,110.74350,1,0.000,2.000,0.5027,18485000.0000,4640.0000,electricity-generation
1.04410,104.13570,1,0.000,2.000,0.5027,624650.0000,130.0000,electricity-generation
-6.11020,106.86710,1,0.000,2.000,0.5027,2697200.0000,2852.0000,electricity-generation
1.08980,103.90180,1,0.000,2.000,0.5027,196760.0000,200.0000,electricity-generation
3.30000,117.63330,1,0.000,2.000,0.5027,28619.0000,14.2200,electricity-generation
-5.60150,104.79880,1,0.000,2.000,0.5027,13349.0000,28.2000,electricity-generation
-1.07650,100.37240,1,0.000,2.000,0.5027,1015790.0000,224.0000,electricity-generation
-10.35200,123.45990,1,0.000,2.000,0.5027,486420.0000,100.0000,electricity-generation
-7.43650,112.46960,1,0.000,2.000,0.5027,1699300.0000,398.4100,electricity-generation
-4.81670,119.50170,1,0.000,2.000,0.5027,901700.0000,206.0000,electricity-generation
-2.99006,104.82365,2,6.390,8.390,128.2730,1051126.1745,118056.4000,electricity-generation
-2.73100,122.03060,1,0.000,2.000,0.5027,589050.0000,130.0000,electricity-generation
0.47660,127.99480,1,0.000,2.000,0.5027,8644200.0000,2260.0000,electricity-generation
54.15060,-4.50170,1,0.000,2.000,0.5027,347350.0000,135.0000,electricity-generation
24.81410,87.13550,1,0.000,2.000,0.5027,7349000.0000,1600.0000,electricity-generation
21.74850,83.27640,1,0.000,2.000,0.5027,3363800.0000,600.0000,electricity-generation
21.77688,84.03819,10,11.554,13.554,419.4107,53240634.9457,826027.9452,electricity-generation
24.76503,74.60794,3,0.177,2.177,0.5027,3042900.4178,679614.0548,electricity-generation
22.82363,86.07441,4,5.787,7.787,105.2164,7328735.6100,110969.3274,electricity-generation
23.86980,91.36020,1,0.000,2.000,0.5027,448270.0000,135.0000,electricity-generation
17.62470,74.02180,1,0.000,2.000,0.5027,0.0000,24.0000,electricity-generation
26.07752,74.38317,2,0.453,2.453,0.6440,2710321.8415,306053.4247,electricity-generation
23.77250,68.64560,1,0.000,2.000,0.5027,122367.6000,250.0000,electricity-generation
17.46220,76.56510,1,0.000,2.000,0.5027,0.0000,34.0000,electricity-generation
11.48640,77.27150,1,0.000,2.000,0.5027,0.0000,20.0000,electricity-generation
8.77160,77.47220,1,0.000,2.000,0.5027,0.0000,0.0000,electricity-generation
21.61343,82.05711,5,7.160,9.160,161.0436,5139448.4138,1358971.1096,cement
20.83585,70.69239,3,0.325,2.325,0.5027,2948204.2625,484433.0890,electricity-generation
21.08030,77.90120,1,0.000,2.000,0.5027,9689300.0000,1350.0000,electricity-generation
21.12700,84.98060,1,0.000,2.000,0.5027,8513500.0000,1200.0000,electricity-generation
20.82048,85.21660,5,10.124,12.124,321.9908,21648863.0758,504719.1781,electricity-generation
20.86063,85.26999,4,11.893,13.893,444.3301,9012911.0000,18659.8904,electricity-generation
20.87986,84.99163,3,1.428,3.428,6.4093,19489579.3729,790673.0137,iron-and-steel
16.83806,80.04699,10,11.128,13.128,389.0495,7091656.5099,1509665.4932,cement
21.65544,73.13937,2,4.878,6.878,74.7587,821146.0000,197.6000,electricity-generation
24.19945,82.78880,2,2.056,4.056,13.2820,28969200.0000,4555.7000,electricity-generation
25.17970,76.31880,1,0.000,2.000,0.5027,118934.5000,419.4000,electricity-generation
23.06640,81.79010,1,0.000,2.000,0.5027,8356600.0000,1260.0000,electricity-generation
16.81990,74.78240,1,0.000,2.000,0.5027,0.0000,15.0000,electricity-generation
10.23469,78.98019,2,4.634,6.634,67.4654,0.0000,28.0000,electricity-generation
21.96087,82.40253,3,5.508,7.508,95.3050,11873707.8015,162406.5479,electricity-generation
9.35275,78.91612,3,2.809,4.809,24.7851,411417.9000,439.7500,electricity-generation
13.42089,80.08979,6,4.442,6.442,61.9901,5035040.0000,837.0000,electricity-generation
18.08450,76.18510,1,0.000,2.000,0.5027,0.0000,10.0000,electricity-generation
23.78440,87.04690,1,0.000,2.000,0.5027,315470.0000,40.0000,electricity-generation
19.58670,74.70610,1,0.000,2.000,0.5027,0.0000,18.5000,electricity-generation
28.70600,78.54460,1,0.000,2.000,0.5027,0.0000,51.0000,electricity-generation
27.34100,95.40640,1,0.000,2.000,0.5027,618850.0000,291.0000,electricity-generation
16.77080,74.91910,1,0.000,2.000,0.5027,0.0000,24.0000,electricity-generation
21.89986,83.15419,3,3.804,5.804,45.4570,17699067.0000,3240.0000,electricity-generation
20.53710,72.93330,1,0.000,2.000,0.5027,562060.0000,84.0000,electricity-generation
26.64075,79.49279,3,3.823,5.823,45.9206,1406998.2501,80523.5516,electricity-generation
9.03520,77.55110,1,0.000,2.000,0.5027,0.0000,18.5000,electricity-generation
19.73886,79.17808,7,6.127,8.127,117.9185,5763856.1170,1422791.7397,electricity-generation
31.64270,75.27680,1,0.000,2.000,0.5027,0.0000,34.0000,electricity-generation
28.53951,77.28925,4,4.187,6.187,55.0701,36208.4008,5722.8634,electricity-generation
28.61582,77.25222,4,7.071,9.071,157.0968,581030.8000,624.3800,electricity-generation
16.28040,75.22500,1,0.000,2.000,0.5027,0.0000,28.0000,electricity-generation
23.82920,87.45100,1,0.000,2.000,0.5027,8440400.0000,1050.0000,electricity-generation
22.30374,82.72336,3,7.169,9.169,161.4479,8596891.2500,1125.0000,electricity-generation
22.38810,82.68580,2,3.504,5.504,38.5741,19923000.0000,2600.0000,electricity-generation
22.40249,82.71486,4,3.988,5.988,49.9686,24676924.7875,38171.9178,electricity-generation
19.86078,79.33972,2,0.572,2.572,1.0289,492458.4008,5742.3634,electricity-generation
27.40540,82.15930,1,0.000,2.000,0.5027,0.0000,19.5500,electricity-generation
24.66717,74.65891,7,5.323,7.323,89.0078,8634517.7255,1592653.9534,cement
22.99570,88.40380,1,0.000,2.000,0.5027,2144100.0000,270.0000,electricity-generation
14.33460,80.13369,3,2.273,4.273,16.2344,24663700.0000,5040.0000,electricity-generation
23.60266,74.25551,2,0.071,2.071,0.5027,760750.5495,127417.2603,electricity-generation
23.80700,91.56500,1,0.000,2.000,0.5027,539.1100,42.0000,electricity-generation
25.19630,81.65850,1,0.000,2.000,0.5027,11384900.0000,1980.0000,electricity-generation
25.40190,86.03404,2,3.884,5.884,47.3902,4798986.5835,120500.0000,electricity-generation
22.13503,85.39284,2,2.315,4.315,16.8350,295280.9141,10731.3699,electricity-generation
25.48650,85.74520,1,0.000,2.000,0.5027,14807600.0000,3300.0000,electricity-generation
28.47250,79.80690,1,0.000,2.000,0.5027,361650.0000,90.0000,electricity-generation
27.84500,73.19940,1,0.000,2.000,0.5027,1932200.0000,250.0000,electricity-generation
13.16019,80.27784,3,6.916,8.916,150.2747,2635816.3677,210251.8800,electricity-generation
13.24636,80.31694,3,5.423,7.423,92.4020,18823900.0000,3330.0000,electricity-generation
27.38021,94.87546,2,1.152,3.152,4.1706,412016.0456,16890.1530,electricity-generation
20.80980,79.05510,2,0.402,2.402,0.5065,1928800.0000,294.0000,electricity-generation
16.65050,74.82090,1,0.000,2.000,0.5027,447.0100,32.4000,electricity-generation
16.27740,74.71110,1,0.000,2.000,0.5027,279.3600,16.0000,electricity-generation
15.18091,76.66436,3,1.663,3.663,8.6927,23027964.4325,1436117.5342,iron-and-steel
15.19320,76.71953,2,7.741,9.741,188.2316,7331253.5000,1710.0000,electricity-generation
15.17770,77.10360,1,0.000,2.000,0.5027,121139.0000,18.0000,electricity-generation
18.02750,80.73560,1,0.000,2.000,0.5027,5001900.0000,1080.0000,electricity-generation
13.82740,75.71310,1,0.000,2.000,0.5027,275890.0000,41.0000,electricity-generation
22.89620,69.89630,1,0.000,2.000,0.5027,2169700.0000,300.0000,electricity-generation
21.23289,79.63147,2,0.106,2.106,0.5027,1351371.0000,44604.0411,electricity-generation
21.08130,79.77080,1,0.000,2.000,0.5027,0.0000,10.0000,electricity-generation
21.12977,72.66289,11,8.661,10.661,235.6767,29747007.3073,1084135.3461,electricity-generation
22.33393,82.45831,3,8.329,10.329,217.9521,3271505.0000,463.0000,electricity-generation
21.58320,72.22220,1,0.000,2.000,0.5027,1819140.0000,500.0000,electricity-generation
18.24616,74.75282,3,5.849,7.849,107.4845,491938.4008,5742.3634,electricity-generation
21.18807,81.40007,4,5.912,7.912,109.8074,13206401.8727,849819.1370,electricity-generation
20.49537,85.73651,2,2.676,4.676,22.4943,1617800.0000,245.0000,electricity-generation
21.04980,75.84770,1,0.000,2.000,0.5027,8308300.0000,1870.0000,electricity-generation
12.79840,77.40170,1,0.000,2.000,0.5027,0.0000,11.5000,electricity-generation
27.69230,73.82190,1,0.000,2.000,0.5027,0.0000,15.0000,electricity-generation
29.32500,78.29100,1,0.000,2.000,0.5027,0.0000,10.0000,electricity-generation
25.20420,74.60920,2,2.795,4.795,24.5467,75299.0000,28.2000,electricity-generation
24.82372,73.09144,2,0.317,2.317,0.5027,2306346.7983,411993.4082,electricity-generation
24.29051,78.14110,3,4.878,6.878,74.7514,5617533.0296,157599.0000,electricity-generation
21.99975,83.21794,4,2.682,4.682,22.5935,7188747.4164,81488.9315,electricity-generation
23.69761,86.10611,3,5.066,7.066,80.6140,12317773.1459,396342.3699,electricity-generation
23.78290,85.88340,1,0.000,2.000,0.5027,2658497.0000,500.0000,electricity-generation
26.44440,90.36720,1,0.000,2.000,0.5027,3400800.0000,750.0000,electricity-generation
9.97220,76.37805,4,2.852,4.852,25.5501,4002623.2865,311264.3000,electricity-generation
10.04851,76.30950,2,3.075,5.075,29.6974,20207.5737,1277.1096,electricity-generation
22.47030,88.13990,1,0.000,2.000,0.5027,5348600.0000,750.0000,electricity-generation
20.92797,78.93594,2,1.571,3.571,7.7531,1975945.0000,697.5000,electricity-generation
25.46230,83.88260,1,0.000,2.000,0.5027,298494.0000,660.0000,electricity-generation
31.76440,75.53080,1,0.000,2.000,0.5027,0.0000,28.5000,electricity-generation
22.38955,82.55470,2,0.487,2.487,0.7453,2140167.1000,300.0000,electricity-generation
19.92060,79.11335,4,2.299,4.299,16.6078,999473.4962,322929.7260,electricity-generation
28.57080,78.29010,1,0.000,2.000,0.5027,0.0000,10.0000,electricity-generation
24.94744,74.65261,3,2.682,4.682,22.6043,2858174.5422,356996.3288,electricity-generation
26.19260,91.92000,1,0.000,2.000,0.5027,0.0000,0.0000,electricity-generation
20.00630,79.29000,1,0.000,2.000,0.5027,13328200.0000,2920.0000,electricity-generation
20.36940,78.88290,1,0.000,2.000,0.5027,271200.0000,40.0000,electricity-generation
30.12150,74.61460,1,0.000,2.000,0.5027,0.0000,14.5000,electricity-generation
24.62740,77.03760,1,0.000,2.000,0.5027,12524800.0000,2320.0000,electricity-generation
13.32470,79.39440,1,0.000,2.000,0.5027,0.0000,20.0000,electricity-generation
20.53480,85.90790,1,0.000,2.000,0.5027,1860900.0000,258.0000,electricity-generation
25.09090,82.89730,1,0.000,2.000,0.5027,257630.0000,38.0000,electricity-generation
24.63910,83.10110,1,0.000,2.000,0.5027,1180150.0000,180.0000,electricity-generation
28.58070,74.39700,1,0.000,2.000,0.5027,0.0000,15.0000,electricity-generation
15.36820,80.03880,1,0.000,2.000,0.5027,0.0000,12.0000,electricity-generation
16.54710,77.08250,1,0.000,2.000,0.5027,0.0000,24.0000,electricity-generation
11.52160,79.75180,1,0.000,2.000,0.5027,5438500.0000,1200.0000,electricity-generation
28.60300,77.60780,1,0.000,2.000,0.5027,9335100.0000,2640.0000,electricity-generation
19.95350,72.74870,1,0.000,2.000,0.5027,2958000.0000,500.0000,electricity-generation
21.69384,72.61605,8,7.894,9.894,195.7775,5224686.7708,129769.2626,electricity-generation
15.17045,76.37770,2,0.051,2.051,0.5027,5525892.0364,187763.7671,electricity-generation
15.25131,74.62701,2,0.344,2.344,0.5027,38164.2008,5692.1634,electricity-generation
21.96360,83.89190,1,0.000,2.000,0.5027,10410300.0000,1600.0000,electricity-generation
18.42710,74.63380,1,0.000,2.000,0.5027,0.0000,18.0000,electricity-generation
29.12170,77.70290,1,0.000,2.000,0.5027,1955.8000,52.0000,electricity-generation
14.32770,75.88080,1,0.000,2.000,0.5027,0.0000,24.0000,electricity-generation
27.53050,80.15420,1,0.000,2.000,0.5027,0.0000,52.9000,electricity-generation
30.10768,77.32638,2,4.340,6.340,59.1620,3539108.4008,6274.8634,electricity-generation
29.67590,77.66950,1,0.000,2.000,0.5027,0.0000,22.0000,electricity-generation
20.65910,78.49100,1,0.000,2.000,0.5027,0.0000,10.0000,electricity-generation
29.28950,78.51560,1,0.000,2.000,0.5027,0.0000,105.5000,electricity-generation
12.32450,78.07400,1,0.000,2.000,0.5027,0.0000,15.0000,electricity-generation
20.01046,79.20229,3,1.930,3.930,11.6976,4669232.0000,658.0000,electricity-generation
26.70180,77.84790,1,0.000,2.000,0.5027,7139.1000,330.0000,electricity-generation
22.23960,72.75200,1,0.000,2.000,0.5027,45098.0000,595.4000,electricity-generation
19.13146,73.01649,3,6.596,8.596,136.6900,14282.6000,68.5000,electricity-generation
23.66579,86.92000,2,7.173,9.173,161.6502,3818248.4238,212255.8356,electricity-generation
24.82710,92.97370,1,0.000,2.000,0.5027,29373.0000,17.4400,electricity-generation
19.44960,75.03820,1,0.000,2.000,0.5027,0.0000,14.4600,electricity-generation
18.68823,73.03924,2,0.542,2.542,0.9226,15853592.7889,866375.4699,electricity-generation
22.12790,83.53590,1,0.000,2.000,0.5027,3289000.0000,540.0000,electricity-generation
16.59560,80.53940,2,5.075,7.075,80.9026,14285750.3000,4022.0000,electricity-generation
27.78260,80.20220,1,0.000,2.000,0.5027,0.0000,77.0000,electricity-generation
20.96771,86.02395,8,5.359,7.359,90.2196,11157784.2315,1071493.3014,iron-and-steel
14.62840,75.84480,1,0.000,2.000,0.5027,0.0000,22.0000,electricity-generation
23.56747,87.22237,4,4.886,6.886,75.0057,10139437.9142,213363.8356,electricity-generation
23.51370,87.31338,4,5.787,7.787,105.2124,4617693.5000,68190.4795,electricity-generation
21.18974,81.20072,2,0.975,2.975,2.9887,269487.6000,11053.8959,electricity-generation
28.15660,79.57990,1,0.000,2.000,0.5027,0.0000,36.0000,electricity-generation
29.52560,78.38470,1,0.000,2.000,0.5027,0.0000,33.0000,electricity-generation
17.02990,81.77250,1,0.000,2.000,0.5027,344900.0000,51.0000,electricity-generation
24.77270,87.89370,1,0.000,2.000,0.5027,12597600.0000,2100.0000,electricity-generation
28.35763,77.33519,3,3.764,5.764,44.5136,142036.5461,941.5890,electricity-generation
30.45540,74.93750,1,0.000,2.000,0.5027,0.0000,18.0000,electricity-generation
25.91400,81.32390,1,0.000,2.000,0.5027,9571300.0000,1550.0000,electricity-generation
30.86430,74.83310,1,0.000,2.000,0.5027,0.0000,18.0000,electricity-generation
22.95820,78.73290,1,0.000,2.000,0.5027,644330.0000,90.0000,electricity-generation
22.86180,78.86610,1,0.000,2.000,0.5027,8704300.0000,1600.0000,electricity-generation
25.15210,76.18200,1,0.000,2.000,0.5027,64149.0000,36.6000,electricity-generation
23.24970,72.67390,1,0.000,2.000,0.5027,1469097.0000,630.0000,electricity-generation
16.70434,79.63214,6,9.761,11.761,299.3098,6097111.0837,621684.0000,cement
30.34930,76.60450,1,0.000,2.000,0.5027,0.0000,12.0000,electricity-generation
25.97500,80.18890,1,0.000,2.000,0.5027,4860400.0000,1320.0000,electricity-generation
25.58110,83.48600,1,0.000,2.000,0.5027,0.0000,15.0000,electricity-generation
26.04570,71.25410,1,0.000,2.000,0.5027,12473.4000,250.0000,electricity-generation
16.97419,82.26505,2,2.734,4.734,23.4853,4972644.5770,169863.0137,electricity-generation
20.27622,78.97707,2,0.465,2.465,0.6806,8626600.0000,1140.0000,electricity-generation
12.97600,77.57910,1,0.000,2.000,0.5027,0.0000,18.0000,electricity-generation
30.23390,74.92440,1,0.000,2.000,0.5027,0.0000,0.0000,electricity-generation
17.05870,82.30970,1,0.000,2.000,0.5027,1676.4000,208.0000,electricity-generation
31.38410,75.14650,1,0.000,2.000,0.5027,2509700.0000,540.0000,electricity-generation
23.48360,85.65750,1,0.000,2.000,0.5027,484200.0000,63.0000,electricity-generation
22.37396,73.11905,4,1.850,3.850,10.7561,4294322.4125,290667.6277,electricity-generation
28.23110,80.63340,1,0.000,2.000,0.5027,0.0000,31.0000,electricity-generation
17.18530,76.79500,1,0.000,2.000,0.5027,383140.0000,55.0000,electricity-generation
16.28210,80.34040,1,0.000,2.000,0.5027,0.0000,15.0000,electricity-generation
29.92364,74.95083,3,1.021,3.021,3.2765,5145973.4822,328005.9178,electricity-generation
30.26660,75.16610,1,0.000,2.000,0.5027,5704700.0000,920.0000,electricity-generation
22.10590,88.17730,1,0.000,2.000,0.5027,4921300.0000,600.0000,electricity-generation
22.06101,88.10355,5,2.037,4.037,13.0401,5712631.5012,220358.3654,electricity-generation
29.05170,75.13240,1,0.000,2.000,0.5027,0.0000,15.0000,electricity-generation
16.60380,74.40450,1,0.000,2.000,0.5027,0.0000,25.5000,electricity-generation
28.01750,78.13000,1,0.000,2.000,0.5027,4641600.0000,1270.0000,electricity-generation
27.77410,80.72930,1,0.000,2.000,0.5027,0.0000,15.0000,electricity-generation
26.74020,83.69270,1,0.000,2.000,0.5027,0.0000,35.0000,electricity-generation
22.00079,82.67041,2,0.511,2.511,0.8203,2813873.5000,101168.4932,electricity-generation
17.12020,76.40040,1,0.000,2.000,0.5027,0.0000,25.5000,electricity-generation
14.81070,75.61760,1,0.000,2.000,0.5027,0.0000,10.0000,electricity-generation
19.28290,77.13840,1,0.000,2.000,0.5027,0.0000,20.4000,electricity-generation
21.53097,83.90548,2,0.216,2.216,0.5027,4143828.6810,16674.3493,electricity-generation
13.98080,76.62790,1,0.000,2.000,0.5027,0.0000,25.0000,electricity-generation
17.59443,83.13942,5,7.394,9.394,171.7506,26133466.5705,623240.0000,electricity-generation
17.66967,83.22712,4,7.728,9.728,187.6439,6142653.9719,304134.9052,electricity-generation
17.87830,80.84860,1,0.000,2.000,0.5027,610180.0000,90.0000,electricity-generation
21.68248,83.87381,2,5.455,7.455,93.4840,14784300.0000,2440.0000,electricity-generation
28.22829,79.24298,2,0.526,2.526,0.8690,4740231.0326,154208.2904,electricity-generation
28.48653,76.36331,2,1.071,3.071,3.6012,14091400.0000,2820.0000,electricity-generation
29.43855,76.87522,5,4.566,6.566,65.4866,8290932.3617,374145.6530,electricity-generation
30.48360,76.33670,1,0.000,2.000,0.5027,0.0000,10.0000,electricity-generation
23.19649,79.96947,2,5.642,7.642,99.9961,12294.6088,741.9110,electricity-generation
22.33590,69.85752,3,2.936,4.936,27.0852,21772701.8920,1503687.8237,electricity-generation
22.78334,86.20731,4,5.293,7.293,88.0050,16505906.2671,934999.3753,electricity-generation
17.51800,78.58670,1,0.000,2.000,0.5027,0.0000,15.0000,electricity-generation
27.49660,78.82360,1,0.000,2.000,0.5027,2370440.0000,1320.0000,electricity-generation
24.69257,73.00242,2,0.421,2.421,0.5564,1215441.5989,403490.6575,electricity-generation
19.14700,76.26890,1,0.000,2.000,0.5027,0.0000,49.0000,electricity-generation
24.54870,81.17120,4,2.297,4.297,16.5784,2708282.4140,467283.2877,electricity-generation
24.15000,81.90450,1,0.000,2.000,0.5027,10688600.0000,1320.0000,electricity-generation
16.93120,81.86000,1,0.000,2.000,0.5027,2558.3000,235.0000,electricity-generation
21.82420,73.11360,1,0.000,2.000,0.5027,218408.0000,618.0000,electricity-generation
25.89490,71.32560,1,0.000,2.000,0.5027,7843600.0000,1080.0000,electricity-generation
19.79450,72.74050,1,0.000,2.000,0.5027,253850.0000,37.5000,electricity-generation
11.05290,77.99580,1,0.000,2.000,0.5027,678280.0000,100.5000,electricity-generation
25.23690,87.26560,1,0.000,2.000,0.5027,18068000.0000,2340.0000,electricity-generation
29.94530,76.35900,1,0.000,2.000,0.5027,0.0000,15.0000,electricity-generation
18.38320,79.82720,1,0.000,2.000,0.5027,6998500.0000,1100.0000,electricity-generation
24.53250,76.10040,1,0.000,2.000,0.5027,6241200.0000,1200.0000,electricity-generation
17.32331,77.46792,6,7.226,9.226,164.0552,4655965.9458,904550.5479,cement
24.59664,80.85827,3,4.325,6.325,58.7546,1121416.8480,229406.5685,electricity-generation
17.16550,74.24575,2,0.027,2.027,0.5027,0.0000,32.0000,electricity-generation
10.93250,79.82160,1,0.000,2.000,0.5027,81912.6000,32.5000,electricity-generation
11.12080,79.52900,1,0.000,2.000,0.5027,788.0100,119.8000,electricity-generation
29.15034,78.97048,2,1.176,3.176,4.3463,193961.4000,664.0000,electricity-generation
22.13350,75.45680,1,0.000,2.000,0.5027,71899.0000,18.0000,electricity-generation
22.48949,82.60989,2,1.736,3.736,9.4684,7295.6400,178.0000,electricity-generation
24.77800,76.73710,1,0.000,2.000,0.5027,7358300.0000,1320.0000,electricity-generation
9.24050,76.42870,1,0.000,2.000,0.5027,3661.4000,350.0000,electricity-generation
23.17170,70.18810,1,0.000,2.000,0.5027,690850.0000,102.0000,electricity-generation
14.77530,75.31310,1,0.000,2.000,0.5027,0.0000,18.0000,electricity-generation
28.01690,80.83050,1,0.000,2.000,0.5027,340692.0000,90.0000,electricity-generation
21.25793,79.10338,2,2.959,4.959,27.4991,19738500.0000,3530.0000,electricity-generation
22.06520,75.85190,1,0.000,2.000,0.5027,5485500.0000,1320.0000,electricity-generation
29.27460,77.74020,1,0.000,2.000,0.5027,0.0000,46.0000,electricity-generation
18.77090,73.25930,1,0.000,2.000,0.5027,406770.0000,60.0000,electricity-generation
28.15830,77.90830,1,0.000,2.000,0.5027,4470950.0000,1320.0000,electricity-generation
29.04970,77.46870,1,0.000,2.000,0.5027,0.0000,16.0000,electricity-generation
12.48060,77.04110,1,0.000,2.000,0.5027,0.0000,26.0000,electricity-generation
24.39150,85.56190,1,0.000,2.000,0.5027,6196200.0000,1000.0000,electricity-generation
22.41660,87.87100,1,0.000,2.000,0.5027,5649800.0000,840.0000,electricity-generation
16.58590,73.88040,1,0.000,2.000,0.5027,0.0000,20.0000,electricity-generation
16.03270,74.45830,1,0.000,2.000,0.5027,0.0000,20.0000,electricity-generation
16.58900,74.29930,1,0.000,2.000,0.5027,0.0000,20.0000,electricity-generation
16.68900,74.12010,1,0.000,2.000,0.5027,0.0000,19.5000,electricity-generation
12.10560,76.76060,1,0.000,2.000,0.5027,0.0000,16.0000,electricity-generation
16.73460,81.86220,1,0.000,2.000,0.5027,3316.4000,445.0000,electricity-generation
15.33421,76.25369,3,2.050,4.050,13.2089,1263266.8081,93436.6575,iron-and-steel
12.70200,76.97870,1,0.000,2.000,0.5027,0.0000,26.0000,electricity-generation
25.15833,75.84240,4,5.296,7.296,88.1038,12294756.6892,150684.8890,electricity-generation
17.61474,80.68936,2,5.268,7.268,87.1848,10602000.0000,2044.0000,electricity-generation
11.05805,79.06347,2,6.074,8.074,115.8954,3252614.7255,467156.2877,electricity-generation
16.49950,75.83460,1,0.000,2.000,0.5027,9115900.0000,2435.0000,electricity-generation
16.26510,75.53020,1,0.000,2.000,0.5027,0.0000,16.5000,electricity-generation
27.07880,82.08360,1,0.000,2.000,0.5027,354999.0000,90.0000,electricity-generation
23.66390,68.78410,1,0.000,2.000,0.5027,441160.1000,150.0000,electricity-generation
23.11652,70.08364,2,0.184,2.184,0.5027,1153086.4291,24540.2740,electricity-generation
11.03430,79.58520,1,0.000,2.000,0.5027,233136.0000,96.0000,electricity-generation
24.05271,80.61405,2,0.042,2.042,0.5027,1129688.0899,231063.6986,electricity-generation
25.67209,76.18949,2,0.137,2.137,0.5027,644716.6288,127422.2603,electricity-generation
26.98524,94.93034,2,0.095,2.095,0.5027,493151.0000,167.0000,electricity-generation
24.79580,78.64690,1,0.000,2.000,0.5027,10525100.0000,1980.0000,electricity-generation
29.06650,79.51890,1,0.000,2.000,0.5027,574140.0000,85.0000,electricity-generation
19.71076,83.39855,2,0.290,2.290,0.5027,8162873.5831,424747.5342,electricity-generation
21.75770,83.45750,1,0.000,2.000,0.5027,10920000.0000,1600.0000,electricity-generation
24.94030,93.83900,1,0.000,2.000,0.5027,77.0060,36.0000,electricity-generation
18.88560,73.18426,2,2.570,4.570,20.7520,85228.0000,106.0000,electricity-generation
17.44740,75.71610,1,0.000,2.000,0.5027,0.0000,31.5000,electricity-generation
17.84600,83.23710,1,0.000,2.000,0.5027,78.7160,36.8000,electricity-generation
20.57620,86.02070,1,0.000,2.000,0.5027,421660.0000,60.0000,electricity-generation
18.70079,72.86877,2,0.488,2.488,0.7494,5083046.5770,169943.0137,electricity-generation
17.13230,80.00700,1,0.000,2.000,0.5027,0.0000,24.0000,electricity-generation
24.22452,82.45083,2,0.678,2.678,1.4428,8868641.2768,31475.3425,electricity-generation
24.00870,82.41700,1,0.000,2.000,0.5027,7895200.0000,1200.0000,electricity-generation
20.85580,78.58140,1,0.000,2.000,0.5027,0.0000,20.0000,electricity-generation
19.01144,72.89773,7,2.938,4.938,27.1097,10041416.4168,432137.5800,electricity-generation
24.22144,80.79807,3,3.593,5.593,40.5591,3733571.2358,806880.7151,cement
23.82090,86.76000,1,0.000,2.000,0.5027,6540600.0000,1050.0000,electricity-generation
12.70080,76.42110,1,0.000,2.000,0.5027,0.0000,30.0000,electricity-generation
17.59370,82.74360,1,0.000,2.000,0.5027,610180.0000,90.0000,electricity-generation
23.08885,77.53931,2,2.038,4.038,13.0434,517020.0000,75.7500,electricity-generation
28.28920,75.43080,1,0.000,2.000,0.5027,0.0000,15.0000,electricity-generation
28.36700,76.89520,1,0.000,2.000,0.5027,126872.0000,117.5000,electricity-generation
12.98685,74.84733,2,0.472,2.472,0.6999,4947504.1788,301166.5000,electricity-generation
24.71561,75.95289,2,0.232,2.232,0.5027,1547491.0352,276052.3973,electricity-generation
28.24450,79.99740,1,0.000,2.000,0.5027,364526.0000,90.0000,electricity-generation
22.07080,82.60220,1,0.000,2.000,0.5027,6262600.0000,1000.0000,electricity-generation
27.75170,77.48680,1,0.000,2.000,0.5027,0.0000,16.0000,electricity-generation
23.44480,87.49150,1,0.000,2.000,0.5027,60908.0000,84.0000,electricity-generation
21.18070,79.39650,1,0.000,2.000,0.5027,14110000.0000,2320.0000,electricity-generation
14.20661,80.08767,2,0.573,2.573,1.0332,4306533.0000,1600.0000,electricity-generation
25.14590,81.94010,1,0.000,2.000,0.5027,6901800.0000,1320.0000,electricity-generation
23.46390,87.13110,1,0.000,2.000,0.5027,15011000.0000,2340.0000,electricity-generation
16.73448,79.84587,4,9.444,11.444,280.1862,3125291.4123,679452.0548,cement
16.80921,79.91558,3,1.338,3.338,5.6206,3259815.5684,602521.6438,cement
11.77298,77.81169,2,4.732,6.732,70.3559,7742900.0000,1540.0000,electricity-generation
11.81385,77.91886,3,0.031,2.031,0.5027,1239062.9394,107133.6986,electricity-generation
21.03770,78.93340,1,0.000,2.000,0.5027,11435.1000,246.0000,electricity-generation
29.03160,78.99030,1,0.000,2.000,0.5027,0.0000,13.0000,electricity-generation
23.43800,91.27400,1,0.000,2.000,0.5027,219650.0000,101.0000,electricity-generation
23.54960,74.40720,1,0.000,2.000,0.5027,320440.0000,46.0000,electricity-generation
26.70520,82.12930,1,0.000,2.000,0.5027,0.0000,25.0000,electricity-generation
23.16210,81.63280,1,0.000,2.000,0.5027,1317210.0000,210.0000,electricity-generation
16.20432,75.29968,2,0.304,2.304,0.5027,1635599.0484,297317.7740,electricity-generation
18.73670,77.43450,1,0.000,2.000,0.5027,0.0000,20.0000,electricity-generation
20.08050,79.71480,1,0.000,2.000,0.5027,100932.0000,15.0000,electricity-generation
18.53050,72.92539,2,2.226,4.226,15.5724,36845.1000,52.4000,electricity-generation
22.82100,69.54526,2,1.852,3.852,10.7710,35953420.0000,8620.0000,electricity-generation
15.85550,75.10020,1,0.000,2.000,0.5027,0.0000,20.5000,electricity-generation
19.26100,73.36380,1,0.000,2.000,0.5027,104496.0000,15.0000,electricity-generation
8.91270,78.14500,1,0.000,2.000,0.5027,4423700.0000,1200.0000,electricity-generation
26.19480,85.30330,1,0.000,2.000,0.5027,2451200.0000,390.0000,electricity-generation
24.77600,84.15800,1,0.000,2.000,0.5027,11517800.0000,1980.0000,electricity-generation
24.70510,84.08870,1,0.000,2.000,0.5027,6571200.0000,1000.0000,electricity-generation
10.82410,79.75380,2,6.258,8.258,123.0205,940590.0000,150.0000,electricity-generation
23.44707,75.40760,2,0.045,2.045,0.5027,1285800.0000,187.3500,electricity-generation
18.55925,73.11124,3,8.065,10.065,204.3323,594643.1924,42117.5886,electricity-generation
21.05820,79.48500,1,0.000,2.000,0.5027,0.0000,10.0000,electricity-generation
20.92760,79.24550,1,0.000,2.000,0.5027,696630.0000,100.0000,electricity-generation
13.95850,79.89350,1,0.000,2.000,0.5027,0.0000,20.0000,electricity-generation
29.20030,78.89340,1,0.000,2.000,0.5027,0.0000,16.0000,electricity-generation
27.18618,95.37501,3,2.667,4.667,22.3381,176369.8208,17090.7610,chemicals
16.44940,75.47720,1,0.000,2.000,0.5027,0.0000,18.0000,electricity-generation
22.96490,78.81320,1,0.000,2.000,0.5027,0.0000,10.0000,electricity-generation
21.15100,74.85420,1,0.000,2.000,0.5027,1721820.0000,300.0000,electricity-generation
28.79607,77.07096,3,7.653,9.653,184.0041,573845.1600,1632.0000,electricity-generation
19.98150,73.89210,1,0.000,2.000,0.5027,2972100.0000,630.0000,electricity-generation
19.86670,74.08170,1,0.000,2.000,0.5027,114147.0000,1350.0000,electricity-generation
11.77110,79.66550,1,0.000,2.000,0.5027,0.0000,24.5000,electricity-generation
14.49060,79.98690,1,0.000,2.000,0.5027,214340.0000,30.0000,electricity-generation
11.56442,79.44290,3,3.996,5.996,50.1533,25041500.0000,3640.0000,electricity-generation
28.05590,79.87090,1,0.000,2.000,0.5027,0.0000,27.0000,electricity-generation
23.85080,85.01240,1,0.000,2.000,0.5027,9935100.0000,1980.0000,electricity-generation
22.73550,79.91230,1,0.000,2.000,0.5027,3669100.0000,600.0000,electricity-generation
24.44504,82.98946,3,8.691,10.691,237.3058,11552985.9242,325909.0411,cement
21.77942,72.89380,2,4.309,6.309,58.3442,493225.9350,22060.9973,electricity-generation
21.74174,73.01173,2,5.433,7.433,92.7482,1123906.1795,38491.9863,electricity-generation
24.22900,83.88580,1,0.000,2.000,0.5027,405250.0000,60.0000,electricity-generation
16.76680,74.13560,1,0.000,2.000,0.5027,0.0000,30.0000,electricity-generation
26.47660,80.24100,1,0.000,2.000,0.5027,1303480.0000,660.0000,electricity-generation
20.31226,86.64998,2,1.003,3.003,3.1603,1208350.0000,175.0000,electricity-generation
20.24961,86.59644,2,0.887,2.887,2.4744,5231518.0820,301366.0000,electricity-generation
20.71470,76.79480,1,0.000,2.000,0.5027,2967500.0000,500.0000,electricity-generation
18.90480,76.72750,1,0.000,2.000,0.5027,0.0000,50.0000,electricity-generation
19.26790,76.43570,1,0.000,2.000,0.5027,203390.0000,30.0000,electricity-generation
25.51360,78.75790,1,0.000,2.000,0.5027,5114600.0000,920.0000,electricity-generation
18.90760,76.54300,1,0.000,2.000,0.5027,3058365.0000,750.0000,electricity-generation
23.64500,85.28910,2,0.689,2.689,1.4926,767639.0000,800.0000,electricity-generation
18.82710,79.57030,1,0.000,2.000,0.5027,7501700.0000,1200.0000,electricity-generation
20.90981,71.46146,2,1.489,3.489,6.9696,1242818.0590,338304.7397,electricity-generation
11.07490,79.83400,1,0.000,2.000,0.5027,3135.4000,331.0000,electricity-generation
10.56900,77.00550,1,0.000,2.000,0.5027,0.0000,10.0000,electricity-generation
11.34280,77.75800,1,0.000,2.000,0.5027,0.0000,19.0000,electricity-generation
8.74350,77.61830,1,0.000,2.000,0.5027,0.0000,10.0000,electricity-generation
19.57130,74.50160,1,0.000,2.000,0.5027,0.0000,47.0000,electricity-generation
30.93090,76.63490,1,0.000,2.000,0.5027,0.0000,12.0000,electricity-generation
26.27138,74.15291,5,6.027,8.027,114.1169,3896938.3571,874961.5205,cement
23.61633,86.68846,3,10.312,12.312,334.0580,8462574.0000,92926.0274,iron-and-steel
9.47770,78.56140,1,0.000,2.000,0.5027,0.0000,18.0000,electricity-generation
31.01950,76.12790,1,0.000,2.000,0.5027,0.0000,10.0000,electricity-generation
16.32836,77.34829,3,3.770,5.770,44.6483,13367700.0000,3355.0000,electricity-generation
21.87826,83.53210,2,3.663,5.663,42.1429,1268644.4500,32763.6301,electricity-generation
21.92722,83.34689,2,0.291,2.291,0.5027,10610700.0000,306040.1247,electricity-generation
22.13100,83.26390,1,0.000,2.000,0.5027,3887700.0000,600.0000,electricity-generation
21.44990,81.85250,1,0.000,2.000,0.5027,7554500.0000,1370.0000,electricity-generation
21.35751,81.66787,8,7.786,9.786,190.4446,5564312.3281,158608.3288,electricity-generation
17.13259,77.16373,3,4.390,6.390,60.5501,4854189.1299,993777.8301,cement
29.34700,75.85750,1,0.000,2.000,0.5027,3924800.0000,1200.0000,electricity-generation
24.96700,74.12140,1,0.000,2.000,0.5027,1030160.0000,160.0000,electricity-generation
30.42358,76.71723,2,5.428,7.428,92.5637,636459.1517,127408.2603,electricity-generation
30.55900,76.57760,1,0.000,2.000,0.5027,8448200.0000,1400.0000,electricity-generation
18.75518,79.45843,2,7.384,9.384,171.2922,23005534.9893,131597.2603,electricity-generation
12.71450,77.45240,1,0.000,2.000,0.5027,0.0000,11.0000,electricity-generation
27.33590,70.53750,1,0.000,2.000,0.5027,47017.0000,75.0000,electricity-generation
21.06730,86.45480,1,0.000,2.000,0.5027,671650.0000,100.0000,electricity-generation
18.53540,76.24500,1,0.000,2.000,0.5027,0.0000,12.5000,electricity-generation
17.55970,73.16640,1,0.000,2.000,0.5027,364861.0000,2154.0000,electricity-generation
17.29640,73.21310,1,0.000,2.000,0.5027,2261740.0000,1200.0000,electricity-generation
19.24620,83.41240,1,0.000,2.000,0.5027,366280.0000,55.0000,electricity-generation
14.68695,78.46766,3,10.814,12.814,367.4129,11384056.0535,599780.1370,cement
14.59789,78.56917,2,6.629,8.629,138.0544,1683276.5290,500841.0959,cement
15.37966,73.87465,2,0.380,2.380,0.5027,2983586.7462,101917.8082,electricity-generation
24.02700,82.79150,1,0.000,2.000,0.5027,21262000.0000,3002.6000,electricity-generation
23.62600,91.19480,1,0.000,2.000,0.5027,101282.0000,71.0000,electricity-generation
31.04180,76.58450,2,1.585,3.585,7.8955,4540700.0000,864.0000,electricity-generation
27.81940,79.93720,1,0.000,2.000,0.5027,7035400.0000,1200.0000,electricity-generation
22.21324,84.86782,2,1.574,3.574,7.7787,6989764.8842,357082.3288,electricity-generation
21.92679,85.22213,2,0.321,2.321,0.5027,946679.5000,29511.2329,electricity-generation
23.07060,72.59390,1,0.000,2.000,0.5027,2686200.0000,362.0000,electricity-generation
28.19630,78.00540,1,0.000,2.000,0.5027,0.0000,13.5000,electricity-generation
24.36880,88.10400,1,0.000,2.000,0.5027,6731200.0000,1600.0000,electricity-generation
17.17800,81.61140,1,0.000,2.000,0.5027,231560.0000,33.0000,electricity-generation
17.70800,75.13610,1,0.000,2.000,0.5027,0.0000,18.0000,electricity-generation
9.82570,78.36450,1,0.000,2.000,0.5027,0.0000,40.0000,electricity-generation
11.47460,77.57200,1,0.000,2.000,0.5027,0.0000,32.0000,electricity-generation
22.31868,69.73094,3,2.636,4.636,21.8237,12958481.9020,402799.5000,electricity-generation
17.03870,82.13790,1,0.000,2.000,0.5027,1693.5000,220.0000,electricity-generation
12.29950,78.40380,1,0.000,2.000,0.5027,0.0000,0.0000,electricity-generation
9.97510,78.04450,1,0.000,2.000,0.5027,0.0000,0.0000,electricity-generation
16.39180,75.04110,1,0.000,2.000,0.5027,0.0000,24.0000,electricity-generation
23.40170,68.57080,1,0.000,2.000,0.5027,503700.0000,135.0000,electricity-generation
17.13540,74.42720,1,0.000,2.000,0.5027,0.0000,28.7000,electricity-generation
16.91710,74.48210,1,0.000,2.000,0.5027,0.0000,10.0000,electricity-generation
16.88100,74.58980,1,0.000,2.000,0.5027,0.0000,12.5000,electricity-generation
23.30570,81.06480,1,0.000,2.000,0.5027,7972600.0000,1340.0000,electricity-generation
16.24780,74.50030,1,0.000,2.000,0.5027,0.0000,26.0000,electricity-generation
18.55450,83.73990,1,0.000,2.000,0.5027,0.0000,16.0000,electricity-generation
23.60130,86.46660,1,0.000,2.000,0.5027,4277300.0000,500.0000,electricity-generation
23.97750,82.62650,1,0.000,2.000,0.5027,26991000.0000,3960.0000,electricity-generation
26.75560,73.92580,1,0.000,2.000,0.5027,0.0000,20.0000,electricity-generation
22.10810,78.17710,1,0.000,2.000,0.5027,3461200.0000,500.0000,electricity-generation
9.23960,77.88300,1,0.000,2.000,0.5027,0.0000,10.0000,electricity-generation
19.61250,74.19240,1,0.000,2.000,0.5027,0.0000,24.0000,electricity-generation
27.48400,80.99600,1,0.000,2.000,0.5027,0.0000,32.0000,electricity-generation
29.19860,78.58390,1,0.000,2.000,0.5027,0.0000,25.0000,electricity-generation
8.75933,78.16871,5,4.052,6.052,51.5712,13042933.6846,29849.9041,electricity-generation
23.01870,85.94380,1,0.000,2.000,0.5027,453900.0000,67.5000,electricity-generation
23.43050,68.71293,2,0.055,2.055,0.5027,2358127.4143,424715.0342,electricity-generation
27.83279,79.83011,2,2.604,4.604,21.2958,2148182.4573,73395.3219,electricity-generation
21.39770,79.23730,1,0.000,2.000,0.5027,0.0000,10.0000,electricity-generation
19.78824,79.06462,2,5.759,7.759,104.1938,889756.8234,254804.5205,electricity-generation
20.49960,79.35730,1,0.000,2.000,0.5027,0.0000,10.0000,electricity-generation
16.74910,74.58490,1,0.000,2.000,0.5027,167.6100,48.1000,electricity-generation
22.09910,76.53170,1,0.000,2.000,0.5027,12991800.0000,2520.0000,electricity-generation
18.59000,74.62100,1,0.000,2.000,0.5027,0.0000,26.0000,electricity-generation
15.69330,74.71620,1,0.000,2.000,0.5027,0.0000,22.0000,electricity-generation
16.57410,75.20850,1,0.000,2.000,0.5027,0.0000,65.0000,electricity-generation
17.86760,74.84050,1,0.000,2.000,0.5027,0.0000,20.0000,electricity-generation
24.32732,81.32878,2,0.220,2.220,0.5027,2459200.6683,297415.2740,electricity-generation
26.33200,84.66410,1,0.000,2.000,0.5027,0.0000,18.0000,electricity-generation
27.51680,74.98520,1,0.000,2.000,0.5027,0.0000,15.0000,electricity-generation
22.42576,69.83160,2,0.688,2.688,1.4890,1453220.0551,255294.5205,electricity-generation
24.10008,82.68230,2,2.489,4.489,19.4571,47826200.0000,6760.0000,electricity-generation
22.13170,82.29040,1,0.000,2.000,0.5027,19581000.0000,2980.0000,electricity-generation
24.87270,72.83830,1,0.000,2.000,0.5027,0.0000,20.0000,electricity-generation
17.55130,75.98320,1,0.000,2.000,0.5027,5959500.0000,1320.0000,electricity-generation
19.38040,74.83970,1,0.000,2.000,0.5027,0.0000,16.0000,electricity-generation
22.54960,88.29150,1,0.000,2.000,0.5027,931940.0000,135.0000,electricity-generation
21.34040,72.98900,1,0.000,2.000,0.5027,1130698.0000,1532.0000,electricity-generation
29.17540,74.01990,1,0.000,2.000,0.5027,12557000.0000,2820.0000,electricity-generation
21.39730,73.10700,1,0.000,2.000,0.5027,3838900.0000,500.0000,electricity-generation
21.09710,85.07500,1,0.000,2.000,0.5027,20259000.0000,3000.0000,electricity-generation
29.92460,75.23890,1,0.000,2.000,0.5027,9647600.0000,1980.0000,electricity-generation
22.09870,83.45130,1,0.000,2.000,0.5027,24780000.0000,3400.0000,electricity-generation
26.58920,82.60040,1,0.000,2.000,0.5027,9103800.0000,1760.0000,electricity-generation
23.72770,85.76520,1,0.000,2.000,0.5027,2107400.0000,420.0000,electricity-generation
10.54150,79.45070,1,0.000,2.000,0.5027,778.5500,108.0000,electricity-generation
10.96100,79.29670,1,0.000,2.000,0.5027,0.0000,28.4200,electricity-generation
21.41250,79.96730,1,0.000,2.000,0.5027,19051000.0000,3300.0000,electricity-generation
22.73200,88.37030,1,0.000,2.000,0.5027,11388.9000,240.0000,electricity-generation
23.49870,91.43850,1,0.000,2.000,0.5027,1474090.0000,726.0000,electricity-generation
15.66090,76.87560,1,0.000,2.000,0.5027,0.0000,28.0000,electricity-generation
13.15960,74.80020,1,0.000,2.000,0.5027,4813860.0000,1200.0000,electricity-generation
21.20930,73.55740,1,0.000,2.000,0.5027,5747500.0000,1110.0000,electricity-generation
18.88083,72.96738,2,4.249,6.249,56.7302,1228468.0000,734.6000,electricity-generation
19.18507,83.02739,2,1.135,3.135,4.0486,3631257.4333,169953.0137,electricity-generation
21.22850,72.87050,1,0.000,2.000,0.5027,124127.7000,375.0000,electricity-generation
27.34540,82.31650,1,0.000,2.000,0.5027,334633.0000,90.0000,electricity-generation
22.78080,77.65150,1,0.000,2.000,0.5027,179730.0000,25.8000,electricity-generation
17.16105,77.29340,2,0.372,2.372,0.5027,4405045.9925,734735.2342,electricity-generation
20.13320,79.94270,1,0.000,2.000,0.5027,0.0000,10.0000,electricity-generation
17.73820,75.32180,1,0.000,2.000,0.5027,0.0000,19.8000,electricity-generation
24.49780,77.15130,1,0.000,2.000,0.5027,137863.0000,76.6000,electricity-generation
15.08760,75.87180,1,0.000,2.000,0.5027,0.0000,32.0000,electricity-generation
16.93350,81.72430,1,0.000,2.000,0.5027,2271.4000,281.5000,electricity-generation
24.57750,74.80338,2,0.330,2.330,0.5027,2355941.7313,566539.1507,electricity-generation
17.94150,83.22320,1,0.000,2.000,0.5027,538460.0000,84.0000,electricity-generation
27.85670,72.85770,1,0.000,2.000,0.5027,984120.0000,135.0000,electricity-generation
17.05881,76.97920,2,0.440,2.440,0.6079,1900612.5492,491828.4247,electricity-generation
22.87760,73.36050,1,0.000,2.000,0.5027,7892500.0000,2270.0000,electricity-generation
16.86220,74.19840,1,0.000,2.000,0.5027,0.0000,44.0000,electricity-generation
20.70266,78.63366,2,0.931,2.931,2.7225,1097431.1054,91806.0274,electricity-generation
13.11760,77.58190,2,0.279,2.279,0.5027,204556.8000,370.0000,electricity-generation
24.34990,73.74820,1,0.000,2.000,0.5027,516740.0000,86.0000,electricity-generation
51.82450,-8.24361,3,1.244,3.244,4.8581,1952116.3308,76146.0000,electricity-generation
53.39940,-7.32070,1,0.000,2.000,0.5027,96639.0000,55.0000,electricity-generation
53.41006,-6.33040,2,3.621,5.621,41.1807,1258024.0000,807.5000,electricity-generation
53.29022,-7.08457,2,0.172,2.172,0.5027,558909.3000,240.0000,electricity-generation
53.34299,-6.20149,5,1.051,3.051,3.4731,2530208.0000,1485.2000,electricity-generation
53.32412,-6.44241,3,1.468,3.468,6.7661,555520.0000,376.7000,electricity-generation
52.28100,-6.99100,1,0.000,2.000,0.5027,433110.0000,460.0000,electricity-generation
53.67440,-7.98390,1,0.000,2.000,0.5027,705.9700,100.0000,electricity-generation
51.90000,-8.44580,1,0.000,2.000,0.5027,0.0000,0.0000,electricity-generation
53.68756,-6.38015,3,5.597,7.597,98.4008,1139341.9277,284986.5686,electricity-generation
52.60800,-9.42430,2,4.594,6.594,66.2995,685385.8000,915.0000,electricity-generation
53.35910,-7.21310,1,0.000,2.000,0.5027,28141.4000,104.0000,electricity-generation
52.62188,-9.07330,2,1.491,3.491,6.9838,2823431.1924,170033.0137,electricity-generation
54.19350,-9.22040,1,0.000,2.000,0.5027,19400.6000,104.0000,electricity-generation
53.16580,-8.38100,1,0.000,2.000,0.5027,240512.0000,404.0000,electricity-generation
53.27350,-8.04030,1,0.000,2.000,0.5027,1026.9200,150.0000,electricity-generation
30.40170,48.35800,1,0.000,2.000,0.5027,1119150.0000,813.6000,electricity-generation
30.34719,48.27545,2,0.909,2.909,2.5971,6079979.3168,500914.0000,electricity-generation
29.36350,51.07480,1,0.000,2.000,0.5027,309140.0000,100.0000,electricity-generation
36.94550,54.88920,1,0.000,2.000,0.5027,3142400.0000,972.0000,electricity-generation
27.15937,56.08873,11,3.683,5.683,42.6197,21030421.1362,1108021.7521,electricity-generation
38.53150,48.18240,1,0.000,2.000,0.5027,3406600.0000,1120.0000,electricity-generation
37.09720,47.90380,1,0.000,2.000,0.5027,966690.0000,366.0000,electricity-generation
27.40680,52.78180,1,0.000,2.000,0.5027,3744000.0000,1293.0000,electricity-generation
27.56551,52.53778,9,5.660,7.660,100.6289,16957097.2814,711226.3005,petrochemical-steam-cracking
30.45588,49.09043,7,3.019,5.019,28.6427,11493598.3262,492889.5388,petrochemical-steam-cracking
36.29670,54.78720,1,0.000,2.000,0.5027,905280.0000,324.0000,electricity-generation
30.71970,50.07480,1,0.000,2.000,0.5027,831170.0000,492.0000,electricity-generation
35.64220,51.42730,1,0.000,2.000,0.5027,967840.0000,249.0000,electricity-generation
34.34975,47.35008,3,5.799,7.799,105.6581,4953952.0000,128685.2603,electricity-generation
35.76540,50.05290,1,0.000,2.000,0.5027,1405200.0000,500.0000,electricity-generation
36.61990,51.50750,1,0.000,2.000,0.5027,787990.0000,460.0000,electricity-generation
25.32830,60.78630,1,0.000,2.000,0.5027,841950.0000,575.0000,electricity-generation
32.39303,53.74057,3,1.551,3.551,7.5567,2443397.6911,187369.3151,iron-and-steel
34.12700,46.57680,1,0.000,2.000,0.5027,1796800.0000,620.0000,electricity-generation
35.41560,51.85100,1,0.000,2.000,0.5027,5118900.0000,2878.8000,electricity-generation
32.52180,48.22100,1,0.000,2.000,0.5027,801650.0000,307.0000,electricity-generation
27.93570,52.20190,1,0.000,2.000,0.5027,464950.0000,187.0000,electricity-generation
29.36340,52.61370,1,0.000,2.000,0.5027,5027900.0000,2007.9000,electricity-generation
36.44715,59.40691,2,0.395,2.395,0.5027,4710400.0000,1882.0000,electricity-generation
29.53870,50.71510,1,0.000,2.000,0.5027,845730.0000,484.0000,electricity-generation
33.72062,59.15450,3,10.268,12.268,331.2246,2917331.7469,247012.3699,electricity-generation
37.15860,49.63290,1,0.000,2.000,0.5027,2345900.0000,1305.6000,electricity-generation
29.13661,55.35934,3,1.947,3.947,11.9148,3877874.1235,365697.4795,iron-and-steel
38.22520,46.96290,1,0.000,2.000,0.5027,692630.0000,490.0000,electricity-generation
32.91060,51.55460,1,0.000,2.000,0.5027,309860.0000,87.6000,electricity-generation
33.71455,46.27707,2,4.890,6.890,75.1197,693656.6451,37883.2192,electricity-generation
33.63480,46.40440,1,0.000,2.000,0.5027,438110.0000,195.0000,electricity-generation
27.22587,60.49204,2,0.223,2.223,0.5027,1604520.0000,620.4300,electricity-generation
32.61860,51.57327,2,4.921,6.921,76.0734,3591891.7858,166451.4384,electricity-generation
27.30230,56.30350,1,0.000,2.000,0.5027,1788600.0000,648.0000,electricity-generation
28.70330,53.54500,1,0.000,2.000,0.5027,2477200.0000,1434.0000,electricity-generation
28.02510,52.13190,1,0.000,2.000,0.5027,644220.0000,175.0000,electricity-generation
33.86610,51.69470,1,0.000,2.000,0.5027,834600.0000,484.0000,electricity-generation
29.56280,51.69590,1,0.000,2.000,0.5027,2427000.0000,1372.0000,electricity-generation
30.21311,56.78298,2,6.666,8.666,139.6037,3943721.3348,129309.2603,electricity-generation
33.37380,48.40110,1,0.000,2.000,0.5027,1179570.0000,507.0000,electricity-generation
30.48790,48.25418,2,2.595,4.595,21.1571,3562255.1042,102889.8082,electricity-generation
38.40590,44.91080,1,0.000,2.000,0.5027,654790.0000,349.3000,electricity-generation
26.53680,53.99348,3,4.308,6.308,58.3046,888300.0000,407.8700,electricity-generation
30.62580,49.13360,1,0.000,2.000,0.5027,1773600.0000,648.0000,electricity-generation
39.29140,44.46640,1,0.000,2.000,0.5027,259030.0000,120.0000,electricity-generation
36.27130,59.65080,1,0.000,2.000,0.5027,1263130.0000,370.5900,electricity-generation
29.24880,57.21800,1,0.000,2.000,0.5027,387560.0000,167.5000,electricity-generation
32.24073,51.42471,2,0.418,2.418,0.5478,5943362.4136,628811.1507,electricity-generation
35.73040,51.00220,1,0.000,2.000,0.5027,4299200.0000,1623.0000,electricity-generation
36.28040,58.77740,1,0.000,2.000,0.5027,1959200.0000,1040.4000,electricity-generation
35.46200,51.01240,1,0.000,2.000,0.5027,2541900.0000,1436.4000,electricity-generation
37.63970,49.08670,1,0.000,2.000,0.5027,1696300.0000,968.0000,electricity-generation
27.42180,56.50180,1,0.000,2.000,0.5027,3250600.0000,990.0000,electricity-generation
26.90110,55.91110,1,0.000,2.000,0.5027,1532900.0000,500.0000,electricity-generation
34.57900,50.75500,1,0.000,2.000,0.5027,1354370.0000,714.0000,electricity-generation
31.50240,48.88340,1,0.000,2.000,0.5027,7233700.0000,1863.0000,electricity-generation
35.53272,51.42113,2,1.801,3.801,10.1863,7581352.2010,376018.8000,electricity-generation
35.41800,50.91100,1,0.000,2.000,0.5027,2176500.0000,791.4000,electricity-generation
36.24260,57.38190,1,0.000,2.000,0.5027,479670.0000,183.0000,electricity-generation
37.42385,46.01478,2,2.032,4.032,12.9681,3655762.8285,86032.5068,electricity-generation
29.54710,55.76620,1,0.000,2.000,0.5027,815170.0000,484.0000,electricity-generation
35.39540,47.03060,1,0.000,2.000,0.5027,1693800.0000,956.0000,electricity-generation
36.44400,61.03420,1,0.000,2.000,0.5027,166200.0000,50.0000,electricity-generation
35.63790,53.47700,1,0.000,2.000,0.5027,1872500.0000,690.0000,electricity-generation
36.65503,49.46746,3,5.394,7.394,91.4188,1641469.0225,76798.3562,cement
35.12840,48.85250,1,0.000,2.000,0.5027,3918300.0000,1019.5500,electricity-generation
32.79700,51.49520,1,0.000,2.000,0.5027,6272000.0000,1616.0000,electricity-generation
36.15700,50.29230,1,0.000,2.000,0.5027,5852200.0000,2042.2000,electricity-generation
36.83790,53.25890,1,0.000,2.000,0.5027,7660700.0000,2213.8000,electricity-generation
31.93130,54.31840,1,0.000,2.000,0.5027,207910.0000,100.8700,electricity-generation
36.23690,59.73240,1,0.000,2.000,0.5027,1246060.0000,496.8000,electricity-generation
34.00292,49.48860,4,3.164,5.164,31.4415,9062307.0822,277124.5890,electricity-generation
29.58320,52.57430,1,0.000,2.000,0.5027,509680.0000,196.0000,electricity-generation
31.95283,54.06970,4,3.347,5.347,35.1874,4190518.7522,112395.8189,electricity-generation
37.33970,58.04860,1,0.000,2.000,0.5027,2532300.0000,1412.0000,electricity-generation
28.04830,57.78260,1,0.000,2.000,0.5027,824530.0000,484.0000,electricity-generation
29.88747,52.74118,3,0.043,2.043,0.5027,1876305.9268,117920.1342,chemicals
36.56380,48.80570,1,0.000,2.000,0.5027,1809400.0000,648.0000,electricity-generation
32.25810,51.52720,1,0.000,2.000,0.5027,3133600.0000,954.0000,electricity-generation
27.48630,52.65890,1,0.000,2.000,0.5027,3540600.0000,1267.0000,electricity-generation
38.24876,46.03922,2,1.310,3.310,5.3902,1396853.9238,228074.0447,electricity-generation
38.03085,46.12211,4,5.020,7.020,79.1784,5224773.7630,127355.4840,electricity-generation
35.73078,51.38103,2,5.157,7.157,83.5566,121365.5150,10525.5918,electricity-generation
27.75320,52.14982,2,2.316,4.316,16.8474,3892104.0898,235220.9589,electricity-generation
35.36770,59.30560,1,0.000,2.000,0.5027,749690.0000,366.0000,electricity-generation
37.34345,45.26662,2,2.510,4.510,19.7909,5479634.3089,103670.8082,electricity-generation
31.16430,48.01930,1,0.000,2.000,0.5027,697140.0000,332.0000,electricity-generation
29.47700,60.80700,1,0.000,2.000,0.5027,915130.0000,270.3000,electricity-generation
30.81270,56.56400,1,0.000,2.000,0.5027,97036.0000,60.0000,electricity-generation
30.66490,56.62140,1,0.000,2.000,0.5027,872870.0000,484.0000,electricity-generation
31.37400,48.77420,1,0.000,2.000,0.5027,1147260.0000,546.0000,electricity-generation
33.39760,52.57650,1,0.000,2.000,0.5027,830530.0000,484.0000,electricity-generation
32.65720,51.67760,1,0.000,2.000,0.5027,593300.0000,164.5000,electricity-generation
34.26393,41.17955,2,3.810,5.810,45.6041,935396.9285,85181.5068,electricity-generation
31.69614,47.25180,4,0.515,2.515,0.8331,4118560.0000,2260.0000,electricity-generation
33.27468,44.41690,4,4.147,6.147,54.0159,8052721.9504,212101.0000,electricity-generation
33.40626,44.30430,4,11.391,13.391,407.6038,1252200.0000,508.8000,electricity-generation
31.77480,46.06200,1,0.000,2.000,0.5027,106858.0000,70.0000,electricity-generation
32.42870,44.27860,1,0.000,2.000,0.5027,2268700.0000,1250.0000,electricity-generation
32.84170,44.28300,1,0.000,2.000,0.5027,5023700.0000,1780.0000,electricity-generation
35.78829,43.25374,2,2.713,4.713,23.1233,1435487.6310,20750.0000,electricity-generation
33.49090,44.36160,1,0.000,2.000,0.5027,3922900.0000,1628.0000,electricity-generation
30.67720,47.75407,2,0.078,2.078,0.5027,1373010.0000,520.0000,electricity-generation
36.68630,43.34890,1,0.000,2.000,0.5027,748410.0000,286.0000,electricity-generation
33.37820,44.67770,1,0.000,2.000,0.5027,0.0000,100.0000,electricity-generation
35.03121,43.55325,3,5.829,7.829,106.7410,4882003.4170,311320.0000,electricity-generation
35.64350,45.06071,5,5.962,7.962,111.6582,4377679.9550,869207.1918,cement
35.58681,45.19420,4,6.471,8.471,131.5490,2251242.0411,360165.0000,electricity-generation
33.16340,44.65730,1,0.000,2.000,0.5027,3506300.0000,3250.0000,electricity-generation
32.12502,47.40488,2,0.114,2.114,0.5027,508455.2620,40206.0000,electricity-generation
31.97950,44.69330,1,0.000,2.000,0.5027,899560.0000,500.0000,electricity-generation
36.94530,42.78060,1,0.000,2.000,0.5027,1815100.0000,1000.0000,electricity-generation
32.01106,44.93891,2,4.087,6.087,52.4859,1378740.0000,420.0000,electricity-generation
36.00790,43.91730,1,0.000,2.000,0.5027,2081000.0000,1500.0000,electricity-generation
36.75340,43.24490,1,0.000,2.000,0.5027,492410.0000,150.0000,electricity-generation
33.03610,46.01040,1,0.000,2.000,0.5027,200710.0000,123.5000,electricity-generation
32.46170,41.40860,1,0.000,2.000,0.5027,755020.0000,230.0000,electricity-generation
31.82790,47.42220,1,0.000,2.000,0.5027,258900.0000,114.6700,electricity-generation
32.23270,44.26810,1,0.000,2.000,0.5027,2812800.0000,662.0000,electricity-generation
32.54310,44.32220,1,0.000,2.000,0.5027,1224660.0000,350.0000,electricity-generation
32.46900,44.41890,1,0.000,2.000,0.5027,237140.0000,144.9000,electricity-generation
32.34458,43.32643,2,0.190,2.190,0.5027,744227.1462,161419.8630,electricity-generation
32.43760,44.12690,1,0.000,2.000,0.5027,2047000.0000,550.0000,electricity-generation
32.35078,44.09268,2,0.828,2.828,2.1514,1264476.4988,140200.0000,electricity-generation
36.29763,43.72046,2,3.283,5.283,33.8599,1399876.9706,110300.0000,electricity-generation
30.21409,47.81792,2,3.932,5.932,48.5718,1035433.8113,49762.2740,electricity-generation
35.97280,43.77480,1,0.000,2.000,0.5027,1633100.0000,930.0000,electricity-generation
35.32800,44.32190,1,0.000,2.000,0.5027,1042410.0000,619.0000,electricity-generation
34.14480,44.94120,1,0.000,2.000,0.5027,1273080.0000,728.0000,electricity-generation
36.32010,43.10840,1,0.000,2.000,0.5027,447920.0000,210.0000,electricity-generation
31.97283,44.39904,3,4.187,6.187,55.0768,2271949.4547,165006.3288,cement
30.57480,47.76660,1,0.000,2.000,0.5027,1556600.0000,700.0000,electricity-generation
31.03430,46.19399,3,5.318,7.318,88.8531,4128406.4465,31425.0000,electricity-generation
35.68010,44.06550,1,0.000,2.000,0.5027,797140.0000,432.5000,electricity-generation
30.54940,47.40266,2,1.131,3.131,4.0187,5046700.0000,3776.0000,electricity-generation
31.89990,47.14180,1,0.000,2.000,0.5027,661780.0000,201.6000,electricity-generation
35.41780,44.19460,1,0.000,2.000,0.5027,970240.0000,462.0000,electricity-generation
30.98400,47.42520,1,0.000,2.000,0.5027,344680.0000,105.0000,electricity-generation
30.57660,47.25210,1,0.000,2.000,0.5027,414250.0000,260.0000,electricity-generation
33.41780,44.46530,1,0.000,2.000,0.5027,1176930.0000,662.0000,electricity-generation
34.08784,43.97753,2,0.589,2.589,1.0889,5280310.0000,1600.0000,electricity-generation
31.22245,44.95484,4,4.770,6.770,71.4711,2030548.2068,463691.0959,cement
31.24103,45.27599,3,6.950,8.950,151.7258,1483344.8669,64600.5342,electricity-generation
34.71620,45.13850,1,0.000,2.000,0.5027,316070.0000,162.0000,electricity-generation
30.45331,47.69084,4,11.099,13.099,387.0106,9414634.7449,282699.2000,electricity-generation
35.59370,44.88170,1,0.000,2.000,0.5027,2372500.0000,1680.0000,electricity-generation
32.77500,45.08460,1,0.000,2.000,0.5027,5567300.0000,2580.0000,electricity-generation
31.02890,47.29180,1,0.000,2.000,0.5027,229550.0000,126.0000,electricity-generation
32.63346,35.36768,2,0.523,2.523,0.8604,1257587.0000,670.0000,electricity-generation
31.15007,34.81004,5,3.018,5.018,28.6156,2057879.9850,1385.0000,electricity-generation
31.83975,34.66048,5,2.175,4.175,14.8661,6313477.0104,101976.0000,electricity-generation
31.63192,34.52263,4,3.451,5.451,37.4119,6443175.0000,2676.0000,electricity-generation
31.72229,34.75254,3,6.210,8.210,121.1682,762987.0800,452.0000,other-manufacturing
31.03824,35.37005,3,1.666,3.666,8.7191,1619474.7817,336.0000,electricity-generation
29.56180,34.91750,1,0.000,2.000,0.5027,167780.0000,99.0000,electricity-generation
31.62462,34.74688,6,7.520,9.520,177.6773,1218438.2679,517.0000,electricity-generation
31.91559,34.90991,4,2.218,4.218,15.4582,4958307.0201,392105.7315,electricity-generation
32.46955,34.88689,2,3.260,5.260,33.3846,9806030.0000,4065.0000,electricity-generation
32.61713,35.04318,2,4.445,6.445,62.0834,2434974.2110,1396.5000,electricity-generation
32.80177,35.04163,10,11.749,13.749,433.6808,4242707.0182,218314.3836,other-manufacturing
31.76331,35.00694,3,1.219,3.219,4.6715,14157.7810,42.0000,other-manufacturing
32.68660,35.25540,1,0.000,2.000,0.5027,109627.0000,75.0000,electricity-generation
32.10490,34.77850,1,0.000,2.000,0.5027,0.0000,0.0000,electricity-generation
31.06057,35.18366,3,1.571,3.571,7.7514,1438201.0913,468.0000,other-chemicals
31.94420,34.73380,1,0.000,2.000,0.5027,223160.0000,140.0000,electricity-generation
31.71373,34.84224,2,0.159,2.159,0.5027,2734370.0000,1495.0000,electricity-generation
40.93506,14.38467,3,4.899,6.899,75.4075,2430.0000,230.5000,electricity-generation
45.29700,8.41000,1,0.000,2.000,0.5027,62179.0000,46.0000,electricity-generation
45.88690,10.85330,1,0.000,2.000,0.5027,71193.0000,58.6400,electricity-generation
39.71180,16.21500,1,0.000,2.000,0.5027,1129480.0000,775.8000,electricity-generation
45.73350,9.73740,1,0.000,2.000,0.5027,128055.0000,95.5000,electricity-generation
45.44998,12.25097,8,2.092,4.092,13.7465,2141006.9000,37126448.4727,electricity-generation
41.56119,12.63310,2,1.849,3.849,10.7427,937128.1815,10570033.2508,electricity-generation
37.17168,15.19303,10,5.886,7.886,108.8315,5321185.2267,725448.7297,electricity-generation
39.22780,8.99650,2,1.087,3.087,3.7123,74128.0000,202.8000,electricity-generation
42.14740,14.45920,1,0.000,2.000,0.5027,76666.0000,34.0000,electricity-generation
41.99580,13.44180,1,0.000,2.000,0.5027,259060.0000,152.3900,electricity-generation
45.22700,9.63770,1,0.000,2.000,0.5027,892797.0000,800.0000,electricity-generation
45.22130,8.70530,1,0.000,2.000,0.5027,0.0000,20.0000,electricity-generation
39.10220,17.03250,2,5.704,7.704,102.2105,555007.0000,829.3000,electricity-generation
39.26300,17.05170,1,0.000,2.000,0.5027,0.0000,46.0000,electricity-generation
40.23940,9.01970,1,0.000,2.000,0.5027,790.1400,39.2000,electricity-generation
45.44172,8.79175,2,5.040,7.040,79.8136,1673414.7412,200090.0000,electricity-generation
45.38994,9.24778,2,4.035,6.035,51.1519,332757.2628,18097.3472,electricity-generation
44.52320,11.43060,1,0.000,2.000,0.5027,0.0000,22.0000,electricity-generation
45.43465,10.99513,2,1.908,3.908,11.4381,110737.5791,106194.3836,electricity-generation
45.50825,10.28666,7,8.544,10.544,229.3515,1400827.4984,433938.2011,iron-and-steel
40.63120,18.00169,4,7.946,9.946,198.3482,2487082.6225,37987.6667,electricity-generation
42.20020,13.83980,1,0.000,2.000,0.5027,139360.0000,140.0000,electricity-generation
41.20140,15.47620,2,2.390,4.390,17.9458,340000.0000,410.2000,electricity-generation
45.51150,9.50980,1,0.000,2.000,0.5027,600870.0000,995.0000,electricity-generation
44.76190,8.85290,1,0.000,2.000,0.5027,144930.0000,71.6000,electricity-generation
41.47600,13.75170,1,0.000,2.000,0.5027,147670.0000,96.0000,electricity-generation
45.60490,8.89260,1,0.000,2.000,0.5027,157750.0000,73.6000,electricity-generation
45.02742,11.25623,3,4.404,6.404,60.9421,812625.1815,10570422.7508,electricity-generation
44.86149,11.59328,3,0.491,2.491,0.7582,1361050.0000,47161.6685,electricity-generation
45.18560,7.90160,1,0.000,2.000,0.5027,1019290.0000,1150.0000,electricity-generation
45.53888,9.25710,2,0.750,2.750,1.7691,220876.0000,164.0000,electricity-generation
44.53510,11.86080,1,0.000,2.000,0.5027,22704.0000,69.0000,electricity-generation
42.32330,14.37760,1,0.000,2.000,0.5027,24311.5000,108.4000,electricity-generation
41.85220,12.33300,1,0.000,2.000,0.5027,200490.0000,49.5800,electricity-generation
45.79300,13.58300,2,2.958,4.958,27.4854,63500.4000,148.5000,electricity-generation
44.42870,8.88470,2,3.280,5.280,33.7931,67482.0000,30.0000,electricity-generation
45.15030,10.83490,2,1.057,3.057,3.5081,711140.0000,780.0000,electricity-generation
43.63892,13.37948,2,0.242,2.242,0.5027,726539.4401,85199.7000,electricity-generation
45.10016,8.87237,3,0.444,2.444,0.6185,4183657.1672,182169.2500,electricity-generation
44.70300,8.02700,1,0.000,2.000,0.5027,69932.0000,53.6500,electricity-generation
40.84438,8.31287,2,3.127,5.127,30.7130,1273200.0000,880.0000,electricity-generation
41.79950,12.26250,1,0.000,2.000,0.5027,57934.0000,25.5000,electricity-generation
37.05460,14.27690,1,0.000,2.000,0.5027,91314.0000,262.0000,electricity-generation
42.05020,14.56390,1,0.000,2.000,0.5027,641370.0000,840.0000,electricity-generation
45.94020,13.61970,1,0.000,2.000,0.5027,150040.0000,70.0000,electricity-generation
44.36990,11.70350,1,0.000,2.000,0.5027,90971.0000,85.0000,electricity-generation
43.55370,13.28500,1,0.000,2.000,0.5027,198790.0000,140.0000,electricity-generation
45.08297,9.48390,3,8.649,10.649,235.0141,1670768.1815,10570927.2508,electricity-generation
41.81950,14.96600,1,0.000,2.000,0.5027,26592.0000,248.0000,electricity-generation
41.46630,12.92220,1,0.000,2.000,0.5027,9417.1000,29.4000,electricity-generation
44.11220,9.88420,1,0.000,2.000,0.5027,652460.0000,676.0000,electricity-generation
45.16300,7.75050,1,0.000,2.000,0.5027,827900.0000,385.0000,electricity-generation
45.23780,8.19270,1,0.000,2.000,0.5027,539669.0000,772.0000,electricity-generation
43.57994,10.33285,3,2.316,4.316,16.8507,408137.0000,509.0000,electricity-generation
43.82346,10.60216,2,0.022,2.022,0.5027,331654.0000,171.9300,electricity-generation
45.61810,8.71750,1,0.000,2.000,0.5027,117569.0000,91.5000,electricity-generation
41.07611,15.69335,2,1.739,3.739,9.5053,230880.0000,106.0000,electricity-generation
39.98110,16.02260,1,0.000,2.000,0.5027,0.0000,41.0000,electricity-generation
44.40593,7.58260,2,3.996,5.996,50.1724,185185.0000,38187177.1604,electricity-generation
38.20264,15.27371,4,0.831,2.831,2.1701,2751822.4734,201165.6800,electricity-generation
45.03724,7.63718,6,11.339,13.339,403.9594,1837827.0000,1659.0000,electricity-generation
44.67610,10.94420,1,0.000,2.000,0.5027,0.0000,18.6000,electricity-generation
41.10238,16.75883,2,4.853,6.853,74.0042,704243.1815,10570003.2508,electricity-generation
40.96010,17.26280,1,0.000,2.000,0.5027,4310.0000,36.0000,electricity-generation
42.35720,11.53730,1,0.000,2.000,0.5027,1439600.0000,960.0000,electricity-generation
40.83390,14.30060,1,0.000,2.000,0.5027,552700.0000,380.0000,electricity-generation
45.45700,8.64960,1,0.000,2.000,0.5027,100930.0000,104.0000,electricity-generation
46.32590,12.32300,1,0.000,2.000,0.5027,0.0000,20.8800,electricity-generation
45.05866,11.13669,2,6.223,8.223,121.6558,1103558.1815,10570793.2508,electricity-generation
45.05111,9.71448,2,0.582,2.582,1.0645,632455.9872,98109.5522,electricity-generation
43.00370,12.18240,1,0.000,2.000,0.5027,451190.0000,365.0000,electricity-generation
42.89700,12.53830,1,0.000,2.000,0.5027,0.0000,0.0000,electricity-generation
42.93602,10.53930,3,1.868,3.868,10.9608,557410.0000,389.0000,electricity-generation
44.38540,12.02320,1,0.000,2.000,0.5027,0.0000,30.0000,electricity-generation
45.39930,10.71420,1,0.000,2.000,0.5027,110448.0000,380.0000,electricity-generation
44.45452,12.24272,2,3.693,5.693,42.8462,2060000.0000,1640.0000,electricity-generation
37.28760,13.52120,1,0.000,2.000,0.5027,161680.0000,125.0000,electricity-generation
39.19555,8.40004,3,0.818,2.818,2.1013,1747060.0000,1190.0000,electricity-generation
45.01780,12.24080,1,0.000,2.000,0.5027,135160.0000,125.0000,electricity-generation
41.39331,14.07394,2,5.810,7.810,106.0571,1863511.8825,168235.5769,electricity-generation
44.71540,10.61120,1,0.000,2.000,0.5027,108564.0000,70.6000,electricity-generation
38.44530,15.99000,1,0.000,2.000,0.5027,530206.0000,800.0000,electricity-generation
43.38130,10.44850,1,0.000,2.000,0.5027,739160.0000,580.0000,electricity-generation
39.62270,16.60670,1,0.000,2.000,0.5027,27230.0000,224.0000,electricity-generation
41.62620,15.42260,1,0.000,2.000,0.5027,769755.0000,421.0000,electricity-generation
43.56500,11.47770,1,0.000,2.000,0.5027,316577.0000,390.0000,electricity-generation
39.07835,9.02063,3,2.143,4.143,14.4273,5625291.2101,300638.4000,electricity-generation
42.06142,13.91630,2,2.163,4.163,14.7028,163861.0000,90.0000,electricity-generation
45.61950,13.78300,1,0.000,2.000,0.5027,38030.0000,230.0000,electricity-generation
45.50440,9.07100,1,0.000,2.000,0.5027,234570.0000,83.5000,electricity-generation
38.87590,16.65690,1,0.000,2.000,0.5027,1194722.0000,805.4000,electricity-generation
41.70000,13.58370,1,0.000,2.000,0.5027,47577.0000,45.1000,electricity-generation
41.17830,14.11290,1,0.000,2.000,0.5027,775870.0000,772.0000,electricity-generation
40.50423,17.20673,4,1.995,3.995,12.4983,4988830.4452,751974.7534,electricity-generation
45.33250,9.43640,1,0.000,2.000,0.5027,1470760.0000,1170.0000,electricity-generation
45.64024,9.60136,2,0.291,2.291,0.5027,215894.7655,59583.0548,electricity-generation
41.73650,13.00140,2,2.551,4.551,20.4404,618726.0554,127440.2603,electricity-generation
37.96800,13.75080,1,0.000,2.000,0.5027,1705480.0000,1560.0000,electricity-generation
41.93690,15.00040,1,0.000,2.000,0.5027,986010.0000,840.2000,electricity-generation
42.56702,12.66326,3,4.010,6.010,50.5224,523938.2940,141241.0322,electricity-generation
41.00870,14.22940,1,0.000,2.000,0.5027,63370.0000,400.0000,electricity-generation
46.40700,12.93860,1,0.000,2.000,0.5027,27252.0000,10.8500,electricity-generation
41.81170,12.42280,1,0.000,2.000,0.5027,43167.0000,19.0000,electricity-generation
42.12600,11.75970,1,0.000,2.000,0.5027,1071950.0000,1200.0000,electricity-generation
45.81629,13.28024,2,4.869,6.869,74.4731,987939.0000,39528049.5601,electricity-generation
37.87670,12.58920,1,0.000,2.000,0.5027,42813.0000,215.6000,electricity-generation
45.59462,9.51427,2,0.524,2.524,0.8621,178417.2628,18014.3472,electricity-generation
45.52010,8.74220,1,0.000,2.000,0.5027,2047600.0000,1618.0000,electricity-generation
44.27550,8.43050,1,0.000,2.000,0.5027,860800.0000,782.7000,electricity-generation
40.42450,16.55730,1,0.000,2.000,0.5027,85810.0000,61.8000,electricity-generation
44.56972,7.45673,2,3.608,5.608,40.8891,237930.2628,18115.3472,electricity-generation
45.02960,8.97230,1,0.000,2.000,0.5027,791580.0000,400.0000,electricity-generation
18.45210,-77.91830,1,0.000,2.000,0.5027,450290.0000,203.0000,electricity-generation
17.89943,-77.10750,3,0.328,2.328,0.5027,916830.0000,544.3000,electricity-generation
17.97212,-76.79990,4,5.116,7.116,82.2140,416783.5585,35182.3000,electricity-generation
17.90140,-77.24085,3,0.435,2.435,0.5948,2919160.5592,271931.8219,electricity-generation
17.96740,-77.59900,1,0.000,2.000,0.5027,76148.0000,57.0000,electricity-generation
18.17340,-77.06340,1,0.000,2.000,0.5027,102212.0000,71.6700,electricity-generation
49.17480,-2.10880,1,0.000,2.000,0.5027,768170.0000,190.0000,electricity-generation
31.20512,36.04573,3,3.424,5.424,36.8292,1609684.8777,155516.0000,electricity-generation
31.89726,36.07936,2,0.209,2.209,0.5027,1041581.0000,637.8000,electricity-generation
29.37640,34.97720,1,0.000,2.000,0.5027,1638600.0000,390.0000,electricity-generation
32.13609,36.13620,4,3.404,5.404,36.4068,3105475.3982,71768.0000,electricity-generation
31.26860,36.44900,1,0.000,2.000,0.5027,183590.0000,470.0000,electricity-generation
31.90870,36.18000,1,0.000,2.000,0.5027,2179800.0000,573.8000,electricity-generation
32.33110,36.05060,1,0.000,2.000,0.5027,761610.0000,357.0000,electricity-generation
32.57240,39.01110,1,0.000,2.000,0.5027,0.0000,0.0000,electricity-generation
34.80520,137.20800,1,0.000,2.000,0.5027,0.0000,50.0000,electricity-generation
34.70804,137.26826,5,5.140,7.140,82.9971,180329.2134,302481.1644,electricity-generation
34.77480,134.45720,1,0.000,2.000,0.5027,1095670.0000,575.0000,electricity-generation
39.74676,140.05833,3,4.295,6.295,57.9550,44729.9876,14419.4071,electricity-generation
34.74974,134.36774,4,4.328,6.328,58.8544,2363328.8209,341083.2774,electricity-generation
33.86075,134.65261,4,8.186,10.186,210.5317,10992384.0000,3376.0000,electricity-generation
35.53333,140.06380,27,11.593,13.593,422.2468,32759399.5884,1224797.3161,electricity-generation
34.65430,137.06760,1,0.000,2.000,0.5027,33583.0000,700.0000,electricity-generation
33.62660,131.11890,2,0.406,2.406,0.5168,386760.0000,1079.0000,electricity-generation
34.83360,136.95124,5,7.515,9.515,177.4064,23453610.0000,5554.0000,electricity-generation
35.03377,136.85769,13,9.504,11.504,283.7611,24308928.9835,1118499.0658,electricity-generation
34.03724,131.57040,3,5.618,7.618,99.1531,1216970.0000,198.0000,electricity-generation
38.96740,139.83220,3,2.369,4.369,17.6276,2832360.0000,803.0000,electricity-generation
33.64182,130.45557,2,3.451,5.451,37.4119,0.0000,54.2000,electricity-generation
34.20999,132.23892,7,10.770,12.770,364.4230,2489858.6269,165164.4336,electricity-generation
33.99656,133.55331,3,1.072,3.072,3.6106,2118333.9359,212259.4639,electricity-generation
42.48300,140.82870,1,0.000,2.000,0.5027,33583.0000,700.0000,electricity-generation
36.20760,136.13310,1,0.000,2.000,0.5027,113190.5000,250.0000,electricity-generation
37.07990,140.84230,1,0.000,2.000,0.5027,0.0000,112.0000,electricity-generation
34.46662,133.43699,3,4.023,6.023,50.8546,18425113.3563,1105296.2021,electricity-generation
34.55441,135.42739,8,2.819,4.819,24.9738,8969892.7817,343943.2516,electricity-generation
34.62013,135.41154,8,9.078,11.078,258.8849,3334587.4106,541441.5685,electricity-generation
36.80090,137.06500,1,0.000,2.000,0.5027,0.0000,51.0000,electricity-generation
35.35406,139.85543,3,2.132,4.132,14.2864,23712961.7419,855989.4000,electricity-generation
33.86020,135.15250,1,0.000,2.000,0.5027,334838.0000,1200.0000,electricity-generation
26.33788,127.85050,3,7.753,9.753,188.8263,1947590.0000,898.0000,electricity-generation
26.43066,127.84227,2,0.215,2.215,0.5027,2150927.0000,665.0000,electricity-generation
40.53193,141.50806,5,4.725,6.725,70.1286,1670757.2811,128058.3603,electricity-generation
37.66570,141.01480,1,0.000,2.000,0.5027,8143300.0000,2000.0000,electricity-generation
38.00000,139.24160,2,2.306,4.306,16.7064,8009600.0000,4102.8000,electricity-generation
35.40000,139.64416,8,11.009,13.009,380.7315,8505499.9484,37265.5890,electricity-generation
35.48534,139.70713,8,3.641,5.641,41.6543,11540480.3679,134822.9603,electricity-generation
35.51580,139.76145,8,6.465,8.465,131.2947,14660502.2094,530994.1064,electricity-generation
35.63375,139.75236,7,7.648,9.648,183.7422,1639316.1163,2899.4902,electricity-generation
33.95943,131.93070,2,0.393,2.393,0.5027,400540.9042,42518.7534,electricity-generation
34.78361,134.64292,7,3.493,5.493,38.3261,6581946.5321,480538.7526,iron-and-steel
34.74189,134.77770,7,10.979,12.979,378.6810,19228968.6890,700143.2082,electricity-generation
34.59610,135.54750,1,0.000,2.000,0.5027,0.0000,27.4000,electricity-generation
37.23830,141.01740,1,0.000,2.000,0.5027,9379300.0000,2343.0000,electricity-generation
34.38540,132.68290,1,0.000,2.000,0.5027,276050.0000,104.5000,electricity-generation
36.43734,140.61355,4,7.565,9.565,179.8122,12477806.5149,19813.8907,electricity-generation
37.93906,139.08034,4,1.910,3.910,11.4640,421533.5149,17364.8907,electricity-generation
35.08288,135.04973,2,1.018,3.018,3.2573,113824.6627,36721.9836,electricity-generation
32.43050,131.64210,1,0.000,2.000,0.5027,0.0000,50.0000,electricity-generation
36.53830,140.38110,1,0.000,2.000,0.5027,143712.8000,215.1800,electricity-generation
34.05306,131.77936,10,8.002,10.002,201.1810,10663145.9689,823474.2329,electricity-generation
33.33390,129.84220,1,0.000,2.000,0.5027,0.0000,46.0000,electricity-generation
43.19320,141.27600,2,1.936,3.936,11.7801,717857.0000,621.4000,electricity-generation
38.41940,141.28920,2,1.351,3.351,5.7316,1585520.0000,406.3000,electricity-generation
37.02016,137.81763,4,3.345,5.345,35.1570,1321561.8530,366253.7945,electricity-generation
36.91250,140.81177,3,6.080,8.080,116.1378,9247530.0000,2095.0000,electricity-generation
38.08980,140.86080,1,0.000,2.000,0.5027,648380.0000,158.8000,electricity-generation
37.25530,138.39350,1,0.000,2.000,0.5027,288470.0000,109.2000,electricity-generation
37.20862,138.27720,2,0.303,2.303,0.5027,5601460.0000,2952.0000,electricity-generation
35.93127,140.68734,14,10.553,12.553,349.8715,23126546.5110,918146.8439,electricity-generation
34.15200,135.18760,1,0.000,2.000,0.5027,0.0000,0.0000,electricity-generation
34.36510,132.52530,1,0.000,2.000,0.5027,549380.0000,112.0000,electricity-generation
39.26860,141.87690,1,0.000,2.000,0.5027,876810.0000,183.6600,electricity-generation
33.79576,130.99406,8,6.698,8.698,140.9405,4608507.7040,854160.1438,electricity-generation
34.99249,136.67004,9,6.683,8.683,140.3213,11074115.5890,388369.0046,electricity-generation
26.44660,127.92180,1,0.000,2.000,0.5027,2200820.0000,440.0000,electricity-generation
34.70320,135.23940,1,0.000,2.000,0.5027,10668100.0000,2775.0000,electricity-generation
33.40208,133.30057,2,0.211,2.211,0.5027,2372781.6988,369523.5548,electricity-generation
33.88054,130.75779,2,1.799,3.799,10.1724,34343.5974,57619.9016,electricity-generation
34.49500,133.73047,11,10.364,12.364,337.4599,20688345.5267,1355158.9073,electricity-generation
34.22120,132.54010,2,0.003,2.003,0.5027,54505.0000,32.0000,electricity-generation
43.00780,144.35080,1,0.000,2.000,0.5027,404320.0000,67.0000,electricity-generation
42.96120,144.40540,1,0.000,2.000,0.5027,528630.0000,112.0000,electricity-generation
33.19590,129.64780,1,0.000,2.000,0.5027,0.0000,0.0000,electricity-generation
39.07124,141.73046,2,0.199,2.199,0.5027,820149.3867,168239.3836,electricity-generation
35.52770,135.34230,1,0.000,2.000,0.5027,7647800.0000,1800.0000,electricity-generation
26.27060,127.71910,1,0.000,2.000,0.5027,134959.0000,288.0000,electricity-generation
32.94000,129.59720,1,0.000,2.000,0.5027,2509000.0000,502.0000,electricity-generation
33.35340,129.68760,1,0.000,2.000,0.5027,17601900.0000,3700.0000,electricity-generation
33.60000,130.58330,1,0.000,2.000,0.5027,0.0000,0.0000,electricity-generation
33.02207,130.44018,4,2.817,4.817,24.9236,1032419.0000,318.0200,electricity-generation
34.77970,131.92150,1,0.000,2.000,0.5027,8732000.0000,2000.0000,electricity-generation
36.45720,139.97400,1,0.000,2.000,0.5027,2661200.0000,1249.0000,electricity-generation
44.33560,143.36760,1,0.000,2.000,0.5027,0.0000,50.0000,electricity-generation
42.34612,140.99582,4,1.684,3.684,8.9111,3900363.7265,365575.4795,electricity-generation
43.45869,141.88454,2,5.194,7.194,84.7685,959981.0000,600.0000,electricity-generation
37.06640,137.00370,1,0.000,2.000,0.5027,6430100.0000,1200.0000,electricity-generation
31.47100,130.51840,1,0.000,2.000,0.5027,0.0000,49.0000,electricity-generation
37.98240,140.79700,1,0.000,2.000,0.5027,1529.7000,42.9400,electricity-generation
31.60090,131.39010,1,0.000,2.000,0.5027,0.0000,25.4000,electricity-generation
33.94099,133.18704,4,7.018,9.018,154.7111,6083969.0000,1450.0000,electricity-generation
33.26326,131.65867,7,4.559,6.559,65.3009,23392760.4028,1041179.5247,electricity-generation
32.57330,131.67180,1,0.000,2.000,0.5027,341470.0000,115.0000,electricity-generation
40.19120,139.99110,1,0.000,2.000,0.5027,8086300.0000,1800.0000,electricity-generation
42.51200,141.28280,1,0.000,2.000,0.5027,564630.0000,119.0000,electricity-generation
43.11800,141.55230,1,0.000,2.000,0.5027,0.0000,25.4000,electricity-generation
35.16516,138.66489,5,5.107,7.107,81.9463,158613.6627,36834.6836,electricity-generation
42.63510,141.63253,4,3.530,5.530,39.1566,2635465.7100,150479.4500,electricity-generation
42.61180,141.80540,3,7.492,9.492,176.3513,9024100.0000,1770.4000,electricity-generation
34.62460,138.21370,1,0.000,2.000,0.5027,0.0000,75.0000,electricity-generation
42.89840,143.93880,1,0.000,2.000,0.5027,133800.0000,148.0000,electricity-generation
34.25910,132.87230,1,0.000,2.000,0.5027,2022200.0000,381.0000,electricity-generation
34.06640,136.20670,1,0.000,2.000,0.5027,0.0000,0.0000,electricity-generation
33.62280,132.49870,1,0.000,2.000,0.5027,0.0000,50.0000,electricity-generation
32.48510,130.04210,1,0.000,2.000,0.5027,5716800.0000,1400.0000,electricity-generation
36.21310,136.24130,1,0.000,2.000,0.5027,456010.0000,78.0000,electricity-generation
32.99710,131.89190,1,0.000,2.000,0.5027,0.0000,50.0000,electricity-generation
34.34160,133.84660,2,3.674,5.674,42.4022,1385020.0000,1460.0000,electricity-generation
38.28118,141.03976,7,4.984,6.984,78.0255,4536304.7331,219181.6438,electricity-generation
31.85740,130.20080,1,0.000,2.000,0.5027,0.0000,0.0000,electricity-generation
34.00190,131.00100,1,0.000,2.000,0.5027,0.0000,0.0000,electricity-generation
37.84205,140.94718,3,1.248,3.248,4.8942,13407549.0000,3292.0000,electricity-generation
33.91632,130.84828,5,4.272,6.272,57.3459,9971035.8293,467275.6315,electricity-generation
33.96178,131.18839,6,9.508,11.508,284.0170,7483965.3594,213416.2779,electricity-generation
41.58290,140.42580,1,0.000,2.000,0.5027,915850.0000,700.0000,electricity-generation
35.68360,139.61810,1,0.000,2.000,0.5027,0.0000,24.2000,electricity-generation
36.23000,140.28000,1,0.000,2.000,0.5027,0.0000,0.0000,electricity-generation
41.81861,140.63142,2,0.026,2.026,0.5027,1030246.5220,169962.6137,electricity-generation
35.90862,139.34396,2,0.015,2.015,0.5027,1033072.5013,160570.0479,electricity-generation
34.33730,132.95720,1,0.000,2.000,0.5027,6687900.0000,1300.0000,electricity-generation
34.32190,135.12830,1,0.000,2.000,0.5027,0.0000,0.0000,electricity-generation
36.40452,139.61802,2,0.231,2.231,0.5027,687086.8425,140161.9863,electricity-generation
34.04530,134.59140,1,0.000,2.000,0.5027,0.0000,75.0000,electricity-generation
33.53410,133.55750,1,0.000,2.000,0.5027,0.0000,0.0000,electricity-generation
36.76527,137.13284,2,7.372,9.372,170.7237,3699559.4000,2414.7000,electricity-generation
35.67215,136.08139,3,4.185,6.185,55.0208,5994761.4871,72582.4658,electricity-generation
34.17047,131.21676,2,1.301,3.301,5.3196,2137030.5865,339783.0274,electricity-generation
34.23817,135.13164,3,1.294,3.294,5.2643,3963399.6847,258879.1753,electricity-generation
33.95376,132.12414,2,1.557,3.557,7.6126,2119285.5964,16987.9726,electricity-generation
32.50580,130.61999,2,7.011,9.011,154.4401,479210.0000,228.5000,electricity-generation
35.21560,139.71640,1,0.000,2.000,0.5027,5550100.0000,1300.0000,electricity-generation
35.48430,133.25610,1,0.000,2.000,0.5027,0.0000,55.0000,electricity-generation
52.12000,76.87500,1,0.000,2.000,0.5027,10257900.0000,2210.0000,electricity-generation
50.33640,57.13949,2,0.050,2.050,0.5027,542970.0000,190.9000,electricity-generation
43.28130,76.93060,1,0.000,2.000,0.5027,115230.0000,25.0000,electricity-generation
43.29290,76.79850,1,0.000,2.000,0.5027,2664600.0000,510.0000,electricity-generation
43.42420,77.00670,1,0.000,2.000,0.5027,955820.0000,173.0000,electricity-generation
51.18830,71.51030,1,0.000,2.000,0.5027,1873400.0000,360.0000,electricity-generation
47.07761,51.93260,2,0.864,2.864,2.3437,3036834.2266,110290.0000,electricity-generation
51.88610,75.37690,1,0.000,2.000,0.5027,17221000.0000,4000.0000,electricity-generation
52.02400,75.47620,1,0.000,2.000,0.5027,4305100.0000,1000.0000,electricity-generation
51.26680,51.10090,1,0.000,2.000,0.5027,372820.0000,100.0000,electricity-generation
47.34420,52.27720,1,0.000,2.000,0.5027,856960.0000,310.0000,electricity-generation
50.08930,72.91800,1,0.000,2.000,0.5027,481330.0000,84.0000,electricity-generation
50.04785,73.03428,3,1.357,3.357,5.7865,11042399.8196,510209.0411,electricity-generation
49.91670,73.23720,1,0.000,2.000,0.5027,2834800.0000,560.0000,electricity-generation
49.84240,73.08240,1,0.000,2.000,0.5027,912480.0000,167.0000,electricity-generation
46.14798,53.39451,3,3.572,5.572,40.0875,5127170.0000,1444.0000,electricity-generation
46.82900,74.94930,1,0.000,2.000,0.5027,819950.0000,150.0000,electricity-generation
46.42590,65.70070,1,0.000,2.000,0.5027,518420.0000,112.6300,electricity-generation
44.86570,65.45720,1,0.000,2.000,0.5027,138740.0000,45.0000,electricity-generation
43.60222,51.28535,3,7.034,9.034,155.4464,6315119.0473,21205.0000,electricity-generation
52.25440,77.05307,2,0.661,2.661,1.3711,4723791.4101,23026.8493,electricity-generation
52.36229,76.93070,4,5.043,7.043,79.8847,4514996.3182,120625.0000,electricity-generation
54.89790,69.18740,1,0.000,2.000,0.5027,3172600.0000,601.0000,electricity-generation
50.35470,83.48840,1,0.000,2.000,0.5027,391460.0000,71.0000,electricity-generation
52.98960,63.12980,1,0.000,2.000,0.5027,578600.0000,176.0000,electricity-generation
42.27027,69.66864,4,4.733,6.733,70.3736,3629750.1846,273036.7123,electricity-generation
50.02960,82.76980,1,0.000,2.000,0.5027,443200.0000,75.0000,electricity-generation
52.48400,72.03200,1,0.000,2.000,0.5027,715970.0000,180.0000,electricity-generation
49.51330,72.79860,1,0.000,2.000,0.5027,2681900.0000,513.0000,electricity-generation
49.98300,82.61430,1,0.000,2.000,0.5027,1891000.0000,361.5000,electricity-generation
42.84500,71.47690,1,0.000,2.000,0.5027,7148100.0000,1380.0000,electricity-generation
48.38680,57.43350,1,0.000,2.000,0.5027,409300.0000,96.0000,electricity-generation
47.78550,67.74400,1,0.000,2.000,0.5027,1105680.0000,202.0000,electricity-generation
-1.47729,37.01642,4,6.977,8.977,152.9137,1578100.1361,229478.2685,electricity-generation
-1.32952,36.86169,2,6.127,8.127,117.9372,251319.0000,233.0000,electricity-generation
-4.03790,39.63350,4,2.734,4.734,23.4894,126107.0000,116.9000,electricity-generation
-0.20800,35.15210,1,0.000,2.000,0.5027,83771.0000,60.0000,electricity-generation
0.36430,34.50520,1,0.000,2.000,0.5027,0.0000,10.8000,electricity-generation
-3.93340,39.56270,1,0.000,2.000,0.5027,100938.0000,92.6000,electricity-generation
-1.06060,37.05090,1,0.000,2.000,0.5027,98939.0000,93.8000,electricity-generation
42.87170,74.65500,1,0.000,2.000,0.5027,1950300.0000,813.0000,electricity-generation
40.57180,72.80400,1,0.000,2.000,0.5027,130340.0000,50.0000,electricity-generation
11.53600,105.08240,1,0.000,2.000,0.5027,266940.0000,400.0000,electricity-generation
10.73453,103.58928,3,1.078,3.078,3.6521,8597700.0000,1355.0000,electricity-generation
10.62884,103.63355,2,1.903,3.903,11.3782,710497.4000,110.4400,electricity-generation
36.59590,128.54130,1,0.000,2.000,0.5027,412500.0000,417.0000,electricity-generation
37.73320,128.97940,2,0.651,2.651,1.3308,4739600.0000,2455.0000,electricity-generation
37.29572,126.78404,3,1.424,3.424,6.3681,2048420.0000,971.2600,electricity-generation
37.39380,126.96730,1,0.000,2.000,0.5027,2046000.0000,1145.8000,electricity-generation
36.80000,127.09370,1,0.000,2.000,0.5027,136272.0000,180.9500,electricity-generation
36.39452,126.48900,2,1.131,3.131,4.0202,20430430.0000,6400.0000,electricity-generation
37.52250,126.76400,1,0.000,2.000,0.5027,480917.0000,450.0000,electricity-generation
37.48223,129.12791,3,6.476,8.476,131.7419,7364037.1406,320113.1507,electricity-generation
37.37137,127.13714,2,3.962,5.962,49.3125,1531713.0000,1066.8400,electricity-generation
35.31500,129.17770,1,0.000,2.000,0.5027,106415.0000,100.3000,electricity-generation
35.08507,129.00006,2,1.018,3.018,3.2584,2023819.5161,80786.3014,electricity-generation
37.67229,127.11339,2,6.003,8.003,113.2200,189251.0000,166.0000,electricity-generation
36.60500,127.44320,1,0.000,2.000,0.5027,19666.0000,58.3000,electricity-generation
37.76550,127.77380,1,0.000,2.000,0.5027,811450.0000,470.0000,electricity-generation
35.88220,128.70520,1,0.000,2.000,0.5027,548490.0000,415.0000,electricity-generation
37.00467,126.38514,10,2.838,4.838,25.2981,14038307.1964,1211214.7546,petrochemical-steam-cracking
36.98829,126.72879,7,11.237,13.237,396.6964,31456328.8659,1382680.9110,electricity-generation
37.05510,126.51220,1,0.000,2.000,0.5027,23480000.0000,6040.0000,electricity-generation
37.89323,127.09153,2,6.558,8.558,135.1260,3120220.0000,2241.1000,electricity-generation
37.17652,127.07983,3,4.780,6.780,71.7954,3581378.0000,1747.8000,electricity-generation
37.48150,127.15250,2,5.368,7.368,90.5273,983950.0000,452.0000,electricity-generation
36.15610,128.12690,1,0.000,2.000,0.5027,400090.0000,60.0000,electricity-generation
37.52028,126.61800,9,9.420,11.420,278.7962,11530341.5159,1028728.1796,electricity-generation
34.90797,128.11641,2,0.888,2.888,2.4771,17539200.0000,4200.0000,electricity-generation
37.96567,127.18614,3,3.997,5.997,50.2026,4363375.0000,2600.0000,electricity-generation
36.09710,128.37200,1,0.000,2.000,0.5027,589220.0000,97.0000,electricity-generation
35.95527,126.58265,6,5.605,7.605,98.6879,4651710.4659,201298.2052,electricity-generation
37.29970,127.05790,1,0.000,2.000,0.5027,578980.0000,187.2000,electricity-generation
34.88921,127.71954,17,10.585,12.585,352.0236,65900166.6267,3226398.8968,electricity-generation
34.95240,127.81990,1,0.000,2.000,0.5027,16685100.0000,4000.0000,electricity-generation
33.40280,126.27230,1,0.000,2.000,0.5027,34710.0000,105.0000,electricity-generation
37.55180,127.18670,1,0.000,2.000,0.5027,664940.0000,363.8100,electricity-generation
35.83140,128.48820,1,0.000,2.000,0.5027,627786.0000,270.0000,electricity-generation
35.47747,129.34816,13,10.835,12.835,368.8483,21506294.9399,1559020.2654,electricity-generation
37.65046,126.80573,2,2.443,4.443,18.7449,875930.0000,1080.7000,electricity-generation
37.49440,126.47550,1,0.000,2.000,0.5027,160539.0000,207.0000,electricity-generation
33.53450,126.59330,1,0.000,2.000,0.5027,637920.0000,417.4500,electricity-generation
35.84860,127.09860,1,0.000,2.000,0.5027,0.0000,32.0000,electricity-generation
35.98360,126.73070,1,0.000,2.000,0.5027,318220.0000,718.4000,electricity-generation
37.37310,127.89030,1,0.000,2.000,0.5027,0.0000,10.0000,electricity-generation
37.54420,126.91990,3,6.943,8.943,151.4559,968640.0000,838.1000,electricity-generation
36.66090,126.68840,1,0.000,2.000,0.5027,926919.0000,500.0000,electricity-generation
33.23680,126.34050,1,0.000,2.000,0.5027,430030.0000,487.7000,electricity-generation
37.02540,127.00180,1,0.000,2.000,0.5027,1117611.0000,830.0000,electricity-generation
37.73710,126.71990,1,0.000,2.000,0.5027,832980.0000,515.5000,electricity-generation
37.83090,126.78590,1,0.000,2.000,0.5027,3919300.0000,1747.6000,electricity-generation
36.01445,129.39266,7,6.456,8.456,130.9486,33160192.7184,2480089.8301,iron-and-steel
37.41352,129.17714,2,1.186,3.186,4.4170,6566891.9326,859058.9041,electricity-generation
37.18600,129.34180,1,0.000,2.000,0.5027,3457500.0000,2044.0000,electricity-generation
36.50840,127.28066,2,5.347,7.347,89.8075,1665511.0000,1160.4500,electricity-generation
36.14410,126.49590,2,0.923,2.923,2.6769,2984290.0000,1018.0000,electricity-generation
36.78320,126.45140,1,0.000,2.000,0.5027,0.0000,25.0000,electricity-generation
36.98600,129.14580,1,0.000,2.000,0.5027,0.0000,39.0000,electricity-generation
37.25320,127.47790,1,0.000,2.000,0.5027,323082.0000,570.0000,electricity-generation
37.37050,126.64030,1,0.000,2.000,0.5027,304673.0000,187.3000,electricity-generation
35.19610,126.83010,1,0.000,2.000,0.5027,162983.0000,118.2500,electricity-generation
36.90330,126.23430,1,0.000,2.000,0.5027,24058000.0000,6141.0000,electricity-generation
34.95380,128.42640,1,0.000,2.000,0.5027,1853000.0000,1090.0000,electricity-generation
37.36150,127.65820,1,0.000,2.000,0.5027,2010220.0000,1000.0000,electricity-generation
37.23690,126.43610,1,0.000,2.000,0.5027,19246000.0000,5080.0000,electricity-generation
37.16290,128.49230,1,0.000,2.000,0.5027,948020.0000,848.0000,electricity-generation
34.91314,127.59290,2,2.327,4.327,17.0185,1890296.0567,2239.0151,electricity-generation
42.67650,21.08590,1,0.000,2.000,0.5027,5947400.0000,1325.0000,electricity-generation
28.70905,48.36243,3,2.855,4.855,25.6084,30452663.9410,622767.0000,electricity-generation
29.36800,47.79140,1,0.000,2.000,0.5027,7664300.0000,3703.5000,electricity-generation
29.56420,48.17070,1,0.000,2.000,0.5027,13215700.0000,7096.7000,electricity-generation
29.03219,48.14798,7,5.079,7.079,81.0489,18581700.9789,1471103.7127,oil-and-gas-refining
29.35150,47.94030,1,0.000,2.000,0.5027,388140.0000,252.0000,electricity-generation
28.61070,47.91330,1,0.000,2.000,0.5027,345300.0000,210.0000,electricity-generation
19.69130,101.27820,1,0.000,2.000,0.5027,10333400.0000,1878.0000,electricity-generation
34.46460,35.89350,1,0.000,2.000,0.5027,453540.0000,435.0000,electricity-generation
34.32673,35.72950,4,6.478,8.478,131.8547,2904419.1484,492752.7397,electricity-generation
33.63646,35.41345,3,1.818,3.818,10.3853,1035341.9475,115077.9342,electricity-generation
33.96920,35.60430,2,0.400,2.400,0.5035,970590.0000,930.0000,electricity-generation
33.82050,35.90030,1,0.000,2.000,0.5027,75431.0000,60.0000,electricity-generation
33.49620,35.33800,1,0.000,2.000,0.5027,247750.0000,290.0000,electricity-generation
33.06270,11.82220,1,0.000,2.000,0.5027,180820.0000,120.0000,electricity-generation
32.62350,14.32960,1,0.000,2.000,0.5027,3148000.0000,1610.0000,electricity-generation
32.67920,12.87820,1,0.000,2.000,0.5027,212440.0000,141.0000,electricity-generation
32.78759,12.68078,2,1.491,3.491,6.9804,2098137.5042,121505.0000,electricity-generation
32.78120,22.58740,1,0.000,2.000,0.5027,228520.0000,195.0000,electricity-generation
27.22156,14.88990,2,0.029,2.029,0.5027,245393.0000,202.0000,electricity-generation
32.88650,13.19170,1,0.000,2.000,0.5027,116394.0000,100.0000,electricity-generation
31.21740,16.34700,1,0.000,2.000,0.5027,1561900.0000,700.0000,electricity-generation
32.33361,15.23364,3,1.327,3.327,5.5307,3900522.0000,147140.8367,electricity-generation
32.20190,20.13260,1,0.000,2.000,0.5027,1866700.0000,1825.0000,electricity-generation
27.03800,14.43110,1,0.000,2.000,0.5027,1165490.0000,750.0000,electricity-generation
27.59540,21.61890,1,0.000,2.000,0.5027,1456000.0000,855.0000,electricity-generation
32.77600,13.09830,1,0.000,2.000,0.5027,919090.0000,610.0000,electricity-generation
32.05850,23.98054,2,1.854,3.854,10.8045,1704186.9056,20998.0000,electricity-generation
26.56380,12.67950,1,0.000,2.000,0.5027,1001530.0000,671.9900,electricity-generation
31.95550,11.14530,1,0.000,2.000,0.5027,1517700.0000,936.0000,electricity-generation
32.82440,12.97440,1,0.000,2.000,0.5027,948660.0000,624.0000,electricity-generation
30.95550,20.11650,1,0.000,2.000,0.5027,1425100.0000,785.0000,electricity-generation
6.28500,80.84930,1,0.000,2.000,0.5027,126308.0000,105.0000,electricity-generation
6.96809,79.90616,7,6.133,8.133,118.1730,1487569.9884,51218.2000,electricity-generation
6.82140,81.29480,1,0.000,2.000,0.5027,0.0000,10.0000,electricity-generation
8.01720,79.72250,1,0.000,2.000,0.5027,5633200.0000,900.0000,electricity-generation
9.73977,80.03374,2,0.145,2.145,0.5027,61103.0000,50.8000,electricity-generation
8.57490,81.19720,1,0.000,2.000,0.5027,0.0000,18.0000,electricity-generation
55.08540,24.33403,2,0.190,2.190,0.5027,888193.0000,140214.8363,electricity-generation
54.92061,24.01688,2,1.625,3.625,8.2915,23695.2000,84.0000,electricity-generation
55.68090,21.20310,1,0.000,2.000,0.5027,0.0000,20.0000,electricity-generation
54.77010,24.64740,1,0.000,2.000,0.5027,465798.0000,1045.0000,electricity-generation
56.38576,22.17599,2,0.513,2.513,0.8254,1980552.4297,200210.0000,electricity-generation
55.74759,24.36956,2,3.719,5.719,43.4408,27833.4400,11557555.2806,electricity-generation
55.90970,23.31100,1,0.000,2.000,0.5027,2372.2000,13.8000,electricity-generation
54.66740,25.15058,2,0.401,2.401,0.5064,0.0000,80.0000,electricity-generation
49.48423,5.99804,7,9.966,11.966,312.0263,972395.0891,96175102.5779,iron-and-steel
56.63570,23.70980,1,0.000,2.000,0.5027,0.0000,23.0000,electricity-generation
56.96270,24.03560,1,0.000,2.000,0.5027,29953.0000,48.0000,electricity-generation
56.99040,24.17880,1,0.000,2.000,0.5027,86677.0000,144.0000,electricity-generation
56.91800,24.27660,1,0.000,2.000,0.5027,578311.0000,840.0000,electricity-generation
22.13931,113.58040,3,7.439,9.439,173.8529,140090.0000,564.1800,electricity-generation
34.07050,-2.10490,1,0.000,2.000,0.5027,864380.0000,472.0000,electricity-generation
33.56073,-7.48408,3,6.814,8.814,145.8497,559473.8224,146286.1918,iron-and-steel
35.59976,-5.43450,2,4.220,6.220,55.9591,1060389.4350,212433.7671,electricity-generation
33.60710,-7.57050,1,0.000,2.000,0.5027,460550.0000,120.0000,electricity-generation
34.30950,-2.19050,1,0.000,2.000,0.5027,1501000.0000,350.0000,electricity-generation
33.10526,-8.63715,3,7.971,9.971,199.6287,12895106.2551,137946.4110,iron-and-steel
34.28600,-6.56180,1,0.000,2.000,0.5027,484700.0000,615.0000,electricity-generation
33.68150,-7.43530,2,0.943,2.943,2.7940,2617600.0000,1012.5000,electricity-generation
32.14910,-9.28230,1,0.000,2.000,0.5027,6435600.0000,1388.2000,electricity-generation
35.58920,-5.98660,1,0.000,2.000,0.5027,899680.0000,400.0000,electricity-generation
28.46880,-11.33900,1,0.000,2.000,0.5027,79216.0000,116.0000,electricity-generation
47.02926,28.88984,2,1.752,3.752,9.6385,704239.0000,302.0000,electricity-generation
47.74920,27.89380,1,0.000,2.000,0.5027,55967.0000,24.0000,electricity-generation
46.62900,29.93970,1,0.000,2.000,0.5027,1689800.0000,980.0000,electricity-generation
-18.19830,49.35980,1,0.000,2.000,0.5027,624650.0000,150.0000,electricity-generation
-19.80000,46.61670,1,0.000,2.000,0.5027,0.0000,0.0000,electricity-generation
-18.93816,47.60529,2,1.660,3.660,8.6573,257430.0000,171.0000,electricity-generation
-18.84910,47.48070,1,0.000,2.000,0.5027,60218.0000,40.0000,electricity-generation
-23.35000,43.66670,1,0.000,2.000,0.5027,2785.2000,1.8500,electricity-generation
4.20410,73.53800,1,0.000,2.000,0.5027,0.0000,80.0000,electricity-generation
17.85830,-93.11682,3,0.487,2.487,0.7466,2087530.0000,834.2400,electricity-generation
22.06512,-98.85048,2,2.988,4.988,28.0533,1336954.4608,85481.5068,electricity-generation
31.24625,-109.59868,2,2.820,4.820,24.9880,1484790.0000,761.1000,electricity-generation
26.87743,-101.41998,2,0.452,2.452,0.6427,844019.1466,467307.5877,electricity-generation
22.43516,-98.00470,2,3.835,5.835,46.1999,2529870.0000,560.0000,electricity-generation
22.49718,-97.90323,3,0.367,2.367,0.5027,4988970.0000,2636.0000,electricity-generation
24.20228,-110.26696,3,4.926,6.926,76.2344,890360.0000,461.6800,electricity-generation
32.59913,-115.63894,3,2.127,4.127,14.2099,3327580.0000,1944.0000,electricity-generation
19.52710,-103.43700,1,0.000,2.000,0.5027,0.0000,15.5000,electricity-generation
31.99280,-116.85080,1,0.000,2.000,0.5027,541570.0000,300.0000,electricity-generation
20.38100,-99.97770,1,0.000,2.000,0.5027,112939.0000,54.2000,electricity-generation
21.24483,-100.61013,2,0.288,2.288,0.5027,1654200.0000,815.0000,electricity-generation
21.58420,-104.82300,1,0.000,2.000,0.5027,0.0000,35.4000,electricity-generation
18.09198,-94.37496,10,5.315,7.315,88.7385,3199730.6755,202028.9843,electricity-generation
18.62947,-96.71430,2,4.114,6.114,53.1812,0.0000,37.8000,electricity-generation
17.93970,-91.73310,1,0.000,2.000,0.5027,261050.0000,275.0000,electricity-generation
21.10648,-86.83819,2,4.275,6.275,57.4159,372460.0000,206.0000,electricity-generation
28.47623,-100.69404,2,1.497,3.497,7.0403,6845700.0000,2600.0000,electricity-generation
27.93680,-110.86435,2,0.154,2.154,0.5027,1361260.0000,968.0000,electricity-generation
31.46253,-106.46742,2,5.551,7.551,96.8170,1911350.7199,102827.8082,electricity-generation
20.57353,-101.17200,5,1.660,3.660,8.6555,7155789.4796,247103.1500,electricity-generation
21.83340,-100.93349,2,0.148,2.148,0.5027,1893220.0000,1137.2000,electricity-generation
17.99256,-94.54460,5,7.612,9.612,182.0348,2667956.1692,343936.1890,electricity-generation
18.80130,-98.87820,1,0.000,2.000,0.5027,1216310.0000,690.0000,electricity-generation
32.56525,-115.28920,2,0.112,2.112,0.5027,2411950.0000,591.6000,electricity-generation
28.44426,-105.91926,2,0.276,2.276,0.5027,2240230.0000,1091.1800,electricity-generation
31.32954,-106.48736,2,0.360,2.360,0.5027,3488710.0000,1333.0000,electricity-generation
19.27070,-99.12720,1,0.000,2.000,0.5027,113296.0000,32.0000,electricity-generation
22.37530,-97.89090,1,0.000,2.000,0.5027,652380.0000,350.0000,electricity-generation
18.61180,-92.26300,1,0.000,2.000,0.5027,1500700.0000,341.6000,electricity-generation
19.25489,-98.41591,3,2.048,4.048,13.1716,326560.6700,17312.7616,chemicals
17.88520,-92.49020,1,0.000,2.000,0.5027,56004.0000,59.0000,electricity-generation
18.37340,-95.74250,1,0.000,2.000,0.5027,0.0000,24.2000,electricity-generation
25.60082,-100.90649,5,4.135,6.135,53.7122,1907022.6862,138146.0811,electricity-generation
19.08560,-96.14640,1,0.000,2.000,0.5027,865550.0000,452.0000,electricity-generation
25.72424,-100.09049,4,4.052,6.052,51.5726,5872290.0000,2497.2100,electricity-generation
20.45730,-100.12050,1,0.000,2.000,0.5027,1621200.0000,637.5000,electricity-generation
25.98110,-98.06330,1,0.000,2.000,0.5027,2125400.0000,556.7500,electricity-generation
27.92610,-110.78180,1,0.000,2.000,0.5027,2488400.0000,1482.0000,electricity-generation
19.74657,-98.67151,2,7.597,9.597,181.3030,1368998.8190,85681.5068,electricity-generation
20.69438,-88.26735,2,0.417,2.417,0.5456,1428940.0000,886.2000,electricity-generation
28.16820,-105.44180,1,0.000,2.000,0.5027,421870.0000,300.0000,electricity-generation
28.48057,-106.73163,2,1.366,3.366,5.8650,323282.4000,8043.6885,electricity-generation
25.59879,-103.47072,2,0.884,2.884,2.4531,1418260.0000,744.0000,electricity-generation
24.81470,-112.09160,1,0.000,2.000,0.5027,148250.0000,106.1300,electricity-generation
19.62690,-98.54660,1,0.000,2.000,0.5027,127884.0000,50.0000,electricity-generation
25.49480,-103.57040,1,0.000,2.000,0.5027,449990.0000,320.0000,electricity-generation
29.09390,-111.09650,1,0.000,2.000,0.5027,616460.0000,250.0000,electricity-generation
29.03470,-110.83430,1,0.000,2.000,0.5027,481350.0000,259.0000,electricity-generation
15.09460,-92.49280,1,0.000,2.000,0.5027,0.0000,12.0000,electricity-generation
18.04950,-96.15490,1,0.000,2.000,0.5027,0.0000,63.5000,electricity-generation
18.51130,-98.60780,1,0.000,2.000,0.5027,0.0000,15.0000,electricity-generation
21.77390,-98.45430,1,0.000,2.000,0.5027,0.0000,21.8000,electricity-generation
21.50130,-104.88750,1,0.000,2.000,0.5027,0.0000,10.0000,electricity-generation
18.89760,-96.79220,1,0.000,2.000,0.5027,0.0000,10.0000,electricity-generation
19.42830,-96.40200,1,0.000,2.000,0.5027,0.0000,70.0000,electricity-generation
22.01880,-98.18060,1,0.000,2.000,0.5027,0.0000,69.1000,electricity-generation
22.01620,-99.04760,1,0.000,2.000,0.5027,0.0000,16.0000,electricity-generation
20.54420,-104.05310,1,0.000,2.000,0.5027,0.0000,12.3000,electricity-generation
22.53250,-99.33460,1,0.000,2.000,0.5027,0.0000,49.0000,electricity-generation
17.94610,-94.28270,1,0.000,2.000,0.5027,0.0000,14.4000,electricity-generation
20.66930,-103.71830,1,0.000,2.000,0.5027,0.0000,37.0000,electricity-generation
23.19030,-106.35550,1,0.000,2.000,0.5027,1881800.0000,616.0000,electricity-generation
25.60790,-109.05150,1,0.000,2.000,0.5027,1533100.0000,320.0000,electricity-generation
30.52190,-109.61970,1,0.000,2.000,0.5027,1232990.0000,516.2000,electricity-generation
16.27700,-92.45340,1,0.000,2.000,0.5027,0.0000,13.0000,electricity-generation
25.77250,-103.28510,1,0.000,2.000,0.5027,298690.0000,60.8000,electricity-generation
19.79560,-90.61280,1,0.000,2.000,0.5027,158200.0000,112.5000,electricity-generation
25.67370,-99.45990,1,0.000,2.000,0.5027,1695000.0000,554.0000,electricity-generation
19.02780,-104.31920,1,0.000,2.000,0.5027,8994900.0000,2860.0000,electricity-generation
20.92165,-89.70405,5,5.003,7.003,78.6367,2413491.9878,224840.3594,electricity-generation
32.60550,-115.46110,1,0.000,2.000,0.5027,131087.0000,72.5000,electricity-generation
25.86880,-100.36130,2,6.889,8.889,149.0916,2956500.0000,1692.7000,electricity-generation
24.22910,-104.47980,1,0.000,2.000,0.5027,853610.0000,460.0000,electricity-generation
18.85908,-97.04244,4,2.477,4.477,19.2798,681789.1656,301004.8872,electricity-generation
32.41820,-114.71450,1,0.000,2.000,0.5027,953010.0000,220.0000,electricity-generation
21.01430,-97.33380,1,0.000,2.000,0.5027,3670700.0000,2327.5800,electricity-generation
25.70859,-100.31436,6,8.911,10.911,249.4762,2273544.5132,272076.9219,electricity-generation
17.89920,-93.19280,1,0.000,2.000,0.5027,333580.0000,120.7000,electricity-generation
25.72140,-99.97210,1,0.000,2.000,0.5027,1612800.0000,1025.0000,electricity-generation
17.98370,-102.11540,1,0.000,2.000,0.5027,6615700.0000,2778.0000,electricity-generation
20.52580,-97.49330,1,0.000,2.000,0.5027,560580.0000,117.0000,electricity-generation
18.00560,-93.58670,1,0.000,2.000,0.5027,0.0000,14.0000,electricity-generation
32.36940,-117.07090,1,0.000,2.000,0.5027,4684500.0000,1839.2200,electricity-generation
20.76940,-103.33600,1,0.000,2.000,0.5027,0.0000,11.4000,electricity-generation
19.95820,-99.29460,1,0.000,2.000,0.5027,0.0000,33.0000,electricity-generation
29.90700,-112.69330,1,0.000,2.000,0.5027,3028200.0000,632.0000,electricity-generation
16.21141,-95.17390,2,0.424,2.424,0.5645,2162220.8043,330059.6600,electricity-generation
22.26695,-97.80527,2,0.529,2.529,0.8803,1684300.3485,190129.0000,electricity-generation
25.59042,-99.94323,2,0.493,2.493,0.7628,2491042.1322,275114.0000,electricity-generation
20.04939,-99.27778,3,0.922,2.922,2.6683,4045677.9903,315969.0000,electricity-generation
25.79950,-97.78390,1,0.000,2.000,0.5027,2906300.0000,1620.0000,electricity-generation
19.11940,-98.24120,1,0.000,2.000,0.5027,722750.0000,369.0000,electricity-generation
18.78830,-96.89770,1,0.000,2.000,0.5027,0.0000,31.5000,electricity-generation
18.27630,-88.68410,1,0.000,2.000,0.5027,0.0000,49.0000,electricity-generation
18.08930,-93.35640,1,0.000,2.000,0.5027,0.0000,25.2000,electricity-generation
19.68440,-103.24440,1,0.000,2.000,0.5027,0.0000,10.4700,electricity-generation
21.31228,-98.75699,2,0.198,2.198,0.5027,2888600.0000,1650.0000,electricity-generation
20.55200,-103.07470,1,0.000,2.000,0.5027,1559600.0000,874.0000,electricity-generation
25.97367,-108.99329,2,0.184,2.184,0.5027,3439800.0000,1787.5000,electricity-generation
25.76670,-100.54230,1,0.000,2.000,0.5027,495330.0000,284.0000,electricity-generation
18.26260,-96.16320,1,0.000,2.000,0.5027,0.0000,40.0000,electricity-generation
20.84143,-97.24945,3,0.961,2.961,2.9008,3858190.0000,1926.0000,electricity-generation
19.61884,-98.97776,2,4.242,6.242,56.5267,2258752.4000,9311.6885,electricity-generation
41.05830,21.48430,1,0.000,2.000,0.5027,2292100.0000,699.0000,electricity-generation
41.45770,22.16140,1,0.000,2.000,0.5027,4695.4000,198.0000,electricity-generation
41.98828,21.45607,4,4.246,6.246,56.6306,1095708.9019,173405.6849,electricity-generation
12.64719,-7.97283,2,4.179,6.179,54.8721,451404.0000,283.2900,electricity-generation
12.53760,-11.37340,1,0.000,2.000,0.5027,246640.0000,54.8000,electricity-generation
14.37710,-11.38010,1,0.000,2.000,0.5027,405110.0000,90.0000,electricity-generation
12.58310,-7.89430,1,0.000,2.000,0.5027,450080.0000,100.0000,electricity-generation
35.83350,14.55620,1,0.000,2.000,0.5027,1025230.0000,568.1000,electricity-generation
21.38519,95.37447,6,0.770,2.770,1.8621,1352629.1155,34669.7627,electricity-generation
16.77715,96.13066,2,0.162,2.162,0.5027,487460.0000,471.2000,electricity-generation
16.81401,96.22565,4,0.413,2.413,0.5348,653557.0000,672.9000,electricity-generation
16.65500,96.26801,2,1.092,3.092,3.7468,876931.0000,395.0000,electricity-generation
16.98000,96.12500,1,0.000,2.000,0.5027,153800.0000,154.2000,electricity-generation
19.40230,93.50010,1,0.000,2.000,0.5027,251900.0000,225.0000,electricity-generation
21.66770,96.15230,1,0.000,2.000,0.5027,329000.0000,144.8000,electricity-generation
21.58706,96.23222,4,3.206,5.206,32.2838,2174190.4854,473603.4507,cement
21.03000,94.41800,1,0.000,2.000,0.5027,126574.0000,54.3000,electricity-generation
21.19000,94.80300,1,0.000,2.000,0.5027,94775.0000,36.9000,electricity-generation
16.46641,97.65370,2,0.400,2.400,0.5035,364425.0000,237.0000,electricity-generation
16.36541,97.83214,2,0.036,2.036,0.5027,873579.7667,155029.0000,electricity-generation
16.87669,97.58608,2,0.109,2.109,0.5027,539887.0450,38249.1781,electricity-generation
18.72760,95.22850,1,0.000,2.000,0.5027,142170.0000,55.3500,electricity-generation
16.96350,97.40710,1,0.000,2.000,0.5027,297590.0000,205.6500,electricity-generation
20.43358,96.70119,2,4.644,6.644,67.7502,1358673.9577,15407.6712,electricity-generation
16.89991,96.08905,2,0.062,2.062,0.5027,717756.0000,338.2000,electricity-generation
43.33460,19.32710,1,0.000,2.000,0.5027,619441.0000,225.0000,electricity-generation
47.27230,107.89090,1,0.000,2.000,0.5027,1887500.0000,300.0000,electricity-generation
49.43660,105.96148,2,1.252,3.252,4.9240,362324.6861,15760.3288,electricity-generation
48.07930,114.55500,1,0.000,2.000,0.5027,407030.0000,66.0000,electricity-generation
49.04080,104.09800,1,0.000,2.000,0.5027,375500.0000,63.0000,electricity-generation
47.89417,106.80521,3,5.729,7.729,103.1074,5722505.2684,85868.5068,electricity-generation
-15.58590,32.70470,1,0.000,2.000,0.5027,5354.0000,12.3200,electricity-generation
-25.46330,32.00573,2,0.359,2.359,0.5027,1574630.0000,524.0000,electricity-generation
-14.55243,40.67006,3,3.663,5.663,42.1540,242245.8848,40881.1233,cement
-25.93959,32.52998,2,0.034,2.034,0.5027,354230.0000,169.3000,electricity-generation
22.73125,-12.47236,2,1.499,3.499,7.0552,176937.0000,85.4000,electricity-generation
20.89540,-17.05720,1,0.000,2.000,0.5027,248650.0000,120.0000,electricity-generation
18.17790,-15.97210,1,0.000,2.000,0.5027,0.0000,180.0000,electricity-generation
20.54040,-15.52970,1,0.000,2.000,0.5027,227100.0000,109.6000,electricity-generation
14.67020,-61.15430,1,0.000,2.000,0.5027,562340.0000,219.6000,electricity-generation
14.71820,-60.94710,1,0.000,2.000,0.5027,0.0000,40.0000,electricity-generation
14.60008,-61.05106,2,2.228,4.228,15.5930,460560.7528,17120.0000,electricity-generation
-20.27530,57.75670,1,0.000,2.000,0.5027,0.0000,28.6500,electricity-generation
-20.15244,57.49515,3,2.252,4.252,15.9346,1091660.0000,311.6400,electricity-generation
-20.21200,57.69170,1,0.000,2.000,0.5027,0.0000,40.5000,electricity-generation
-20.26130,57.39360,1,0.000,2.000,0.5027,0.0000,13.0000,electricity-generation
-20.06720,57.59790,2,4.425,6.425,61.5143,447220.0000,82.0000,electricity-generation
-20.47360,57.62900,2,5.360,7.360,90.2731,574980.0000,102.5000,electricity-generation
-20.50800,57.54230,2,0.033,2.033,0.5027,223620.0000,49.7000,electricity-generation
-15.78330,35.00000,1,0.000,2.000,0.5027,83.8110,10.2000,electricity-generation
3.04581,101.48265,6,5.938,7.938,110.7681,1131779.5177,201758.3412,electricity-generation
2.35008,102.05066,2,0.465,2.465,0.6802,5628800.0000,3423.8000,electricity-generation
2.74090,112.47290,1,0.000,2.000,0.5027,2974700.0000,600.0000,electricity-generation
2.82130,102.35100,1,0.000,2.000,0.5027,0.0000,13.0000,electricity-generation
1.85740,102.96690,1,0.000,2.000,0.5027,0.0000,11.0000,electricity-generation
3.38830,114.60470,1,0.000,2.000,0.5027,0.0000,11.5000,electricity-generation
5.81267,118.06384,5,10.226,12.226,328.5214,5959.8000,83.9000,electricity-generation
3.83110,102.04320,1,0.000,2.000,0.5027,0.0000,10.0000,electricity-generation
4.28641,103.42931,2,0.393,2.393,0.5027,5400110.0000,229470.0685,electricity-generation
3.50570,114.87910,1,0.000,2.000,0.5027,0.0000,10.0000,electricity-generation
4.01333,103.34511,2,3.991,5.991,50.0317,6536930.0000,297368.2740,electricity-generation
5.37632,100.36550,5,5.641,7.641,99.9852,2975952.4062,197112.4658,electricity-generation
6.32300,100.67070,1,0.000,2.000,0.5027,0.0000,10.3000,electricity-generation
3.81820,102.50360,1,0.000,2.000,0.5027,0.0000,25.0000,electricity-generation
2.59265,101.72719,2,0.477,2.477,0.7139,18348400.0000,3400.0000,electricity-generation
4.58207,103.45451,5,1.779,3.779,9.9397,3914997.0813,311594.9954,electricity-generation
5.65090,115.89512,2,1.742,3.742,9.5322,500405.0000,403.5000,electricity-generation
2.80250,101.62079,3,8.000,10.000,201.0531,1740637.7217,165415.0065,electricity-generation
5.43120,100.60050,1,0.000,2.000,0.5027,305890.0000,228.0000,electricity-generation
4.46770,118.18490,1,0.000,2.000,0.5027,0.0000,14.0000,electricity-generation
2.66280,101.82290,1,0.000,2.000,0.5027,0.0000,19.7300,electricity-generation
4.39150,100.58960,1,0.000,2.000,0.5027,2785500.0000,1950.0000,electricity-generation
3.96850,101.03370,1,0.000,2.000,0.5027,0.0000,12.5000,electricity-generation
6.13920,100.65360,1,0.000,2.000,0.5027,0.0000,10.0000,electricity-generation
4.15860,100.64230,1,0.000,2.000,0.5027,22603000.0000,4100.0000,electricity-generation
2.25842,102.13785,3,4.155,6.155,54.2279,1994385.2694,170429.6000,electricity-generation
6.09152,116.16401,3,0.795,2.795,1.9845,751612.4000,596.9700,electricity-generation
4.42050,114.01900,1,0.000,2.000,0.5027,292990.0000,149.5400,electricity-generation
2.96861,112.32679,2,5.586,7.586,98.0111,2180601.8686,10461.7808,electricity-generation
2.89370,101.29350,1,0.000,2.000,0.5027,1686300.0000,1200.0000,electricity-generation
1.44704,103.88485,5,3.650,5.650,41.8488,4497210.5746,159396.5719,electricity-generation
5.24915,115.24188,2,0.065,2.065,0.5027,804758.5000,198002.9110,electricity-generation
1.37160,104.17037,3,1.025,3.025,3.3012,7047153.8857,410241.5616,electricity-generation
6.34040,100.15680,1,0.000,2.000,0.5027,972900.0000,710.0000,electricity-generation
2.96590,101.68470,1,0.000,2.000,0.5027,1904800.0000,619.0000,electricity-generation
5.61363,118.03550,2,2.536,4.536,20.2052,0.0000,28.4000,electricity-generation
1.63770,110.46540,1,0.000,2.000,0.5027,1539300.0000,210.0000,electricity-generation
2.23900,111.86470,1,0.000,2.000,0.5027,0.0000,12.0000,electricity-generation
3.11720,101.32040,1,0.000,2.000,0.5027,11025400.0000,2182.0000,electricity-generation
1.33408,103.54217,2,1.427,3.427,6.3983,17805182.8994,35100.0000,electricity-generation
2.53287,101.80083,4,2.579,4.579,20.8910,3402879.3299,245480.0000,electricity-generation
3.28990,113.09420,1,0.000,2.000,0.5027,2007900.0000,1370.8000,electricity-generation
4.28258,117.88802,2,6.206,8.206,121.0067,24051.0000,119.2900,electricity-generation
4.24650,101.30320,1,0.000,2.000,0.5027,0.0000,12.5000,electricity-generation
1.54658,110.39117,2,1.564,3.564,7.6809,361250.4454,85033.8468,electricity-generation
-22.93929,14.51668,2,0.049,2.049,0.5027,4799.0000,56.1700,electricity-generation
-22.81380,15.32480,1,0.000,2.000,0.5027,855.3300,10.0200,electricity-generation
-22.51160,17.07870,1,0.000,2.000,0.5027,33453.0000,120.0000,electricity-generation
-22.25535,166.43892,2,0.619,2.619,1.2047,884290.0000,410.0000,electricity-generation
-22.33030,166.91220,1,0.000,2.000,0.5027,349740.0000,100.0000,electricity-generation
-21.32620,164.98650,1,0.000,2.000,0.5027,118231.0000,55.0000,electricity-generation
-21.01020,164.68390,1,0.000,2.000,0.5027,1200290.0000,362.0000,electricity-generation
17.28930,7.83920,1,0.000,2.000,0.5027,130886.0000,42.0000,electricity-generation
18.81670,7.33330,1,0.000,2.000,0.5027,20169.0000,14.5200,electricity-generation
14.50665,5.40828,2,0.107,2.107,0.5027,454826.1564,84961.5068,electricity-generation
18.68010,7.30280,1,0.000,2.000,0.5027,0.0000,0.0000,electricity-generation
13.43100,2.11990,1,0.000,2.000,0.5027,138896.0000,100.0000,electricity-generation
13.52480,2.09469,3,3.170,5.170,31.5624,198304.0000,137.6800,electricity-generation
4.84770,7.24937,3,2.901,4.901,26.4341,2289510.0000,2236.0000,electricity-generation
5.06680,7.32180,1,0.000,2.000,0.5027,641900.0000,496.0000,electricity-generation
4.56626,7.56987,2,0.485,2.485,0.7405,620680.0000,449.0000,electricity-generation
6.40921,5.68111,2,0.333,2.333,0.5027,2679710.0000,914.0000,electricity-generation
4.41872,7.16042,2,0.553,2.553,0.9598,731830.0000,519.6000,electricity-generation
5.18970,8.27260,1,0.000,2.000,0.5027,1028450.0000,565.0000,electricity-generation
6.56303,3.61502,2,0.396,2.396,0.5027,2438450.0000,1590.0000,electricity-generation
4.81296,7.07265,8,8.838,10.838,245.3786,7365880.2303,523625.8082,chemicals
5.03110,6.30160,1,0.000,2.000,0.5027,321460.0000,252.0000,electricity-generation
7.41079,8.97375,2,0.017,2.017,0.5027,1696402.8055,339769.9274,electricity-generation
7.47071,6.65963,2,0.142,2.142,0.5027,1218830.0000,942.0000,electricity-generation
7.00600,3.04986,2,0.374,2.374,0.5027,4065310.8789,1019302.1022,electricity-generation
6.46980,3.58520,1,0.000,2.000,0.5027,401830.0000,570.0000,electricity-generation
11.83300,13.15000,1,0.000,2.000,0.5027,55191.0000,50.0000,electricity-generation
5.70970,6.57590,1,0.000,2.000,0.5027,888640.0000,456.0000,electricity-generation
7.92918,6.42193,2,1.088,3.088,3.7164,4894322.6309,1380271.9863,electricity-generation
7.35028,6.42527,3,4.150,6.150,54.1073,6581431.1035,1274032.6027,cement
6.89782,3.20447,3,0.766,2.766,1.8455,2822136.3056,543865.6438,cement
6.88530,3.31630,1,0.000,2.000,0.5027,449700.0000,750.0000,electricity-generation
5.38704,6.66426,2,0.349,2.349,0.5027,489583.0000,378.0000,electricity-generation
6.73378,4.71071,2,0.249,2.249,0.5027,1085240.0000,847.2000,electricity-generation
5.92610,5.64500,1,0.000,2.000,0.5027,1342900.0000,932.0000,electricity-generation
5.53990,5.91510,1,0.000,2.000,0.5027,2151830.0000,892.6800,electricity-generation
12.16777,-86.32702,5,7.685,9.685,185.5240,516729.1763,20294.3600,electricity-generation
12.47020,-86.88490,1,0.000,2.000,0.5027,41904.0000,27.0000,electricity-generation
12.18037,-86.76189,2,1.693,3.693,9.0060,554419.0000,169.1000,electricity-generation
12.48830,-87.16740,1,0.000,2.000,0.5027,372800.0000,74.0000,electricity-generation
11.48470,-85.83950,1,0.000,2.000,0.5027,0.0000,40.0000,electricity-generation
11.81720,-86.51190,1,0.000,2.000,0.5027,0.0000,42.0000,electricity-generation
12.70650,-87.23570,1,0.000,2.000,0.5027,0.0000,56.5000,electricity-generation
12.53080,-87.04710,1,0.000,2.000,0.5027,0.0000,15.0000,electricity-generation
12.16980,-86.10520,1,0.000,2.000,0.5027,253960.0000,52.0000,electricity-generation
51.68250,4.57283,5,1.727,3.727,9.3680,1593949.1232,12500147.4231,electricity-generation
52.40367,4.82934,2,2.448,4.448,18.8267,990770.0000,591.0000,electricity-generation
52.23707,6.80359,3,3.047,5.047,29.1716,277132.0000,232.0000,electricity-generation
51.95294,4.05600,6,2.988,4.988,28.0566,5747840.0000,2930.0000,electricity-generation
51.93494,4.13328,5,9.958,11.958,311.5241,4089404.9214,520188.9000,electricity-generation
51.88244,4.34551,11,6.254,8.254,122.8854,9501779.5365,13064140.7021,electricity-generation
51.71000,4.84400,2,1.677,3.677,8.8331,1511103.0000,1100.0000,electricity-generation
51.97000,5.93782,2,4.181,6.181,54.9194,86326.0000,84.0000,electricity-generation
51.49500,4.29170,1,0.000,2.000,0.5027,175590.0000,77.0000,electricity-generation
53.20980,6.02960,1,0.000,2.000,0.5027,240350.0000,144.0000,electricity-generation
51.44650,3.71361,3,1.488,3.488,6.9532,3134501.8784,155888.0000,electricity-generation
51.98840,4.37040,1,0.000,2.000,0.5027,0.0000,0.0000,electricity-generation
51.15410,5.90950,1,0.000,2.000,0.5027,1412577.0000,1304.0000,electricity-generation
51.75410,5.85280,1,0.000,2.000,0.5027,0.0000,20.0000,electricity-generation
52.09700,6.05140,1,0.000,2.000,0.5027,96202.0000,71.2000,electricity-generation
53.31570,6.96046,7,5.621,7.621,99.2707,957477.6401,102566.1444,electricity-generation
52.07660,4.29070,1,0.000,2.000,0.5027,251260.0000,175.7000,electricity-generation
52.33890,5.02130,1,0.000,2.000,0.5027,1009500.0000,671.0000,electricity-generation
51.81530,4.72491,2,0.840,2.840,2.2174,77928.0000,71.1100,electricity-generation
52.01054,5.67707,2,5.637,7.637,99.8382,112601.0000,104.0000,electricity-generation
53.43952,6.86594,3,1.257,3.257,4.9656,8017440.0000,4910.7000,electricity-generation
51.30331,3.82073,4,4.835,6.835,73.4424,4774746.3179,315230.1963,electricity-generation
52.77490,6.90470,1,0.000,2.000,0.5027,32157.0000,23.0000,electricity-generation
53.17439,6.68959,2,1.737,3.737,9.4801,96590.2208,12422951.8021,electricity-generation
52.98980,6.86760,1,0.000,2.000,0.5027,54767.0000,24.5000,electricity-generation
51.47370,5.58320,1,0.000,2.000,0.5027,83531.0000,49.5800,electricity-generation
52.61060,4.75990,1,0.000,2.000,0.5027,17304.0000,79.4800,electricity-generation
52.48119,4.61055,4,2.446,4.446,18.7954,14667730.1000,638016.3014,electricity-generation
52.10215,5.07522,2,0.292,2.292,0.5027,592795.0000,590.5000,electricity-generation
52.16410,4.49410,1,0.000,2.000,0.5027,111422.0000,90.7000,electricity-generation
52.57720,5.53000,1,0.000,2.000,0.5027,1287789.0000,880.0000,electricity-generation
51.85600,5.82880,1,0.000,2.000,0.5027,0.0000,0.0000,electricity-generation
51.54710,4.44280,1,0.000,2.000,0.5027,0.0000,39.0000,electricity-generation
51.95370,4.56160,1,0.000,2.000,0.5027,241844.0000,268.4000,electricity-generation
52.28380,4.76800,1,0.000,2.000,0.5027,140870.0000,61.0000,electricity-generation
50.96755,5.79601,3,1.385,3.385,6.0247,2613190.4708,191371.5708,electricity-generation
52.92150,7.04400,1,0.000,2.000,0.5027,68133.0000,40.5100,electricity-generation
52.79300,6.51540,1,0.000,2.000,0.5027,385020.0000,48.0000,electricity-generation
52.38810,5.21570,1,0.000,2.000,0.5027,165890.0000,120.0000,electricity-generation
70.68410,23.59260,1,0.000,2.000,0.5027,144692.0000,215.0000,electricity-generation
60.81011,5.03174,2,0.340,2.340,0.5027,3351996.9215,226280.0000,electricity-generation
62.84620,6.93930,1,0.000,2.000,0.5027,0.0000,0.0000,electricity-generation
-46.12000,169.56800,1,0.000,2.000,0.5027,0.0000,15.5000,electricity-generation
-37.20730,174.72676,2,0.219,2.219,0.5027,1018096.1493,57053.7096,electricity-generation
-36.94270,174.89870,1,0.000,2.000,0.5027,0.0000,10.0000,electricity-generation
-37.54450,175.14880,1,0.000,2.000,0.5027,2674800.0000,1186.0000,electricity-generation
-39.11680,174.10360,1,0.000,2.000,0.5027,143250.0000,100.0000,electricity-generation
-43.09560,172.82600,1,0.000,2.000,0.5027,0.0000,11.5000,electricity-generation
-38.27700,175.88760,1,0.000,2.000,0.5027,0.0000,39.0000,electricity-generation
-39.09760,174.33600,1,0.000,2.000,0.5027,150900.0000,100.0000,electricity-generation
-38.18280,176.26770,1,0.000,2.000,0.5027,0.0000,10.0000,electricity-generation
-39.33050,174.31970,1,0.000,2.000,0.5027,711520.0000,587.0000,electricity-generation
-37.71650,175.21680,1,0.000,2.000,0.5027,56008.0000,44.0000,electricity-generation
-39.60990,174.29860,1,0.000,2.000,0.5027,112793.0000,70.3600,electricity-generation
-39.38290,176.88750,1,0.000,2.000,0.5027,321230.0000,156.0000,electricity-generation
23.60310,58.41640,1,0.000,2.000,0.5027,1120400.0000,509.0000,electricity-generation
22.39030,59.06950,1,0.000,2.000,0.5027,655670.0000,285.0000,electricity-generation
18.33310,55.68600,1,0.000,2.000,0.5027,472570.0000,252.0000,electricity-generation
23.70722,57.98074,3,0.383,2.383,0.5027,1896940.0000,1953.0000,electricity-generation
19.73213,57.65642,2,2.134,4.134,14.3051,3844393.4356,255326.0000,electricity-generation
19.95470,56.26770,1,0.000,2.000,0.5027,95982.0000,87.0000,electricity-generation
23.36560,56.28370,1,0.000,2.000,0.5027,1818100.0000,2008.0000,electricity-generation
26.08830,56.23270,1,0.000,2.000,0.5027,24267.0000,107.8200,electricity-generation
22.84210,55.40210,1,0.000,2.000,0.5027,269320.0000,183.8000,electricity-generation
22.70670,57.57790,1,0.000,2.000,0.5027,649530.0000,274.0000,electricity-generation
20.46790,58.80160,1,0.000,2.000,0.5027,16157.0000,71.8000,electricity-generation
19.34220,56.46110,1,0.000,2.000,0.5027,484420.0000,252.0000,electricity-generation
26.05610,56.08910,1,0.000,2.000,0.5027,277730.0000,120.0000,electricity-generation
22.65587,59.41462,2,1.019,3.019,3.2624,2444730.0000,2437.6000,electricity-generation
21.29740,57.09800,1,0.000,2.000,0.5027,1134040.0000,523.0000,electricity-generation
18.02860,54.64100,1,0.000,2.000,0.5027,278850.0000,150.0000,electricity-generation
23.55420,58.19930,1,0.000,2.000,0.5027,441950.0000,204.4100,electricity-generation
21.35940,56.73180,1,0.000,2.000,0.5027,277990.0000,178.0000,electricity-generation
16.95252,53.98442,5,2.711,4.711,23.0926,3328779.6983,379460.5205,electricity-generation
17.03870,54.49010,1,0.000,2.000,0.5027,463920.0000,493.0000,electricity-generation
24.47620,56.62528,5,4.138,6.138,53.7940,9379085.3209,548059.8950,iron-and-steel
24.30800,56.42350,1,0.000,2.000,0.5027,932110.0000,372.0000,electricity-generation
32.03900,70.97730,1,0.000,2.000,0.5027,0.0000,27.0000,electricity-generation
26.55670,67.98660,1,0.000,2.000,0.5027,0.0000,22.0000,electricity-generation
24.99420,68.65810,1,0.000,2.000,0.5027,0.0000,30.0000,electricity-generation
31.67845,74.10307,6,7.898,9.898,195.9470,1958422.5858,88924.4059,electricity-generation
33.55548,73.07299,2,0.213,2.213,0.5027,668854.4493,53623.0100,electricity-generation
29.29230,71.50880,1,0.000,2.000,0.5027,0.0000,31.0000,electricity-generation
31.03700,73.92670,1,0.000,2.000,0.5027,1229870.0000,1126.0000,electricity-generation
26.60690,68.31700,1,0.000,2.000,0.5027,0.0000,12.0000,electricity-generation
31.60945,73.89800,2,3.740,5.740,43.9326,1523770.0000,1351.0000,electricity-generation
24.79505,67.34961,6,8.248,10.248,213.7344,9337480.9830,42869.9181,electricity-generation
31.13030,74.35850,1,0.000,2.000,0.5027,33514.0000,56.6000,electricity-generation
31.61160,72.76070,1,0.000,2.000,0.5027,0.0000,60.0000,electricity-generation
30.32815,70.53845,2,0.405,2.405,0.5157,1550644.9289,179285.9795,electricity-generation
25.15774,66.78262,2,0.227,2.227,0.5027,1529182.4757,241265.4795,electricity-generation
28.02610,69.36489,2,4.901,6.901,75.4548,298900.0000,286.2000,electricity-generation
31.52290,73.38820,1,0.000,2.000,0.5027,133668.0000,40.0000,electricity-generation
30.52340,71.95480,1,0.000,2.000,0.5027,208600.0000,157.0000,electricity-generation
28.04392,69.68732,3,7.179,9.179,161.9283,6449016.3152,194084.8356,electricity-generation
34.12190,72.64440,1,0.000,2.000,0.5027,139443.0000,62.5300,electricity-generation
28.42490,69.70090,1,0.000,2.000,0.5027,2279200.0000,1754.7000,electricity-generation
24.83077,67.13771,5,5.033,7.033,79.5927,1471512.5549,114535.2000,electricity-generation
30.27364,66.97110,2,1.438,3.438,6.4969,289219.0000,185.0000,electricity-generation
28.68750,70.74450,1,0.000,2.000,0.5027,0.0000,90.0000,electricity-generation
31.12065,72.18972,2,0.852,2.852,2.2829,2146560.0000,1936.0000,electricity-generation
24.91141,66.69255,3,1.595,3.595,7.9892,6901690.6385,158612.0000,electricity-generation
29.01350,70.33330,1,0.000,2.000,0.5027,0.0000,11.0000,electricity-generation
25.47220,68.26610,1,0.000,2.000,0.5027,3766000.0000,1510.0000,electricity-generation
30.44580,70.98230,1,0.000,2.000,0.5027,1992300.0000,1449.3100,electricity-generation
31.26330,74.18770,2,2.112,4.112,14.0079,293340.0000,134.4000,electricity-generation
25.33754,68.25123,2,4.421,6.421,61.4122,228686.4850,4391.6353,electricity-generation
30.17155,70.97967,2,4.588,6.588,66.1409,1925597.4143,120691.0000,electricity-generation
30.98610,70.94970,1,0.000,2.000,0.5027,0.0000,41.0000,electricity-generation
31.69782,73.20987,2,6.089,8.089,116.4705,446531.7196,42667.9334,electricity-generation
32.29195,70.73685,2,0.364,2.364,0.5027,6765762.7927,870684.7452,electricity-generation
32.90792,71.59048,2,1.912,3.912,11.4895,3209500.0689,695629.0411,electricity-generation
25.48750,68.71320,1,0.000,2.000,0.5027,0.0000,26.5000,electricity-generation
30.21356,71.54320,2,1.677,3.677,8.8368,2502543.8929,72024.5205,electricity-generation
30.10560,71.16390,1,0.000,2.000,0.5027,2074800.0000,830.0000,electricity-generation
30.29460,70.96700,1,0.000,2.000,0.5027,383220.0000,126.0000,electricity-generation
32.24210,74.26910,1,0.000,2.000,0.5027,568390.0000,435.0000,electricity-generation
32.05900,74.78130,1,0.000,2.000,0.5027,479510.0000,219.2900,electricity-generation
31.13903,73.89872,3,5.553,7.553,96.8860,1153500.0000,627.7800,electricity-generation
25.12930,67.81410,1,0.000,2.000,0.5027,187700.0000,105.6000,electricity-generation
30.56860,72.13960,1,0.000,2.000,0.5027,586560.0000,432.0000,electricity-generation
28.99330,70.78390,1,0.000,2.000,0.5027,0.0000,18.0000,electricity-generation
31.73280,73.87510,1,0.000,2.000,0.5027,292110.0000,134.0000,electricity-generation
30.71303,73.23939,2,2.677,4.677,22.5069,4473460.0000,1542.5000,electricity-generation
31.76100,74.03550,1,0.000,2.000,0.5027,267820.0000,219.0000,electricity-generation
24.90525,66.98860,3,5.487,7.487,94.5714,391594.5554,31729.0459,electricity-generation
31.44500,73.13590,1,0.000,2.000,0.5027,455060.0000,244.4000,electricity-generation
30.97550,73.14790,1,0.000,2.000,0.5027,0.0000,30.0000,electricity-generation
25.00010,66.90770,1,0.000,2.000,0.5027,272820.0000,126.0000,electricity-generation
24.81188,70.39515,3,0.831,2.831,2.1695,4284300.0000,1320.0000,electricity-generation
24.71080,70.30250,1,0.000,2.000,0.5027,5023000.0000,1320.0000,electricity-generation
28.58270,68.17620,1,0.000,2.000,0.5027,1316920.0000,989.2000,electricity-generation
9.00130,-79.58980,1,0.000,2.000,0.5027,231490.0000,174.0000,electricity-generation
9.33028,-79.90829,2,0.801,2.801,2.0137,941640.0000,1040.0000,electricity-generation
9.37537,-79.82267,4,1.315,3.315,5.4363,122762.1000,237.0000,electricity-generation
9.01710,-80.69140,1,0.000,2.000,0.5027,481220.0000,153.0000,electricity-generation
9.26460,-79.66920,1,0.000,2.000,0.5027,74452.0000,49.2000,electricity-generation
9.10530,-79.27290,1,0.000,2.000,0.5027,13955.6000,53.7000,electricity-generation
-4.92790,-80.84910,1,0.000,2.000,0.5027,0.0000,38.0000,electricity-generation
-9.02870,-75.49320,1,0.000,2.000,0.5027,875470.0000,202.6000,electricity-generation
-4.85050,-80.92850,1,0.000,2.000,0.5027,0.0000,14.0000,electricity-generation
-12.50725,-76.72725,6,4.150,6.150,54.1131,7222570.0000,3327.5000,electricity-generation
-6.88143,-79.79127,2,0.394,2.394,0.5027,55989.0000,373.5000,electricity-generation
-17.77600,-71.18930,1,0.000,2.000,0.5027,207110.0000,1389.2900,electricity-generation
-13.71572,-75.96920,2,0.113,2.113,0.5027,348856.0000,96.6000,electricity-generation
-3.63412,-73.20785,2,1.419,3.419,6.3221,61067.4954,12077.7000,electricity-generation
-3.73630,-73.24370,1,0.000,2.000,0.5027,8130.7000,69.8500,electricity-generation
-4.56176,-81.27498,3,2.850,4.850,25.5127,1909358.9482,95480.8000,electricity-generation
-10.67410,-77.82330,1,0.000,2.000,0.5027,0.0000,23.0000,electricity-generation
-17.03930,-71.97730,1,0.000,2.000,0.5027,92809.0000,616.0000,electricity-generation
-9.14650,-78.27860,1,0.000,2.000,0.5027,0.0000,21.7000,electricity-generation
-12.03950,-77.01060,1,0.000,2.000,0.5027,1790200.0000,446.7000,electricity-generation
-4.98950,-81.04000,1,0.000,2.000,0.5027,161090.0000,30.0000,electricity-generation
-11.92828,-77.12341,2,1.367,3.367,5.8683,1544981.2160,117492.0000,electricity-generation
13.70753,121.05496,8,9.873,11.873,306.2084,8829911.7160,44714.7671,electricity-generation
14.78330,120.46630,1,0.000,2.000,0.5027,0.0000,12.0000,electricity-generation
9.53910,123.09940,1,0.000,2.000,0.5027,0.0000,25.0000,electricity-generation
8.76600,124.76700,1,0.000,2.000,0.5027,1189920.0000,165.0000,electricity-generation
14.52409,120.60077,4,2.173,4.173,14.8346,6130559.4090,181350.4000,electricity-generation
16.49050,120.32710,1,0.000,2.000,0.5027,71185.0000,235.2000,electricity-generation
6.57910,124.75360,1,0.000,2.000,0.5027,0.0000,12.3900,electricity-generation
10.20010,122.86730,1,0.000,2.000,0.5027,0.0000,48.0000,electricity-generation
9.64400,123.87530,1,0.000,2.000,0.5027,6658.6000,22.0000,electricity-generation
14.88244,121.08301,4,3.481,5.481,38.0671,2886978.5737,581803.5360,cement
15.23603,120.61011,2,0.071,2.071,0.5027,948180.0000,136.0000,electricity-generation
17.06970,121.76130,1,0.000,2.000,0.5027,0.0000,15.0000,electricity-generation
13.92938,120.79854,3,3.178,5.178,31.7367,7550585.7143,43635.7534,electricity-generation
15.11140,120.60530,1,0.000,2.000,0.5027,11440.1000,37.8000,electricity-generation
10.34220,123.70550,1,0.000,2.000,0.5027,14016.0000,46.0000,electricity-generation
14.54810,120.99690,1,0.000,2.000,0.5027,0.0000,15.5000,electricity-generation
10.37048,123.62539,2,3.319,5.319,34.6150,5021800.0000,709.2500,electricity-generation
10.55970,122.88670,1,0.000,2.000,0.5027,7566.3000,25.0000,electricity-generation
11.18760,123.12070,1,0.000,2.000,0.5027,897360.0000,135.0000,electricity-generation
7.11220,124.89190,1,0.000,2.000,0.5027,0.0000,10.0000,electricity-generation
6.39350,125.61680,1,0.000,2.000,0.5027,1976500.0000,300.0000,electricity-generation
6.96440,125.47970,1,0.000,2.000,0.5027,1976500.0000,300.0000,electricity-generation
14.42435,120.54026,2,0.363,2.363,0.5027,11617100.0000,1987.6000,electricity-generation
10.83060,123.00280,1,0.000,2.000,0.5027,0.0000,20.0000,electricity-generation
8.30573,124.25992,3,2.944,4.944,27.2216,2482238.2929,447762.3867,cement
14.39580,121.33340,2,0.335,2.335,0.5027,198050.0000,650.0000,electricity-generation
16.82970,121.73590,1,0.000,2.000,0.5027,0.0000,20.0000,electricity-generation
10.89460,124.43610,1,0.000,2.000,0.5027,3663.0000,11.1500,electricity-generation
10.01840,122.84820,1,0.000,2.000,0.5027,0.0000,46.0000,electricity-generation
5.86847,125.07969,2,0.237,2.237,0.5027,1426400.0000,170073.0137,electricity-generation
10.42200,122.93410,1,0.000,2.000,0.5027,0.0000,25.0000,electricity-generation
7.27170,124.30310,1,0.000,2.000,0.5027,0.0000,15.0000,electricity-generation
8.18690,124.11550,1,0.000,2.000,0.5027,3679200.0000,552.0000,electricity-generation
10.94360,123.17320,1,0.000,2.000,0.5027,0.0000,25.0000,electricity-generation
7.71280,125.01870,1,0.000,2.000,0.5027,0.0000,49.0000,electricity-generation
15.56380,119.91920,1,0.000,2.000,0.5027,6386500.0000,1025.8000,electricity-generation
10.33360,123.98600,1,0.000,2.000,0.5027,15012.0000,49.6000,electricity-generation
14.63718,120.95118,4,0.439,2.439,0.6054,146677.0000,455.2000,electricity-generation
8.56522,124.75129,2,1.045,3.045,3.4278,4289100.0000,637.0000,electricity-generation
8.47688,124.72588,2,0.018,2.018,0.5027,9866.6000,32.6000,electricity-generation
10.18922,123.73188,4,4.662,6.662,68.2830,4747444.8986,628714.1507,cement
9.17450,118.25720,1,0.000,2.000,0.5027,0.0000,15.0000,electricity-generation
13.89320,121.74500,1,0.000,2.000,0.5027,7089700.0000,1155.0000,electricity-generation
10.72440,122.59580,1,0.000,2.000,0.5027,2135600.0000,314.0000,electricity-generation
8.48530,125.97260,1,0.000,2.000,0.5027,3480.5000,11.5000,electricity-generation
14.22960,121.75580,1,0.000,2.000,0.5027,6233800.0000,1066.0000,electricity-generation
11.08860,122.62230,1,0.000,2.000,0.5027,0.0000,23.0000,electricity-generation
10.51160,123.41800,1,0.000,2.000,0.5027,0.0000,19.9900,electricity-generation
15.77910,120.99720,1,0.000,2.000,0.5027,0.0000,24.0000,electricity-generation
16.98880,121.99410,1,0.000,2.000,0.5027,0.0000,19.0000,electricity-generation
14.44940,120.43230,1,0.000,2.000,0.5027,3968700.0000,600.0000,electricity-generation
6.12960,125.25990,1,0.000,2.000,0.5027,16193.0000,53.5000,electricity-generation
16.12500,120.10060,1,0.000,2.000,0.5027,7757700.0000,1294.0000,electricity-generation
14.81725,120.29990,2,0.006,2.006,0.5027,72153.0000,238.4000,electricity-generation
15.69380,120.89900,1,0.000,2.000,0.5027,0.0000,18.0000,electricity-generation
7.34980,125.85320,1,0.000,2.000,0.5027,31462.0000,103.5000,electricity-generation
8.97750,125.33040,1,0.000,2.000,0.5027,31462.0000,103.5000,electricity-generation
14.89530,120.77170,1,0.000,2.000,0.5027,213010.0000,31.0000,electricity-generation
9.95870,122.80340,1,0.000,2.000,0.5027,0.0000,68.0000,electricity-generation
10.88120,123.06450,1,0.000,2.000,0.5027,0.0000,40.0000,electricity-generation
7.08200,122.21420,1,0.000,2.000,0.5027,33900.0000,112.0000,electricity-generation
-6.00480,142.80960,1,0.000,2.000,0.5027,168460.0000,44.2500,electricity-generation
-9.44037,147.13320,2,2.612,4.612,21.4378,572904.4205,42080.6000,electricity-generation
-6.73800,146.99120,1,0.000,2.000,0.5027,204250.0000,45.2000,electricity-generation
-5.46550,143.10950,1,0.000,2.000,0.5027,69563.0000,18.0000,electricity-generation
-5.27730,141.23230,1,0.000,2.000,0.5027,184850.0000,47.8300,electricity-generation
52.01200,18.54600,1,0.000,2.000,0.5027,0.0000,0.0000,electricity-generation
50.32507,18.26122,3,4.015,6.015,50.6479,676012.2592,22896.6438,electricity-generation
53.57420,14.53410,1,0.000,2.000,0.5027,206960.0000,64.0000,electricity-generation
50.32273,19.07952,4,7.993,9.993,200.7216,2599112.0000,902.5000,electricity-generation
51.26790,19.32650,1,0.000,2.000,0.5027,24389000.0000,5030.0000,electricity-generation
53.14800,23.16970,1,0.000,2.000,0.5027,350630.0000,165.0000,electricity-generation
49.81170,19.05290,1,0.000,2.000,0.5027,160720.0000,50.0000,electricity-generation
53.09920,18.08890,1,0.000,2.000,0.5027,431180.0000,140.0000,electricity-generation
50.81857,19.19982,6,7.390,9.390,171.5601,911595.9556,84405154.1787,glass
50.28149,19.26441,8,9.914,11.914,308.7550,13086814.2775,59313435.7539,electricity-generation
53.20780,14.46720,1,0.000,2.000,0.5027,4337300.0000,2274.0000,electricity-generation
50.02016,20.92028,3,4.455,6.455,62.3402,562616.6439,7689817.9232,electricity-generation
54.18030,19.38580,1,0.000,2.000,0.5027,0.0000,25.0000,electricity-generation
54.35455,18.71591,2,5.502,7.502,95.1174,3353299.2911,210217.8000,electricity-generation
54.55340,18.48080,1,0.000,2.000,0.5027,168320.0000,52.6000,electricity-generation
50.32635,18.62279,2,3.224,5.224,32.6614,133546.0120,42497.7534,electricity-generation
52.75040,15.27120,1,0.000,2.000,0.5027,278030.0000,234.0000,electricity-generation
51.68670,15.97030,1,0.000,2.000,0.5027,109083.0000,45.0000,electricity-generation
52.30079,18.23915,2,2.806,4.806,24.7356,1527037.0000,652.0000,electricity-generation
52.59840,14.65330,1,0.000,2.000,0.5027,59400.0000,22.5000,electricity-generation
51.66700,21.46200,1,0.000,2.000,0.5027,15804900.0000,3994.0000,electricity-generation
50.05400,20.00600,1,0.000,2.000,0.5027,1221690.0000,460.0000,electricity-generation
50.13494,18.84327,2,5.350,7.350,89.9183,1918621.2501,7669472.1780,electricity-generation
51.79840,19.42070,1,0.000,2.000,0.5027,414720.0000,198.0000,electricity-generation
51.74560,19.53960,1,0.000,2.000,0.5027,629090.0000,215.0000,electricity-generation
50.30983,18.81822,2,4.679,6.679,68.7665,212205.0000,90.0000,electricity-generation
50.31720,22.32370,1,0.000,2.000,0.5027,316940.0000,119.0000,electricity-generation
50.75140,17.88450,1,0.000,2.000,0.5027,11705300.0000,3332.0000,electricity-generation
53.10360,21.61250,2,0.480,2.480,0.7233,1628000.0000,689.0000,electricity-generation
51.48310,16.06610,1,0.000,2.000,0.5027,2434100.0000,985.0000,electricity-generation
50.43770,21.33770,1,0.000,2.000,0.5027,5568700.0000,1882.0000,electricity-generation
53.39787,14.54552,2,3.071,5.071,29.6237,634630.0000,271.0000,electricity-generation
54.35697,18.48561,2,6.012,8.012,113.5364,270211.9466,42365.7268,electricity-generation
52.43499,16.99086,2,4.176,6.176,54.7861,681651.2501,7668880.1780,electricity-generation
51.45329,21.98079,2,0.651,2.651,1.3321,1571148.9275,69760.8356,electricity-generation
50.13410,18.52200,1,0.000,2.000,0.5027,1859100.0000,875.0000,electricity-generation
50.06460,22.02940,1,0.000,2.000,0.5027,232445.0000,130.6000,electricity-generation
51.03790,17.15100,1,0.000,2.000,0.5027,0.0000,0.0000,electricity-generation
52.15720,22.30610,1,0.000,2.000,0.5027,27467.0000,14.6000,electricity-generation
52.18830,21.08890,1,0.000,2.000,0.5027,2554150.0000,761.0000,electricity-generation
50.20617,19.46074,2,3.353,5.353,35.3193,460500.5352,6251.2055,electricity-generation
49.97740,19.80510,1,0.000,2.000,0.5027,1077560.0000,490.0000,electricity-generation
50.55230,22.08080,2,0.215,2.215,0.5027,1037770.0000,610.0000,electricity-generation
53.39334,18.37602,2,0.153,2.153,0.5027,629551.9466,42550.7268,electricity-generation
50.03930,19.27150,1,0.000,2.000,0.5027,701790.0000,277.4000,electricity-generation
53.04710,18.69330,1,0.000,2.000,0.5027,254810.0000,110.0000,electricity-generation
50.94860,14.91310,1,0.000,2.000,0.5027,8056300.0000,1948.0000,electricity-generation
50.10590,19.01640,1,0.000,2.000,0.5027,204150.0000,105.0000,electricity-generation
51.47390,17.30520,1,0.000,2.000,0.5027,90216.0000,40.0000,electricity-generation
52.70620,18.96721,4,1.989,3.989,12.4316,2108933.4255,101023.9041,electricity-generation
51.12370,17.02460,1,0.000,2.000,0.5027,883240.0000,275.0000,electricity-generation
51.21610,22.55830,1,0.000,2.000,0.5027,382400.0000,235.0000,electricity-generation
52.29476,20.99177,2,4.508,6.508,63.8321,3303415.6408,64946.6301,electricity-generation
51.95140,15.48790,1,0.000,2.000,0.5027,489930.0000,186.0000,electricity-generation
49.96360,18.62780,1,0.000,2.000,0.5027,248660.0000,81.0000,electricity-generation
17.94811,-66.15361,3,2.057,4.057,13.2904,3774662.0000,551.0000,electricity-generation
17.94920,-66.23400,1,0.000,2.000,0.5027,2940800.0000,1532.0000,electricity-generation
18.47080,-66.69980,1,0.000,2.000,0.5027,647400.0000,246.0000,electricity-generation
17.99674,-66.75437,2,1.754,3.754,9.6643,3262900.0000,1602.8000,electricity-generation
18.23250,-65.66770,1,0.000,2.000,0.5027,105266.0000,40.0000,electricity-generation
18.21860,-67.15920,1,0.000,2.000,0.5027,578970.0000,220.0000,electricity-generation
18.44345,-66.12953,2,3.125,5.125,30.6740,3535700.0000,1807.0000,electricity-generation
18.44580,-66.39140,1,0.000,2.000,0.5027,105266.0000,40.0000,electricity-generation
18.10640,-65.82490,1,0.000,2.000,0.5027,105266.0000,40.0000,electricity-generation
39.65660,125.66880,1,0.000,2.000,0.5027,940990.0000,300.0000,electricity-generation
41.77747,129.77095,3,3.448,5.448,37.3496,1116788.7504,679602.0548,iron-and-steel
38.98520,125.69686,2,2.941,4.941,27.1778,3511300.0000,1300.0000,electricity-generation
39.84020,127.63410,1,0.000,2.000,0.5027,53333.0000,18.0000,electricity-generation
39.58610,126.30510,1,0.000,2.000,0.5027,4679500.0000,1600.0000,electricity-generation
42.32790,130.38140,1,0.000,2.000,0.5027,571320.0000,200.0000,electricity-generation
39.44938,126.00777,4,6.317,8.317,125.3604,3296611.0753,571930.5936,cement
40.68456,-8.59017,2,0.316,2.316,0.5027,176376.7000,27158.0551,electricity-generation
37.78120,-25.61370,1,0.000,2.000,0.5027,84116.0000,96.7800,electricity-generation
32.64784,-16.96767,2,0.064,2.064,0.5027,264839.0000,281.8400,electricity-generation
40.05416,-8.85620,5,8.077,10.077,204.9709,443307.4000,57888.5284,electricity-generation
39.66220,-7.67200,1,0.000,2.000,0.5027,0.0000,23.6900,electricity-generation
40.86660,-8.41510,1,0.000,2.000,0.5027,30054.0000,31.0000,electricity-generation
37.96608,-8.81466,6,3.862,5.862,46.8615,3173206.9666,260677.1886,electricity-generation
40.12532,-8.77689,2,3.990,5.990,50.0058,1067010.9210,8239683.0685,electricity-generation
41.22558,-8.65964,3,4.698,6.698,69.3283,298057.0000,107.0000,electricity-generation
39.46820,-8.10920,1,0.000,2.000,0.5027,701030.0000,836.0000,electricity-generation
39.01180,-8.95210,1,0.000,2.000,0.5027,705240.0000,1176.0000,electricity-generation
38.49242,-8.80740,2,0.112,2.112,0.5027,417299.7500,46766.8895,electricity-generation
38.75525,-9.19495,2,2.081,4.081,13.6106,104947.9210,8238923.0685,electricity-generation
41.08260,-8.51263,2,4.732,6.732,70.3549,139755.0000,18154049.6470,electricity-generation
38.71540,-27.06990,1,0.000,2.000,0.5027,50236.0000,57.8000,electricity-generation
38.85502,-9.10542,4,3.649,5.649,41.8412,302552.1083,8286646.2331,electricity-generation
41.70010,-8.71160,1,0.000,2.000,0.5027,57241.0000,107.0000,electricity-generation
31.85830,35.21290,1,0.000,2.000,0.5027,230180.0000,68.0000,electricity-generation
31.45610,34.40080,1,0.000,2.000,0.5027,295830.0000,140.0000,electricity-generation
-17.63380,-149.59840,1,0.000,2.000,0.5027,236710.0000,124.0000,electricity-generation
25.20400,51.35900,1,0.000,2.000,0.5027,435410.0000,134.0000,electricity-generation
25.29170,51.38510,1,0.000,2.000,0.5027,811460.0000,301.0000,electricity-generation
25.02350,51.45200,1,0.000,2.000,0.5027,0.0000,50.0000,electricity-generation
24.95953,51.57038,8,7.744,9.744,188.4060,16225111.3521,648970.1096,electricity-generation
25.92049,51.53553,9,3.720,5.720,43.4762,12820601.9462,429778.5008,electricity-generation
25.19790,51.61590,1,0.000,2.000,0.5027,6097900.0000,2160.0000,electricity-generation
25.11520,51.61210,1,0.000,2.000,0.5027,4440800.0000,2500.0000,electricity-generation
-20.91380,55.63640,1,0.000,2.000,0.5027,698500.0000,100.0000,electricity-generation
-21.28030,55.39771,2,6.917,8.917,150.2934,356230.0000,148.0000,electricity-generation
-20.93100,55.32650,1,0.000,2.000,0.5027,1036750.0000,262.0000,electricity-generation
46.22240,21.32880,1,0.000,2.000,0.5027,20026.0000,21.0000,electricity-generation
46.53050,26.94090,1,0.000,2.000,0.5027,36472.0000,24.9500,electricity-generation
47.65100,26.29710,1,0.000,2.000,0.5027,0.0000,30.0000,electricity-generation
44.89883,26.02160,4,6.742,8.742,142.8204,2785453.1564,7581026.6715,electricity-generation
44.97418,26.03387,3,4.595,6.595,66.3369,97429.7154,7533891.5315,electricity-generation
44.42870,26.00555,2,4.710,6.710,69.6956,567447.0000,376.0000,electricity-generation
44.40045,26.14899,3,4.661,6.661,68.2569,773636.0000,7526470.5315,electricity-generation
44.34350,23.81420,1,0.000,2.000,0.5027,764330.0000,300.0000,electricity-generation
46.42150,24.77170,1,0.000,2.000,0.5027,155850.0000,200.0000,electricity-generation
45.43538,27.98140,2,0.334,2.334,0.5027,355422.2027,255169.5205,electricity-generation
45.03900,24.28760,1,0.000,2.000,0.5027,341560.0000,200.0000,electricity-generation
47.14980,27.60730,1,0.000,2.000,0.5027,35496.0000,29.4000,electricity-generation
47.14730,27.71720,1,0.000,2.000,0.5027,0.0000,0.0000,electricity-generation
46.46770,24.18330,1,0.000,2.000,0.5027,582530.0000,510.0000,electricity-generation
44.38760,23.71820,1,0.000,2.000,0.5027,403640.0000,315.0000,electricity-generation
45.95433,22.86687,2,5.591,7.591,98.2182,528140.6942,140136.9863,electricity-generation
44.34405,28.65385,2,0.576,2.576,1.0407,1464801.6599,100100.0000,electricity-generation
47.08470,21.89290,1,0.000,2.000,0.5027,66148.0000,45.5000,electricity-generation
44.15850,28.60770,1,0.000,2.000,0.5027,18751.0000,100.0000,electricity-generation
45.36610,23.26140,1,0.000,2.000,0.5027,156495.0000,150.0000,electricity-generation
44.67510,22.68690,1,0.000,2.000,0.5027,0.0000,0.0000,electricity-generation
44.91060,23.13480,1,0.000,2.000,0.5027,3178400.0000,990.0000,electricity-generation
44.66970,23.40780,1,0.000,2.000,0.5027,633150.0000,660.0000,electricity-generation
53.71910,91.32310,1,0.000,2.000,0.5027,2225100.0000,416.0000,electricity-generation
43.42020,39.94920,1,0.000,2.000,0.5027,608660.0000,383.2000,electricity-generation
56.77140,60.55260,1,0.000,2.000,0.5027,361960.0000,228.0000,electricity-generation
54.49270,37.03810,1,0.000,2.000,0.5027,542180.0000,228.0000,electricity-generation
53.68430,84.99010,1,0.000,2.000,0.5027,742790.0000,280.0000,electricity-generation
50.22610,136.88530,1,0.000,2.000,0.5027,2009200.0000,285.0000,electricity-generation
64.73020,177.49690,1,0.000,2.000,0.5027,74847.0000,27.1000,electricity-generation
67.59870,33.42350,1,0.000,2.000,0.5027,1448100.0000,230.0000,electricity-generation
55.63870,60.77610,1,0.000,2.000,0.5027,144180.0000,20.0000,electricity-generation
63.04310,147.20430,1,0.000,2.000,0.5027,1083010.0000,162.0000,electricity-generation
64.57530,40.57310,1,0.000,2.000,0.5027,1516700.0000,450.0000,electricity-generation
64.43040,40.83200,1,0.000,2.000,0.5027,1297590.0000,201.0000,electricity-generation
43.37150,132.30410,1,0.000,2.000,0.5027,1651100.0000,400.0000,electricity-generation
46.36439,48.09109,4,6.206,8.206,120.9986,2487480.0000,1048.0000,electricity-generation
59.89821,30.28244,6,9.499,11.499,283.4960,5143670.0000,1950.7000,electricity-generation
56.24320,43.89610,1,0.000,2.000,0.5027,1786500.0000,530.0000,electricity-generation
51.96928,47.78845,2,3.792,5.792,45.1647,772331.7606,106634.3836,electricity-generation
55.44750,78.36590,1,0.000,2.000,0.5027,1902900.0000,308.0000,electricity-generation
53.39000,83.76110,1,0.000,2.000,0.5027,1680700.0000,400.0000,electricity-generation
53.33560,83.61010,1,0.000,2.000,0.5027,1628710.0000,445.0000,electricity-generation
50.60082,36.57647,3,4.448,6.448,62.1661,812803.5614,76600.3562,electricity-generation
54.44490,86.42530,1,0.000,2.000,0.5027,7445400.0000,1260.0000,electricity-generation
59.42520,56.81356,3,3.121,5.121,30.6007,1165468.8700,111324.3452,chemicals
53.50970,45.31840,1,0.000,2.000,0.5027,111232.0000,33.0000,electricity-generation
55.57950,89.07130,1,0.000,2.000,0.5027,14286000.0000,2420.0000,electricity-generation
53.23103,50.28293,2,3.621,5.621,41.1953,1547550.0000,463.0000,electricity-generation
52.48920,85.08660,1,0.000,2.000,0.5027,3388100.0000,554.7000,electricity-generation
50.28580,127.48880,1,0.000,2.000,0.5027,1918900.0000,420.0000,electricity-generation
59.78160,60.17640,1,0.000,2.000,0.5027,591170.0000,82.0000,electricity-generation
44.82043,44.12283,2,1.615,3.615,8.1951,668893.7560,35445.4412,electricity-generation
56.72820,53.92810,1,0.000,2.000,0.5027,674130.0000,200.0000,electricity-generation
69.70450,170.28970,1,0.000,2.000,0.5027,208190.0000,34.0000,electricity-generation
56.12600,47.29960,1,0.000,2.000,0.5027,1550400.0000,460.0000,electricity-generation
55.17396,61.45132,3,4.712,6.712,69.7622,2548220.0000,1119.8000,electricity-generation
55.26590,61.43967,3,5.055,7.055,80.2879,11221996.6500,493287.8082,electricity-generation
54.13600,36.48000,1,0.000,2.000,0.5027,1217280.0000,450.0000,electricity-generation
59.22840,37.12590,1,0.000,2.000,0.5027,753530.0000,450.0000,electricity-generation
52.05400,113.35740,1,0.000,2.000,0.5027,3147100.0000,452.8000,electricity-generation
52.01150,113.51090,1,0.000,2.000,0.5027,78203.0000,12.0000,electricity-generation
55.64738,37.62986,5,9.521,11.521,284.7799,11520130.0000,4278.0000,electricity-generation
55.75915,37.55734,5,11.379,13.379,406.7510,5038517.0000,2182.4000,electricity-generation
55.89460,37.51100,1,0.000,2.000,0.5027,4216900.0000,1650.0000,electricity-generation
55.82130,37.77070,1,0.000,2.000,0.5027,3359500.0000,1050.0000,electricity-generation
55.69143,37.44091,2,4.317,6.317,58.5511,3096840.0000,1078.0000,electricity-generation
55.91580,37.68690,1,0.000,2.000,0.5027,1943600.0000,1060.0000,electricity-generation
54.67650,39.62410,1,0.000,2.000,0.5027,334130.0000,224.5000,electricity-generation
54.98770,33.37600,1,0.000,2.000,0.5027,283340.0000,89.0000,electricity-generation
56.23360,43.52080,1,0.000,2.000,0.5027,1863800.0000,650.0000,electricity-generation
44.43880,38.76360,1,0.000,2.000,0.5027,467180.0000,198.0000,electricity-generation
53.15820,38.11870,1,0.000,2.000,0.5027,539290.0000,160.0000,electricity-generation
66.40180,-179.13380,1,0.000,2.000,0.5027,249800.0000,37.0000,electricity-generation
52.59470,38.51480,1,0.000,2.000,0.5027,109310.0000,50.0000,electricity-generation
51.46040,46.15350,1,0.000,2.000,0.5027,300930.0000,154.0000,electricity-generation
47.87180,40.02020,1,0.000,2.000,0.5027,0.0000,0.0000,electricity-generation
55.88700,38.78350,1,0.000,2.000,0.5027,0.0000,0.0000,electricity-generation
43.29330,45.62750,1,0.000,2.000,0.5027,821500.0000,360.0000,electricity-generation
59.75830,30.58970,1,0.000,2.000,0.5027,161850.0000,110.0000,electricity-generation
51.29840,106.48410,1,0.000,2.000,0.5027,8276800.0000,1244.0000,electricity-generation
57.72000,39.69010,1,0.000,2.000,0.5027,713020.0000,480.0000,electricity-generation
51.75400,58.80330,1,0.000,2.000,0.5027,7179200.0000,2130.0000,electricity-generation
52.46190,103.97860,1,0.000,2.000,0.5027,6467800.0000,1110.0000,electricity-generation
52.78210,103.60410,1,0.000,2.000,0.5027,1838200.0000,320.3000,electricity-generation
56.12308,101.60191,2,0.451,2.451,0.6399,2356630.7137,62359.6995,electricity-generation
52.54274,103.93679,5,7.883,9.883,195.2470,7642056.6846,347909.6119,electricity-generation
56.97287,41.07138,2,4.129,6.129,53.5718,1820130.0000,540.0000,electricity-generation
57.02310,40.38480,2,0.000,2.000,0.5027,1282340.0000,760.0000,electricity-generation
56.84550,53.17840,1,0.000,2.000,0.5027,549110.0000,308.0000,electricity-generation
56.89350,53.34190,1,0.000,2.000,0.5027,680710.0000,280.0000,electricity-generation
54.65900,20.58890,1,0.000,2.000,0.5027,1850900.0000,1412.0000,electricity-generation
52.99350,158.71424,2,3.458,5.458,37.5666,945980.0000,419.0000,electricity-generation
56.22920,95.69610,1,0.000,2.000,0.5027,154070.0000,24.0000,electricity-generation
51.86610,54.77410,1,0.000,2.000,0.5027,616860.0000,270.0000,electricity-generation
56.24860,54.58820,1,0.000,2.000,0.5027,6306400.0000,1871.0000,electricity-generation
54.85670,38.25790,1,0.000,2.000,0.5027,0.0000,0.0000,electricity-generation
55.76120,49.12560,1,0.000,2.000,0.5027,671800.0000,220.0000,electricity-generation
55.86250,48.98788,3,4.896,6.896,75.3219,3070688.1043,54993.6895,electricity-generation
55.36045,86.02203,4,4.956,6.956,77.1660,6812330.5121,101156.1233,electricity-generation
48.41380,135.11860,1,0.000,2.000,0.5027,2093300.0000,460.0000,electricity-generation
48.57040,135.15120,1,0.000,2.000,0.5027,3010000.0000,720.0000,electricity-generation
50.85530,115.70120,1,0.000,2.000,0.5027,4403200.0000,665.0000,electricity-generation
59.48498,32.05715,2,0.785,2.785,1.9378,11041111.8180,357508.0000,electricity-generation
58.53844,49.95822,2,2.410,4.410,18.2516,1451799.0714,77039.5616,electricity-generation
58.62150,49.59450,1,0.000,2.000,0.5027,819060.0000,243.0000,electricity-generation
58.54960,49.58350,1,0.000,2.000,0.5027,1516700.0000,450.0000,electricity-generation
50.59157,137.01608,4,5.714,7.714,102.5608,3138826.0270,343238.7397,electricity-generation
56.74100,36.77070,1,0.000,2.000,0.5027,8561400.0000,2540.0000,electricity-generation
57.75360,41.03020,1,0.000,2.000,0.5027,349340.0000,170.0000,electricity-generation
57.78400,40.90550,1,0.000,2.000,0.5027,111232.0000,33.0000,electricity-generation
57.45950,41.17470,1,0.000,2.000,0.5027,12639100.0000,3750.0000,electricity-generation
61.30401,47.12205,2,0.236,2.236,0.5027,1424160.7137,62389.6995,electricity-generation
52.59680,41.52800,1,0.000,2.000,0.5027,269660.0000,80.0000,electricity-generation
60.95750,46.48480,1,0.000,2.000,0.5027,94831.0000,63.2000,electricity-generation
45.01436,39.04636,2,6.535,8.535,134.1607,2460707.8726,60888.9000,electricity-generation
56.36739,61.96553,2,0.263,2.263,0.5027,1330895.2924,77408.6712,electricity-generation
50.08200,118.09440,1,0.000,2.000,0.5027,2409300.0000,410.0000,electricity-generation
56.13380,93.38430,1,0.000,2.000,0.5027,700880.0000,117.0000,electricity-generation
56.02500,93.03140,1,0.000,2.000,0.5027,2348200.0000,341.0000,electricity-generation
55.97199,92.90377,2,1.385,3.385,6.0221,3806014.0490,93894.5575,electricity-generation
56.09978,93.03228,2,3.903,5.903,47.8601,4093658.6987,87872.4521,electricity-generation
56.14970,94.48170,1,0.000,2.000,0.5027,8416900.0000,1274.0000,electricity-generation
56.22856,90.40861,4,0.691,2.691,1.4994,2010329.7100,204310.2740,electricity-generation
52.77210,55.82050,1,0.000,2.000,0.5027,223590.0000,120.0000,electricity-generation
55.40890,65.23310,1,0.000,2.000,0.5027,1550400.0000,460.0000,electricity-generation
55.49080,65.36110,1,0.000,2.000,0.5027,323120.0000,222.0000,electricity-generation
51.66370,36.11450,1,0.000,2.000,0.5027,589860.0000,175.0000,electricity-generation
51.75325,36.20552,2,2.555,4.555,20.5126,649089.9699,32209.3219,electricity-generation
53.76896,87.24326,3,0.836,2.836,2.1978,5256477.5439,19194.2740,electricity-generation
66.66520,66.41850,1,0.000,2.000,0.5027,101477.0000,40.0000,electricity-generation
52.55461,39.64027,4,4.104,6.104,52.9037,26176838.5645,1224151.6986,electricity-generation
53.42743,59.04158,3,5.986,7.986,112.5591,16841911.0409,1355112.5342,electricity-generation
54.56850,22.18050,1,0.000,2.000,0.5027,429720.0000,160.0000,electricity-generation
53.22603,60.95087,2,0.270,2.270,0.5027,516220.0000,169.4000,electricity-generation
53.65100,91.77810,1,0.000,2.000,0.5027,410060.0000,89.9000,electricity-generation
62.56000,113.97790,1,0.000,2.000,0.5027,225540.0000,112.5000,electricity-generation
54.90290,38.05530,1,0.000,2.000,0.5027,579750.0000,172.0000,electricity-generation
55.63971,37.81454,2,1.440,3.440,6.5161,6968545.4175,244625.0000,electricity-generation
55.69083,52.47618,2,5.392,7.392,91.3381,3527911.6865,43985.4795,electricity-generation
56.03900,90.34560,1,0.000,2.000,0.5027,8665600.0000,1373.0000,electricity-generation
56.66980,124.85230,1,0.000,2.000,0.5027,3260200.0000,570.0000,electricity-generation
44.65869,41.93326,4,3.234,5.234,32.8576,5887797.2704,166499.4075,chemicals
53.13460,140.72410,1,0.000,2.000,0.5027,394360.0000,117.0000,electricity-generation
56.50090,43.58780,1,0.000,2.000,0.5027,377520.0000,112.0000,electricity-generation
55.58921,51.93433,6,2.586,4.586,21.0016,11505703.9217,572895.9178,electricity-generation
58.61250,59.85380,1,0.000,2.000,0.5027,770560.0000,460.0000,electricity-generation
60.97580,76.94330,1,0.000,2.000,0.5027,5930700.0000,2000.0000,electricity-generation
69.33158,88.23612,2,1.289,3.289,5.2177,1970630.4989,55695.4795,electricity-generation
69.51830,88.34420,1,0.000,2.000,0.5027,2331400.0000,691.7000,electricity-generation
69.32280,87.95110,1,0.000,2.000,0.5027,1999300.0000,630.0000,electricity-generation
60.07560,30.47820,1,0.000,2.000,0.5027,1128680.0000,500.0000,electricity-generation
58.62370,31.22180,1,0.000,2.000,0.5027,634170.0000,350.0000,electricity-generation
56.08170,47.51170,1,0.000,2.000,0.5027,1178720.0000,450.0000,electricity-generation
47.40100,40.23200,1,0.000,2.000,0.5027,12003500.0000,2258.0000,electricity-generation
56.09998,44.15455,3,1.415,3.415,6.2893,4723283.9819,375844.6712,electricity-generation
52.24680,104.20310,1,0.000,2.000,0.5027,2879300.0000,655.0000,electricity-generation
53.09272,49.89213,4,3.634,5.634,41.4888,3273483.8892,182246.8242,electricity-generation
54.08724,38.21086,4,1.740,3.740,9.5133,3549496.5805,183189.2466,chemicals
54.56283,39.75853,2,0.448,2.448,0.6298,4153366.6981,342480.0000,electricity-generation
53.41703,55.88887,4,2.083,4.083,13.6316,4440013.3911,280522.4840,electricity-generation
55.00540,82.86184,2,1.020,3.020,3.2681,5842700.0000,890.5000,electricity-generation
55.10020,82.98890,1,0.000,2.000,0.5027,1485770.0000,387.0000,electricity-generation
55.00550,83.06150,1,0.000,2.000,0.5027,6955400.0000,1200.0000,electricity-generation
53.66569,55.93142,4,3.065,5.065,29.5109,3228477.9526,306409.4247,electricity-generation
56.87600,60.59400,1,0.000,2.000,0.5027,138190.0000,41.0000,electricity-generation
56.83970,60.84100,1,0.000,2.000,0.5027,1877500.0000,557.0000,electricity-generation
51.21853,58.36058,2,0.159,2.159,0.5027,596530.3134,174219.5890,electricity-generation
66.08882,76.70185,2,1.558,3.558,7.6251,442180.0000,192.0000,electricity-generation
54.03310,102.03310,1,0.000,2.000,0.5027,1582700.0000,260.0000,electricity-generation
65.97080,77.33750,1,0.000,2.000,0.5027,194580.0000,124.0000,electricity-generation
63.18680,75.40360,1,0.000,2.000,0.5027,198000.0000,124.0000,electricity-generation
62.20670,65.51900,1,0.000,2.000,0.5027,2145500.0000,1325.0000,electricity-generation
55.07730,73.23812,3,1.857,3.857,10.8335,8106926.2650,440922.8000,electricity-generation
55.00180,73.48740,1,0.000,2.000,0.5027,2194400.0000,550.0000,electricity-generation
52.98891,36.10075,2,4.569,6.569,65.5690,858785.0000,346.0000,electricity-generation
51.25078,58.51256,2,1.501,3.501,7.0786,1373014.9581,114195.0000,electricity-generation
43.06120,133.13560,1,0.000,2.000,0.5027,1257750.0000,200.0000,electricity-generation
65.13240,57.31390,1,0.000,2.000,0.5027,3572800.0000,1060.0000,electricity-generation
53.22240,45.02180,1,0.000,2.000,0.5027,1247180.0000,370.0000,electricity-generation
58.01890,55.88190,1,0.000,2.000,0.5027,1151980.0000,345.0000,electricity-generation
57.97720,56.25490,1,0.000,2.000,0.5027,401780.0000,179.0000,electricity-generation
57.91453,56.15012,3,3.684,5.684,42.6325,4687052.3219,284360.7219,electricity-generation
58.49440,56.35160,1,0.000,2.000,0.5027,6735300.0000,2514.0000,electricity-generation
58.12540,56.28310,1,0.000,2.000,0.5027,50897.0000,28.3000,electricity-generation
53.97025,37.62072,4,8.955,10.955,251.9240,2220907.3787,67620.8904,electricity-generation
56.87953,59.95899,3,4.621,6.621,67.0872,253706.1492,250583.9452,iron-and-steel
61.80360,34.27560,1,0.000,2.000,0.5027,943770.0000,280.0000,electricity-generation
67.72900,83.43880,1,0.000,2.000,0.5027,338720.0000,144.0000,electricity-generation
59.83598,30.46604,2,4.776,6.776,71.6747,3980250.0000,1850.0000,electricity-generation
54.69080,20.28310,1,0.000,2.000,0.5027,1255220.0000,195.0000,electricity-generation
46.46520,134.29060,1,0.000,2.000,0.5027,9570200.0000,1467.0000,electricity-generation
55.02880,56.03300,1,0.000,2.000,0.5027,627500.0000,210.0000,electricity-generation
57.50970,29.96940,1,0.000,2.000,0.5027,1483000.0000,440.0000,electricity-generation
49.74820,129.69320,1,0.000,2.000,0.5027,1150570.0000,160.0000,electricity-generation
57.11080,61.70590,1,0.000,2.000,0.5027,20417000.0000,3800.0000,electricity-generation
47.21610,39.57940,1,0.000,2.000,0.5027,539290.0000,160.0000,electricity-generation
54.03460,39.77990,1,0.000,2.000,0.5027,12216300.0000,3134.0000,electricity-generation
48.97930,142.96420,1,0.000,2.000,0.5027,0.0000,0.0000,electricity-generation
48.05380,142.18750,1,0.000,2.000,0.5027,850010.0000,120.0000,electricity-generation
46.62880,142.91120,1,0.000,2.000,0.5027,313790.0000,118.0000,electricity-generation
51.84330,55.09880,1,0.000,2.000,0.5027,1212240.0000,410.0000,electricity-generation
53.10604,50.05716,2,4.333,6.333,58.9707,1300847.7233,140044.0000,electricity-generation
54.21600,45.20760,1,0.000,2.000,0.5027,961940.0000,455.0000,electricity-generation
51.45168,45.93267,2,1.052,3.052,3.4764,1269270.8606,140225.0000,electricity-generation
51.62380,46.00990,1,0.000,2.000,0.5027,1499900.0000,445.0000,electricity-generation
51.52230,46.03390,1,0.000,2.000,0.5027,256160.0000,76.0000,electricity-generation
54.90620,43.33480,1,0.000,2.000,0.5027,231480.0000,105.0000,electricity-generation
59.62180,60.67003,2,5.361,7.361,90.2971,1010465.3972,64659.2192,electricity-generation
64.57129,39.88434,2,1.661,3.661,8.6697,2503690.0000,590.0000,electricity-generation
60.01480,30.09640,1,0.000,2.000,0.5027,1685500.0000,952.0000,electricity-generation
56.61950,84.81220,1,0.000,2.000,0.5027,1808600.0000,300.0000,electricity-generation
59.13987,37.85042,3,3.193,5.193,32.0280,24481091.1415,1253100.2630,electricity-generation
47.75690,40.30280,1,0.000,2.000,0.5027,62824.0000,31.6000,electricity-generation
55.57940,39.56050,1,0.000,2.000,0.5027,4398100.0000,1500.0000,electricity-generation
54.16470,33.23670,1,0.000,2.000,0.5027,25737.0000,16.5000,electricity-generation
55.60770,32.41370,1,0.000,2.000,0.5027,2123500.0000,630.0000,electricity-generation
54.76910,32.14300,1,0.000,2.000,0.5027,556160.0000,165.0000,electricity-generation
43.59470,39.75440,1,0.000,2.000,0.5027,270970.0000,159.0000,electricity-generation
59.69570,56.67500,1,0.000,2.000,0.5027,768870.0000,251.0000,electricity-generation
56.35250,43.89140,1,0.000,2.000,0.5027,1179670.0000,350.0000,electricity-generation
63.57544,53.97530,2,1.158,3.158,4.2144,1204107.8726,60360.0000,electricity-generation
48.94170,140.22730,1,0.000,2.000,0.5027,796140.0000,126.0000,electricity-generation
57.00230,60.46350,1,0.000,2.000,0.5027,4215400.0000,1585.0000,electricity-generation
45.31180,41.51310,1,0.000,2.000,0.5027,8166800.0000,2423.0000,electricity-generation
61.27940,73.48890,1,0.000,2.000,0.5027,27639000.0000,8632.0000,electricity-generation
54.66420,20.12290,1,0.000,2.000,0.5027,178990.0000,114.0000,electricity-generation
55.23550,38.48680,1,0.000,2.000,0.5027,0.0000,70.0000,electricity-generation
51.51300,128.18030,1,0.000,2.000,0.5027,539290.0000,160.0000,electricity-generation
61.81830,50.72630,1,0.000,2.000,0.5027,1931200.0000,657.0000,electricity-generation
53.07904,48.39254,2,1.712,3.712,9.2122,2123643.8710,178470.0000,electricity-generation
59.79320,110.87310,1,0.000,2.000,0.5027,387340.0000,144.0000,electricity-generation
55.09460,21.80120,1,0.000,2.000,0.5027,429720.0000,160.0000,electricity-generation
52.75170,41.47620,1,0.000,2.000,0.5027,232390.0000,125.0000,electricity-generation
64.36910,77.58260,1,0.000,2.000,0.5027,164560.0000,54.0000,electricity-generation
59.60480,33.48560,1,0.000,2.000,0.5027,167310.0000,54.9000,electricity-generation
58.25231,68.44705,2,1.191,3.191,4.4543,3765922.8391,126691.3973,electricity-generation
53.55431,49.45267,5,6.460,8.460,131.1201,9418981.3796,635480.5342,chemicals
54.88724,61.19984,2,5.060,7.060,80.4215,2600833.7578,195549.2658,electricity-generation
56.47210,84.99730,1,0.000,2.000,0.5027,84264.0000,25.0000,electricity-generation
56.61413,85.01018,3,2.554,4.554,20.4999,736991.4828,73254.5233,electricity-generation
53.78140,87.58740,1,0.000,2.000,0.5027,8147500.0000,1345.0000,electricity-generation
54.03660,61.64800,1,0.000,2.000,0.5027,1180050.0000,666.0000,electricity-generation
44.10679,39.10105,2,0.116,2.116,0.5027,1899716.4593,240282.0000,electricity-generation
54.15434,37.72171,2,0.197,2.197,0.5027,3040091.3572,169923.0137,electricity-generation
56.90520,35.90630,1,0.000,2.000,0.5027,255510.0000,170.0000,electricity-generation
57.11016,65.64613,4,6.910,8.910,150.0210,5093459.6814,207929.9205,electricity-generation
45.05400,37.84680,1,0.000,2.000,0.5027,995830.0000,561.7000,electricity-generation
54.78960,56.11990,1,0.000,2.000,0.5027,1618600.0000,510.0000,electricity-generation
54.90723,56.07144,4,5.174,7.174,84.1082,6457162.0556,470290.0000,oil-and-gas-refining
51.83260,107.61730,1,0.000,2.000,0.5027,1190510.0000,170.4000,electricity-generation
54.31860,48.34050,1,0.000,2.000,0.5027,1098530.0000,485.0000,electricity-generation
54.34730,48.62170,1,0.000,2.000,0.5027,1405400.0000,417.0000,electricity-generation
66.03420,78.08680,1,0.000,2.000,0.5027,754100.0000,474.0000,electricity-generation
54.59990,53.47960,1,0.000,2.000,0.5027,0.0000,0.0000,electricity-generation
66.00890,57.54520,1,0.000,2.000,0.5027,240340.0000,125.0000,electricity-generation
58.04939,102.80837,2,0.947,2.947,2.8147,2582430.7137,62599.6995,electricity-generation
67.80270,83.53440,1,0.000,2.000,0.5027,444230.0000,225.8000,electricity-generation
57.35560,59.96030,1,0.000,2.000,0.5027,2689500.0000,1041.0000,electricity-generation
56.14480,40.45460,1,0.000,2.000,0.5027,1314340.0000,770.0000,electricity-generation
43.10991,131.96475,2,3.401,5.401,36.3459,1087210.0000,381.0000,electricity-generation
47.49690,42.21070,1,0.000,2.000,0.5027,1213560.0000,360.0000,electricity-generation
48.49745,44.64943,3,4.655,6.655,68.0717,4120540.8214,314416.0000,electricity-generation
59.19500,39.93850,1,0.000,2.000,0.5027,259710.0000,157.0000,electricity-generation
48.80884,44.82459,3,3.922,5.922,48.3214,1748408.4303,77168.3562,electricity-generation
53.57500,49.24530,1,0.000,2.000,0.5027,3286300.0000,975.0000,electricity-generation
67.61080,64.08360,1,0.000,2.000,0.5027,370780.0000,110.0000,electricity-generation
51.68650,39.15760,1,0.000,2.000,0.5027,243000.0000,127.0000,electricity-generation
51.62610,39.22400,1,0.000,2.000,0.5027,895640.0000,383.0000,electricity-generation
59.34060,57.24610,1,0.000,2.000,0.5027,2682600.0000,1048.0000,electricity-generation
62.05780,129.72579,2,5.080,7.080,81.0702,1144380.0000,560.0000,electricity-generation
71.26720,72.05170,1,0.000,2.000,0.5027,908250.0000,376.0000,electricity-generation
57.65036,39.85183,2,1.288,3.288,5.2096,1175140.0000,466.0000,electricity-generation
57.55579,39.78162,2,0.832,2.832,2.1751,4827969.3999,301365.0000,electricity-generation
56.61230,47.84570,1,0.000,2.000,0.5027,486400.0000,195.0000,electricity-generation
55.73860,84.91170,1,0.000,2.000,0.5027,380760.0000,60.0000,electricity-generation
68.16480,55.37450,1,0.000,2.000,0.5027,304210.0000,150.0000,electricity-generation
53.51160,87.26450,1,0.000,2.000,0.5027,3581800.0000,554.0000,electricity-generation
46.99860,142.74230,1,0.000,2.000,0.5027,559420.0000,240.6000,electricity-generation
54.45520,61.23590,1,0.000,2.000,0.5027,3968600.0000,1607.0000,electricity-generation
55.29060,52.02260,1,0.000,2.000,0.5027,7432200.0000,2205.0000,electricity-generation
54.80200,55.83690,1,0.000,2.000,0.5027,793280.0000,500.0000,electricity-generation
-1.88240,30.07410,1,0.000,2.000,0.5027,71839.0000,27.8000,electricity-generation
-2.03833,29.30824,2,5.037,7.037,79.6931,159957.0000,80.9900,electricity-generation
25.93473,49.68684,2,0.634,2.634,1.2620,1319520.0000,486.0000,electricity-generation
20.09110,41.43990,1,0.000,2.000,0.5027,213590.0000,85.5200,electricity-generation
26.38073,50.09437,2,0.159,2.159,0.5027,2172480.0000,609.5500,electricity-generation
29.78000,40.01200,1,0.000,2.000,0.5027,1305740.0000,421.2700,electricity-generation
26.18000,50.20900,1,0.000,2.000,0.5027,3570500.0000,1196.8000,electricity-generation
26.20400,44.01600,1,0.000,2.000,0.5027,4762200.0000,2027.0000,electricity-generation
28.34900,46.04910,1,0.000,2.000,0.5027,527760.0000,181.8000,electricity-generation
31.25408,37.42428,2,0.658,2.658,1.3614,1545246.0000,504.4000,electricity-generation
20.71360,39.82709,2,0.254,2.254,0.5027,594040.2263,169918.0137,electricity-generation
17.64554,42.09746,3,4.085,6.085,52.4301,8625040.0000,3811.0000,electricity-generation
24.68220,45.03020,2,0.000,2.000,0.5027,459780.0000,205.0000,electricity-generation
19.43320,48.59270,1,0.000,2.000,0.5027,280340.0000,125.0000,electricity-generation
26.41360,49.93830,1,0.000,2.000,0.5027,174930.0000,78.0000,electricity-generation
26.22500,36.48730,1,0.000,2.000,0.5027,567550.0000,185.3200,electricity-generation
30.92650,41.05580,1,0.000,2.000,0.5027,1279030.0000,407.0000,electricity-generation
18.24570,42.57800,1,0.000,2.000,0.5027,2052100.0000,663.0000,electricity-generation
26.99112,49.53940,9,7.999,9.999,201.0085,18700499.4508,1303624.1699,electricity-generation
27.05605,49.58872,9,4.017,6.017,50.6992,20206932.7047,1093310.7762,petrochemical-steam-cracking
19.98680,42.39360,1,0.000,2.000,0.5027,1166650.0000,363.0000,electricity-generation
27.36820,35.65850,1,0.000,2.000,0.5027,392200.0000,107.0000,electricity-generation
27.11930,49.07240,1,0.000,2.000,0.5027,2435100.0000,1509.0000,electricity-generation
25.20632,49.29098,4,2.596,4.596,21.1797,8734610.0000,2748.7000,electricity-generation
26.85410,49.89760,1,0.000,2.000,0.5027,16115000.0000,4256.0000,electricity-generation
27.46878,41.74144,2,0.147,2.147,0.5027,2385843.0000,1103.9700,electricity-generation
28.29470,43.37170,1,0.000,2.000,0.5027,116167.0000,51.8000,electricity-generation
24.80380,49.35260,1,0.000,2.000,0.5027,488240.0000,160.0000,electricity-generation
25.68863,49.52578,3,7.012,9.012,154.4814,3664122.3718,824271.6164,electricity-generation
24.50790,45.88550,1,0.000,2.000,0.5027,809650.0000,320.0000,electricity-generation
21.43397,39.20295,2,2.501,4.501,19.6492,6227990.0000,2145.4000,electricity-generation
21.21210,39.17730,1,0.000,2.000,0.5027,5960800.0000,2640.0000,electricity-generation
21.55000,39.11800,1,0.000,2.000,0.5027,2102100.0000,931.0000,electricity-generation
16.73688,43.05000,2,2.053,4.053,13.2360,3388812.9714,416251.7836,electricity-generation
16.93850,42.63390,1,0.000,2.000,0.5027,4938100.0000,1556.0000,electricity-generation
17.28193,42.36947,3,2.469,4.469,19.1571,11652850.5151,505767.8082,electricity-generation
26.80014,50.00502,2,0.112,2.112,0.5027,1090360.0000,319.5000,electricity-generation
26.89660,49.77690,1,0.000,2.000,0.5027,6180000.0000,1640.0000,electricity-generation
20.39310,45.20850,1,0.000,2.000,0.5027,387990.0000,117.0800,electricity-generation
27.17559,49.16879,3,4.967,6.967,77.5014,3921812.5885,297780.2740,electricity-generation
27.97180,45.55650,1,0.000,2.000,0.5027,436370.0000,286.3200,electricity-generation
22.31000,46.66200,1,0.000,2.000,0.5027,278510.0000,99.1600,electricity-generation
24.52541,39.67581,2,0.013,2.013,0.5027,1349420.0000,468.3600,electricity-generation
21.47310,39.79920,1,0.000,2.000,0.5027,3330200.0000,1147.1800,electricity-generation
27.58430,48.96760,1,0.000,2.000,0.5027,594710.0000,300.0000,electricity-generation
22.70290,42.69970,1,0.000,2.000,0.5027,129173.0000,57.6000,electricity-generation
17.59840,44.33720,1,0.000,2.000,0.5027,1624500.0000,560.3700,electricity-generation
22.67016,39.03561,8,11.198,13.198,393.9454,34137661.3411,1055648.0648,electricity-generation
26.55000,49.93200,1,0.000,2.000,0.5027,436770.0000,144.0000,electricity-generation
25.83045,50.13272,2,1.758,3.758,9.7147,26534500.0000,10235.2000,electricity-generation
29.48410,43.54010,1,0.000,2.000,0.5027,819770.0000,281.3100,electricity-generation
28.41300,48.53050,1,0.000,2.000,0.5027,466290.0000,153.5000,electricity-generation
27.52518,49.15759,3,2.244,4.244,15.8249,13807813.6724,223851.6438,aluminum
26.70076,50.09388,3,1.229,3.229,4.7449,8019983.5620,550625.9900,electricity-generation
24.41698,47.01907,2,0.420,2.420,0.5551,10159900.0000,5520.0000,electricity-generation
24.78530,45.61763,3,1.250,3.250,4.9076,9319900.0000,5594.0000,electricity-generation
24.65360,46.67140,1,0.000,2.000,0.5027,977110.0000,336.6000,electricity-generation
24.71690,46.72470,1,0.000,2.000,0.5027,1760500.0000,606.4000,electricity-generation
24.55850,46.87964,2,4.599,6.599,66.4582,6363169.7507,131315.6000,electricity-generation
24.59460,46.57180,1,0.000,2.000,0.5027,7457600.0000,2099.0000,electricity-generation
24.94910,47.06490,1,0.000,2.000,0.5027,10714300.0000,3696.0000,electricity-generation
24.29541,46.30407,3,1.938,3.938,11.8005,2148228.2523,387350.9392,cement
27.99950,48.76240,1,0.000,2.000,0.5027,333650.0000,94.8000,electricity-generation
17.32940,47.09350,1,0.000,2.000,0.5027,754780.0000,263.9000,electricity-generation
22.60620,54.07110,1,0.000,2.000,0.5027,2831400.0000,1500.0000,electricity-generation
22.53690,53.93990,1,0.000,2.000,0.5027,1152520.0000,636.0000,electricity-generation
25.66851,49.42051,2,3.981,5.981,49.7856,5669340.0000,1597.2000,electricity-generation
20.63204,39.55305,4,6.657,8.657,139.2067,19935000.0000,10282.8000,electricity-generation
30.45520,38.21360,1,0.000,2.000,0.5027,330550.0000,120.3600,electricity-generation
28.47087,36.51757,2,0.151,2.151,0.5027,3878100.0000,1196.8000,electricity-generation
28.33060,36.58450,1,0.000,2.000,0.5027,503630.0000,286.1600,electricity-generation
21.28200,40.40730,1,0.000,2.000,0.5027,610930.0000,213.4000,electricity-generation
19.28702,41.74563,2,0.350,2.350,0.5027,3008937.1577,416230.0836,electricity-generation
19.09940,41.15840,1,0.000,2.000,0.5027,1486270.0000,509.2500,electricity-generation
31.65080,38.86140,1,0.000,2.000,0.5027,1889400.0000,1190.0000,electricity-generation
27.11000,49.31200,1,0.000,2.000,0.5027,4229400.0000,1434.0000,electricity-generation
24.70510,47.53560,1,0.000,2.000,0.5027,333870.0000,176.0000,electricity-generation
24.61538,46.77778,2,0.388,2.388,0.5027,3890770.5502,676347.2645,electricity-generation
23.93157,38.29853,8,11.655,13.655,426.7588,27971445.0402,1286045.1092,electricity-generation
24.27626,37.56450,2,0.518,2.518,0.8438,4290142.4556,849467.1685,electricity-generation
24.12000,38.11800,1,0.000,2.000,0.5027,157920.0000,54.4000,electricity-generation
13.25780,32.74540,1,0.000,2.000,0.5027,0.0000,19.8000,electricity-generation
17.70000,34.00000,1,0.000,2.000,0.5027,22527.0000,14.3000,electricity-generation
13.18330,30.21670,1,0.000,2.000,0.5027,20480.0000,13.0000,electricity-generation
16.11850,32.69650,2,1.424,3.424,6.3695,452450.0000,520.0000,electricity-generation
19.60950,37.22840,1,0.000,2.000,0.5027,228290.0000,150.0000,electricity-generation
13.07430,32.92790,1,0.000,2.000,0.5027,0.0000,92.0000,electricity-generation
15.65044,32.56280,2,0.043,2.043,0.5027,955090.0000,541.1000,electricity-generation
13.20870,32.82290,1,0.000,2.000,0.5027,793000.0000,500.0000,electricity-generation
12.05000,24.88330,1,0.000,2.000,0.5027,60494.0000,38.4000,electricity-generation
19.52050,37.24690,1,0.000,2.000,0.5027,113513.0000,446.0500,electricity-generation
14.07210,32.46860,1,0.000,2.000,0.5027,18116.0000,115.5000,electricity-generation
14.71621,-17.47670,3,5.636,7.636,99.7772,328342.6000,368.0000,electricity-generation
12.58190,-16.27820,1,0.000,2.000,0.5027,122048.0000,20.4000,electricity-generation
14.71539,-17.27284,6,8.570,10.570,230.7327,3855816.7254,327750.2740,electricity-generation
15.99820,-16.42290,1,0.000,2.000,0.5027,0.0000,40.0000,electricity-generation
14.79611,-17.04037,2,0.072,2.072,0.5027,484333.2661,127427.2603,electricity-generation
14.47240,-16.95070,1,0.000,2.000,0.5027,3429.6000,120.0000,electricity-generation
15.00740,-16.86170,1,0.000,2.000,0.5027,621650.0000,103.0000,electricity-generation
1.27372,103.70328,19,9.601,11.601,289.6062,34228607.1235,1542492.8292,electricity-generation
1.46530,103.79931,2,0.578,2.578,1.0482,5172750.0000,3678.4000,electricity-generation
7.76750,-12.29310,1,0.000,2.000,0.5027,1726.6000,44.5000,electricity-generation
8.49120,-13.21188,3,3.911,5.911,48.0433,298929.8695,59515.8548,electricity-generation
8.71230,-12.23590,1,0.000,2.000,0.5027,232.7900,38.0000,electricity-generation
13.43950,-88.15170,1,0.000,2.000,0.5027,0.0000,78.0000,electricity-generation
13.77921,-89.20090,2,2.353,4.353,17.3982,117836.0000,244.7000,electricity-generation
13.58400,-88.78220,1,0.000,2.000,0.5027,0.0000,45.0000,electricity-generation
14.01660,-89.19020,1,0.000,2.000,0.5027,0.0000,30.0000,electricity-generation
13.72760,-89.70550,1,0.000,2.000,0.5027,0.0000,45.0000,electricity-generation
13.57652,-89.82501,4,1.416,3.416,6.2950,352385.8939,22782.7000,electricity-generation
13.72490,-89.41770,1,0.000,2.000,0.5027,60947.0000,102.0000,electricity-generation
-0.37380,42.46110,1,0.000,2.000,0.5027,143270.0000,65.0000,electricity-generation
44.48040,20.29360,1,0.000,2.000,0.5027,971750.0000,271.0000,electricity-generation
44.73070,21.21140,1,0.000,2.000,0.5027,7224200.0000,1360.0000,electricity-generation
44.22380,21.16310,1,0.000,2.000,0.5027,711650.0000,120.0000,electricity-generation
44.67130,20.15840,1,0.000,2.000,0.5027,16598000.0000,3066.0000,electricity-generation
45.26800,19.88530,1,0.000,2.000,0.5027,979710.0000,285.0000,electricity-generation
44.83083,20.68531,2,0.429,2.429,0.5779,986593.9060,96200.0000,electricity-generation
44.77960,20.58710,1,0.000,2.000,0.5027,0.0000,30.0000,electricity-generation
45.35720,20.41580,1,0.000,2.000,0.5027,412500.0000,120.0000,electricity-generation
4.85579,31.58892,2,5.159,7.159,83.6283,346620.0000,118.0000,electricity-generation
5.80999,-55.15986,2,5.226,7.226,85.8016,344510.3822,15126.0000,electricity-generation
5.59090,-55.10220,1,0.000,2.000,0.5027,244920.0000,96.0000,electricity-generation
48.69800,21.27170,1,0.000,2.000,0.5027,89057.0000,103.2000,electricity-generation
48.19290,18.60050,1,0.000,2.000,0.5027,118094.0000,84.6000,electricity-generation
48.45840,17.68990,1,0.000,2.000,0.5027,505440.0000,436.0000,electricity-generation
49.05920,18.90700,1,0.000,2.000,0.5027,53415.0000,27.9000,electricity-generation
49.07842,19.32056,2,0.882,2.882,2.4459,64613.6893,8571.5454,electricity-generation
48.69880,18.53350,1,0.000,2.000,0.5027,56210.0000,376.0000,electricity-generation
48.28640,19.61490,1,0.000,2.000,0.5027,77000.0000,49.9000,electricity-generation
49.11780,18.41860,1,0.000,2.000,0.5027,68140.0000,57.0000,electricity-generation
48.12712,17.17766,4,5.862,7.862,107.9438,2499519.7662,142920.0183,electricity-generation
48.61821,21.20059,3,0.785,2.785,1.9336,7172516.4485,446455.7295,electricity-generation
48.55280,21.97710,1,0.000,2.000,0.5027,2466.5000,220.0000,electricity-generation
45.99455,15.48050,2,4.361,6.361,59.7376,378261.1947,4597.4727,electricity-generation
46.37230,15.05340,1,0.000,2.000,0.5027,1754660.0000,1029.0000,electricity-generation
46.05800,14.54510,1,0.000,2.000,0.5027,373170.0000,238.0000,electricity-generation
46.12775,15.04580,4,3.774,5.774,44.7447,243270.9481,4522123.8079,glass
59.26530,15.17740,1,0.000,2.000,0.5027,0.0000,124.5000,electricity-generation
59.58830,16.51360,1,0.000,2.000,0.5027,89838.0000,606.0000,electricity-generation
55.74860,12.93340,1,0.000,2.000,0.5027,36963.0000,80.0000,electricity-generation
60.66912,17.31024,2,5.006,7.006,78.7237,0.0000,136.8000,electricity-generation
59.60950,17.86290,1,0.000,2.000,0.5027,78399.0000,66.0000,electricity-generation
63.87340,20.40480,1,0.000,2.000,0.5027,58797.0000,50.0000,electricity-generation
56.99940,13.23370,1,0.000,2.000,0.5027,0.0000,28.0000,electricity-generation
59.62830,17.07760,1,0.000,2.000,0.5027,0.0000,23.0000,electricity-generation
59.38070,16.48920,1,0.000,2.000,0.5027,206.6500,41.9000,electricity-generation
60.40285,18.16834,2,0.333,2.333,0.5027,76697.0000,166.0000,electricity-generation
58.42433,15.63549,2,1.691,3.691,8.9807,0.0000,148.3000,electricity-generation
57.70560,11.86357,6,11.626,13.626,424.6377,2025672.7216,352375.2000,electricity-generation
59.33990,13.11690,1,0.000,2.000,0.5027,0.0000,68.7500,electricity-generation
55.72120,13.15550,1,0.000,2.000,0.5027,1159.3700,22.0000,electricity-generation
56.64930,12.92782,3,4.951,6.951,77.0166,178206.7002,54831224.9470,electricity-generation
58.61940,16.23360,1,0.000,2.000,0.5027,0.0000,140.0000,electricity-generation
59.36230,17.82410,1,0.000,2.000,0.5027,0.0000,80.7000,electricity-generation
64.74530,21.04250,1,0.000,2.000,0.5027,1974.3000,40.9000,electricity-generation
59.38610,13.57070,1,0.000,2.000,0.5027,0.0000,40.0000,electricity-generation
55.60309,13.02677,2,2.945,4.945,27.2404,65924.9000,696.0000,electricity-generation
59.25810,18.06030,1,0.000,2.000,0.5027,105839.0000,71.0000,electricity-generation
63.29004,18.71662,2,1.629,3.629,8.3368,188396.9833,31378.7978,electricity-generation
58.74350,17.00020,1,0.000,2.000,0.5027,0.0000,35.0000,electricity-generation
59.17600,17.66460,1,0.000,2.000,0.5027,0.0000,85.0000,electricity-generation
61.63830,17.09720,1,0.000,2.000,0.5027,0.0000,117.5000,electricity-generation
60.63300,17.13720,1,0.000,2.000,0.5027,0.0000,23.9000,electricity-generation
59.14970,18.11670,1,0.000,2.000,0.5027,0.0000,20.2900,electricity-generation
65.79420,23.28040,1,0.000,2.000,0.5027,0.0000,52.0000,electricity-generation
56.18100,14.77468,3,4.865,6.865,74.3616,346322.0869,40904.0432,electricity-generation
58.53813,15.96495,2,5.772,7.772,104.6508,61910.0000,184.0000,electricity-generation
62.37994,17.34802,4,3.484,5.484,38.1418,514310.0056,36698.7950,electricity-generation
57.25213,12.17904,4,3.186,5.186,31.8799,854286.3124,124027.2022,electricity-generation
65.56323,22.21657,2,6.259,8.259,123.0712,3364212.0319,196546.5753,electricity-generation
63.32800,19.16130,1,0.000,2.000,0.5027,0.0000,59.0000,electricity-generation
56.69100,16.18200,1,0.000,2.000,0.5027,0.0000,31.0000,electricity-generation
55.78940,13.25570,1,0.000,2.000,0.5027,0.0000,38.0000,electricity-generation
57.41300,16.66830,1,0.000,2.000,0.5027,37518.0000,87.0800,electricity-generation
63.20700,14.65060,1,0.000,2.000,0.5027,0.0000,40.0000,electricity-generation
62.48545,17.32487,2,1.249,3.249,4.8986,458262.9323,76317.5082,electricity-generation
57.72900,12.92920,1,0.000,2.000,0.5027,0.0000,37.0000,electricity-generation
56.86780,14.83560,1,0.000,2.000,0.5027,0.0000,69.0000,electricity-generation
59.32346,13.45952,2,0.743,2.743,1.7336,330967.6733,55138.1448,electricity-generation
57.71089,18.80415,2,0.183,2.183,0.5027,458694.5503,212568.5671,electricity-generation
57.65330,12.91680,1,0.000,2.000,0.5027,0.0000,45.0000,electricity-generation
57.09325,16.55312,2,0.462,2.462,0.6711,381885.7769,63598.5902,electricity-generation
58.33954,12.35771,2,4.327,6.327,58.8277,255866.0002,202.0000,electricity-generation
58.08215,11.82923,2,0.958,2.958,2.8804,482116.9668,53771.6895,electricity-generation
57.69610,14.15350,1,0.000,2.000,0.5027,54879.0000,49.0000,electricity-generation
59.85240,17.67740,1,0.000,2.000,0.5027,0.0000,130.0000,electricity-generation
61.18770,17.17620,1,0.000,2.000,0.5027,0.0000,30.8000,electricity-generation
59.35330,18.10090,1,0.000,2.000,0.5027,1061.8000,183.0000,electricity-generation
56.03380,12.69340,1,0.000,2.000,0.5027,2200.3000,113.0000,electricity-generation
-26.03330,31.85000,1,0.000,2.000,0.5027,0.0000,14.8000,electricity-generation
-26.17660,31.90790,1,0.000,2.000,0.5027,0.0000,47.1300,electricity-generation
-26.77560,31.93860,1,0.000,2.000,0.5027,0.0000,38.0000,electricity-generation
-4.63230,55.46620,1,0.000,2.000,0.5027,277790.0000,74.0000,electricity-generation
36.17550,37.43780,1,0.000,2.000,0.5027,668290.0000,461.0000,electricity-generation
35.23080,40.06720,1,0.000,2.000,0.5027,104137.0000,96.0000,electricity-generation
34.95900,36.66100,1,0.000,2.000,0.5027,734170.0000,660.0000,electricity-generation
35.17140,35.92790,1,0.000,2.000,0.5027,3360700.0000,992.2000,electricity-generation
33.26840,36.32880,1,0.000,2.000,0.5027,876180.0000,1042.0000,electricity-generation
34.71840,36.63260,1,0.000,2.000,0.5027,193190.0000,34.7800,electricity-generation
34.46600,36.78330,1,0.000,2.000,0.5027,1363940.0000,1186.0000,electricity-generation
35.62850,35.92860,1,0.000,2.000,0.5027,135587.0000,183.0000,electricity-generation
35.26320,36.58480,1,0.000,2.000,0.5027,867470.0000,660.0000,electricity-generation
33.80140,36.68290,1,0.000,2.000,0.5027,556170.0000,486.0000,electricity-generation
37.00250,42.06980,1,0.000,2.000,0.5027,165250.0000,150.0000,electricity-generation
33.41950,36.68870,1,0.000,2.000,0.5027,1185250.0000,1100.0000,electricity-generation
35.73700,36.36200,1,0.000,2.000,0.5027,0.0000,0.0000,electricity-generation
8.53220,16.79470,1,0.000,2.000,0.5027,32431.0000,120.0000,electricity-generation
12.13500,14.99650,1,0.000,2.000,0.5027,104937.0000,68.0000,electricity-generation
6.15783,1.30351,2,0.382,2.382,0.5027,321650.0000,165.0000,electricity-generation
13.93272,101.58585,4,3.546,5.546,39.5007,2056331.2086,17326.2747,electricity-generation
14.03257,101.71191,2,6.137,8.137,118.3355,134756.0000,207.0000,electricity-generation
13.41910,101.02720,1,0.000,2.000,0.5027,834320.0000,712.2800,electricity-generation
13.00728,101.15363,14,10.133,12.133,322.5411,10610299.5127,203177.6658,electricity-generation
15.73330,102.28980,1,0.000,2.000,0.5027,0.0000,30.0000,electricity-generation
16.07160,100.39630,1,0.000,2.000,0.5027,0.0000,22.0000,electricity-generation
15.01310,99.62330,1,0.000,2.000,0.5027,0.0000,10.0000,electricity-generation
13.24560,101.30740,1,0.000,2.000,0.5027,0.0000,10.0000,electricity-generation
13.49200,100.84160,1,0.000,2.000,0.5027,515120.0000,350.0000,electricity-generation
14.05170,100.59010,4,8.994,10.994,254.1200,653619.0000,540.3500,electricity-generation
13.75000,100.46670,1,0.000,2.000,0.5027,356460.0000,55.5000,electricity-generation
14.22317,100.59148,3,3.570,5.570,40.0318,674320.0000,514.0000,electricity-generation
13.50100,101.02530,1,0.000,2.000,0.5027,6048600.0000,3260.0000,electricity-generation
13.53881,100.63713,2,0.046,2.046,0.5027,413787.0000,368.0000,electricity-generation
13.85148,99.85589,2,1.344,3.344,5.6752,615190.0000,402.4000,electricity-generation
14.32140,99.47780,1,0.000,2.000,0.5027,0.0000,10.0000,electricity-generation
16.08800,103.64150,1,0.000,2.000,0.5027,0.0000,10.0000,electricity-generation
15.62660,103.81185,2,3.533,5.533,39.2137,0.0000,20.0000,electricity-generation
17.34780,102.96970,1,0.000,2.000,0.5027,0.0000,10.0000,electricity-generation
15.22950,103.07170,1,0.000,2.000,0.5027,0.0000,10.0000,electricity-generation
13.73610,101.01630,1,0.000,2.000,0.5027,141680.0000,110.0000,electricity-generation
14.69595,100.46349,3,0.526,2.526,0.8684,780041.0000,520.0000,electricity-generation
6.95530,100.70760,1,0.000,2.000,0.5027,1859400.0000,1532.0000,electricity-generation
6.83344,100.71566,2,4.622,6.622,67.1089,0.0000,35.0000,electricity-generation
14.74130,102.14850,1,0.000,2.000,0.5027,0.0000,10.0000,electricity-generation
13.19876,101.17544,2,1.541,3.541,7.4624,0.0000,28.0000,electricity-generation
13.78630,102.20150,1,0.000,2.000,0.5027,0.0000,22.0000,electricity-generation
12.67500,101.14828,14,6.228,8.228,121.8383,24582882.4971,798445.6625,electricity-generation
12.74161,101.16484,7,10.305,12.305,333.6003,5051756.9402,219415.1096,electricity-generation
12.81188,101.23261,6,8.718,10.718,238.7784,667172.4565,272137.8219,electricity-generation
14.37723,100.86470,4,4.927,6.927,76.2611,729140.0000,593.8000,electricity-generation
14.92910,102.17680,1,0.000,2.000,0.5027,268040.0000,240.0000,electricity-generation
14.55850,100.96460,1,0.000,2.000,0.5027,141680.0000,110.0000,electricity-generation
13.53600,99.74300,2,0.079,2.079,0.5027,1722800.0000,1400.0000,electricity-generation
12.65763,101.30783,4,2.768,4.768,24.0702,4287651.7085,251927.7087,electricity-generation
16.60230,103.60140,1,0.000,2.000,0.5027,0.0000,18.5000,electricity-generation
14.63696,101.08544,8,7.325,9.325,168.5870,14359556.6633,3023452.5137,cement
16.31740,103.57210,1,0.000,2.000,0.5027,0.0000,10.0000,electricity-generation
16.42440,99.52530,1,0.000,2.000,0.5027,0.0000,10.0000,electricity-generation
15.78370,100.08530,1,0.000,2.000,0.5027,0.0000,52.5000,electricity-generation
9.23570,99.85930,1,0.000,2.000,0.5027,1469800.0000,977.0000,electricity-generation
14.50040,102.16280,1,0.000,2.000,0.5027,0.0000,38.0000,electricity-generation
17.10050,103.02690,1,0.000,2.000,0.5027,0.0000,40.0000,electricity-generation
16.46100,102.84260,1,0.000,2.000,0.5027,0.0000,10.0000,electricity-generation
16.68200,102.74221,3,11.552,13.552,419.2522,862800.0000,780.0000,electricity-generation
13.71314,101.46006,3,6.396,8.396,128.5153,813825.7349,39341.3816,electricity-generation
15.07610,102.20770,1,0.000,2.000,0.5027,0.0000,10.0000,electricity-generation
15.12250,102.44690,1,0.000,2.000,0.5027,0.0000,65.0000,electricity-generation
16.21650,100.35370,1,0.000,2.000,0.5027,0.0000,10.0000,electricity-generation
7.99290,99.04940,1,0.000,2.000,0.5027,937240.0000,315.0000,electricity-generation
14.00810,99.34580,1,0.000,2.000,0.5027,0.0000,13.0000,electricity-generation
17.12180,102.94750,1,0.000,2.000,0.5027,0.0000,20.0000,electricity-generation
13.10635,100.90003,9,6.614,8.614,137.4100,6504499.5289,450659.1900,electricity-generation
16.63080,99.87050,1,0.000,2.000,0.5027,334990.0000,124.0000,electricity-generation
13.73548,100.77343,2,3.190,5.190,31.9758,297300.0000,220.0000,electricity-generation
18.29600,99.75200,1,0.000,2.000,0.5027,15027000.0000,2455.0000,electricity-generation
16.48210,102.11950,1,0.000,2.000,0.5027,0.0000,188.4000,electricity-generation
14.83990,99.76240,1,0.000,2.000,0.5027,0.0000,88.0000,electricity-generation
17.19150,101.82150,1,0.000,2.000,0.5027,0.0000,41.0000,electricity-generation
16.46690,104.03830,1,0.000,2.000,0.5027,0.0000,68.0000,electricity-generation
13.94090,99.70630,2,7.640,9.640,183.3774,404100.0000,80.7000,electricity-generation
15.82980,104.47460,1,0.000,2.000,0.5027,0.0000,42.0000,electricity-generation
16.59660,104.69370,1,0.000,2.000,0.5027,0.0000,12.0000,electricity-generation
14.87129,103.60820,2,0.476,2.476,0.7106,0.0000,27.0000,electricity-generation
17.37900,104.57670,1,0.000,2.000,0.5027,0.0000,10.0000,electricity-generation
14.91110,102.08170,1,0.000,2.000,0.5027,0.0000,10.0000,electricity-generation
15.74170,101.12760,1,0.000,2.000,0.5027,0.0000,33.0000,electricity-generation
13.71850,100.35680,1,0.000,2.000,0.5027,0.0000,10.0000,electricity-generation
14.44170,100.77560,1,0.000,2.000,0.5027,1493000.0000,1600.0000,electricity-generation
13.81290,100.50920,1,0.000,2.000,0.5027,1846300.0000,1554.0000,electricity-generation
13.75810,101.33370,1,0.000,2.000,0.5027,0.0000,47.0000,electricity-generation
6.81650,101.22190,1,0.000,2.000,0.5027,0.0000,23.0000,electricity-generation
16.27650,104.01240,1,0.000,2.000,0.5027,0.0000,10.0000,electricity-generation
16.03280,101.80450,1,0.000,2.000,0.5027,0.0000,56.9000,electricity-generation
14.57005,100.76442,2,7.149,9.149,160.5781,1374140.6522,260749.7260,electricity-generation
11.83350,99.73730,1,0.000,2.000,0.5027,0.0000,24.0000,electricity-generation
13.60410,99.88578,2,6.695,8.695,140.8245,7106380.0000,5255.0000,electricity-generation
17.37230,103.25970,1,0.000,2.000,0.5027,0.0000,24.0000,electricity-generation
15.86220,103.79510,1,0.000,2.000,0.5027,0.0000,10.0000,electricity-generation
14.33224,100.68383,2,4.916,6.916,75.9254,1877660.0000,1884.0000,electricity-generation
18.54010,99.02640,1,0.000,2.000,0.5027,0.0000,10.0000,electricity-generation
17.96110,102.45800,1,0.000,2.000,0.5027,0.0000,10.0000,electricity-generation
15.16570,105.34810,1,0.000,2.000,0.5027,0.0000,10.0000,electricity-generation
13.63732,100.57009,3,5.894,7.894,109.1398,5004567.4314,173848.8041,electricity-generation
14.60990,103.10580,1,0.000,2.000,0.5027,0.0000,10.0000,electricity-generation
14.61380,102.90340,1,0.000,2.000,0.5027,0.0000,10.0000,electricity-generation
14.51440,99.91400,1,0.000,2.000,0.5027,0.0000,10.0000,electricity-generation
8.96030,99.22290,1,0.000,2.000,0.5027,0.0000,10.0000,electricity-generation
14.57860,103.34540,1,0.000,2.000,0.5027,0.0000,10.0000,electricity-generation
14.62530,103.27440,1,0.000,2.000,0.5027,0.0000,10.0000,electricity-generation
16.13400,100.50490,1,0.000,2.000,0.5027,0.0000,26.0000,electricity-generation
9.14292,99.34058,4,1.474,3.474,6.8239,0.0000,40.0000,electricity-generation
13.53350,100.24290,1,0.000,2.000,0.5027,0.0000,10.0000,electricity-generation
15.23620,104.84910,1,0.000,2.000,0.5027,0.0000,10.0000,electricity-generation
14.63470,100.36660,1,0.000,2.000,0.5027,0.0000,19.0000,electricity-generation
14.55770,99.10330,1,0.000,2.000,0.5027,0.0000,22.5000,electricity-generation
17.77840,99.25090,1,0.000,2.000,0.5027,0.0000,10.0000,electricity-generation
14.90460,101.69910,1,0.000,2.000,0.5027,0.0000,10.0000,electricity-generation
14.32570,99.85220,1,0.000,2.000,0.5027,0.0000,26.0000,electricity-generation
14.23240,100.78050,1,0.000,2.000,0.5027,2901900.0000,2811.4000,electricity-generation
14.79210,102.59410,1,0.000,2.000,0.5027,0.0000,10.0000,electricity-generation
6.54030,101.21930,1,0.000,2.000,0.5027,0.0000,23.0000,electricity-generation
38.60434,68.77237,2,5.340,7.340,89.5690,1142240.0000,630.0000,electricity-generation
38.32286,68.98406,2,5.429,7.429,92.6035,573769.2506,102037.8082,electricity-generation
38.05933,58.16480,2,0.063,2.063,0.5027,1186810.0000,611.0000,electricity-generation
37.94200,58.56240,1,0.000,2.000,0.5027,1729500.0000,626.1000,electricity-generation
37.82870,58.38390,1,0.000,2.000,0.5027,758830.0000,254.0000,electricity-generation
40.01712,52.92301,4,6.619,8.619,137.6376,3527605.2421,116940.0000,electricity-generation
39.51050,54.32730,1,0.000,2.000,0.5027,1138470.0000,380.0000,electricity-generation
41.85850,59.91240,1,0.000,2.000,0.5027,757170.0000,254.0000,electricity-generation
38.15040,58.39370,1,0.000,2.000,0.5027,1449200.0000,504.0000,electricity-generation
38.97500,63.46830,1,0.000,2.000,0.5027,1564800.0000,582.0000,electricity-generation
37.50030,61.84124,2,6.993,8.993,153.6398,7971327.0250,4840.9452,electricity-generation
39.42556,62.85047,2,0.853,2.853,2.2854,927683.9094,120160.0000,electricity-generation
37.93030,65.64060,1,0.000,2.000,0.5027,726730.0000,254.0000,electricity-generation
-9.15360,125.73550,1,0.000,2.000,0.5027,177360.0000,136.0500,electricity-generation
-8.53980,125.68960,1,0.000,2.000,0.5027,155130.0000,119.0000,electricity-generation
11.14256,-60.79219,2,7.561,9.561,179.5818,300597.5500,96.9800,electricity-generation
10.14720,-61.47380,1,0.000,2.000,0.5027,483600.0000,236.0400,electricity-generation
10.40807,-61.47866,5,10.829,12.829,368.4257,4961683.2172,406010.0068,electricity-generation
10.65650,-61.51820,1,0.000,2.000,0.5027,0.0000,0.0000,electricity-generation
10.21710,-61.62550,1,0.000,2.000,0.5027,1056720.0000,720.0000,electricity-generation
36.47619,10.04492,2,3.069,5.069,29.5887,1930405.9648,153372.7123,electricity-generation
33.92164,10.06162,2,2.959,4.959,27.5153,1934280.0000,957.0000,electricity-generation
34.91767,8.53681,2,2.330,4.330,17.0525,951107.3838,55445.4795,electricity-generation
36.79532,10.27160,5,7.048,9.048,156.0538,3671925.0072,86737.5068,electricity-generation
35.20310,8.77090,1,0.000,2.000,0.5027,180540.0000,68.0000,electricity-generation
36.58090,10.82880,1,0.000,2.000,0.5027,12937.8000,56.0000,electricity-generation
37.14121,9.81134,2,1.229,3.229,4.7448,31169.0728,17030.3014,electricity-generation
36.67730,9.92110,1,0.000,2.000,0.5027,1318750.0000,624.0000,electricity-generation
31.00120,10.06490,1,0.000,2.000,0.5027,39311.0000,15.8000,electricity-generation
34.80730,10.70310,1,0.000,2.000,0.5027,10165.3000,44.0000,electricity-generation
35.78640,10.67720,1,0.000,2.000,0.5027,1660200.0000,1525.0000,electricity-generation
34.68680,10.64240,1,0.000,2.000,0.5027,899930.0000,366.0000,electricity-generation
33.47000,11.01160,1,0.000,2.000,0.5027,82896.0000,34.0000,electricity-generation
37.50660,32.67890,1,0.000,2.000,0.5027,0.0000,11.0000,electricity-generation
37.05140,35.39590,1,0.000,2.000,0.5027,0.0000,15.6000,electricity-generation
36.98820,35.20410,1,0.000,2.000,0.5027,158630.0000,120.0000,electricity-generation
38.34847,37.01705,2,3.224,5.224,32.6455,5752710.0000,2462.9500,electricity-generation
39.06680,31.18460,1,0.000,2.000,0.5027,0.0000,12.0000,electricity-generation
39.86380,26.24460,3,7.434,9.434,173.6182,1416834.3508,467138.4877,electricity-generation
40.69110,29.40560,1,0.000,2.000,0.5027,760470.0000,145.0000,electricity-generation
37.12410,30.60150,2,6.180,8.180,119.9697,2362200.0000,900.0000,electricity-generation
38.36720,34.01180,1,0.000,2.000,0.5027,0.0000,16.0000,electricity-generation
39.55950,27.96950,1,0.000,2.000,0.5027,278720.0000,40.0000,electricity-generation
38.81490,27.03650,1,0.000,2.000,0.5027,0.0000,0.0000,electricity-generation
38.77334,26.93942,15,5.060,7.060,80.4441,13963658.9302,1595675.5904,electricity-generation
40.97973,28.69812,2,0.709,2.709,1.5783,2218277.0000,2170.6300,electricity-generation
39.99130,32.29360,1,0.000,2.000,0.5027,0.0000,15.6000,electricity-generation
37.09900,30.75620,1,0.000,2.000,0.5027,0.0000,28.3000,electricity-generation
40.75662,31.78435,2,7.704,9.704,186.4526,1625230.5467,339756.0274,electricity-generation
36.71668,36.20936,7,7.206,9.206,163.1200,18760807.6711,1317638.3562,iron-and-steel
41.14619,29.37815,2,0.063,2.063,0.5027,0.0000,61.0000,electricity-generation
39.60947,27.87956,3,3.801,5.801,45.3912,1047445.7266,196668.6977,electricity-generation
40.32890,27.99040,2,2.696,4.696,22.8388,341630.0000,58.7000,electricity-generation
40.30840,27.76860,1,0.000,2.000,0.5027,2885400.0000,1453.2000,electricity-generation
39.77730,32.40220,1,0.000,2.000,0.5027,1321100.0000,795.0000,electricity-generation
37.46360,35.77460,1,0.000,2.000,0.5027,0.0000,14.0000,electricity-generation
37.93965,32.53571,2,6.638,8.638,138.4309,1530846.8208,254807.5205,electricity-generation
40.00410,29.92220,1,0.000,2.000,0.5027,74439.0000,52.0000,electricity-generation
41.14540,37.15640,1,0.000,2.000,0.5027,1354200.0000,890.0000,electricity-generation
39.92657,32.75273,3,6.675,8.675,139.9767,814480.1733,152962.3423,electricity-generation
39.05910,34.43450,1,0.000,2.000,0.5027,0.0000,20.0000,electricity-generation
40.25230,30.81160,1,0.000,2.000,0.5027,1999860.0000,270.0000,electricity-generation
37.86290,34.45780,1,0.000,2.000,0.5027,0.0000,10.0000,electricity-generation
40.23937,28.95184,3,0.439,2.439,0.6060,734683.4000,580.0000,electricity-generation
40.29520,29.07360,1,0.000,2.000,0.5027,2208270.0000,1400.0000,electricity-generation
40.02842,26.96460,2,1.365,3.365,5.8544,3965770.0000,650.0000,electricity-generation
41.50866,31.89552,2,1.047,3.047,3.4460,20734400.0000,3104.0000,electricity-generation
40.09700,31.69500,1,0.000,2.000,0.5027,3551800.0000,620.0000,electricity-generation
38.52280,30.90600,1,0.000,2.000,0.5027,0.0000,0.0000,electricity-generation
38.90710,27.83880,1,0.000,2.000,0.5027,164550.0000,89.0000,electricity-generation
40.41670,27.31830,1,0.000,2.000,0.5027,7689700.0000,1320.0000,electricity-generation
41.23819,36.46313,5,8.969,10.969,252.7190,1632793.6730,111309.5589,electricity-generation
41.29270,27.95630,1,0.000,2.000,0.5027,95204.0000,60.4000,electricity-generation
38.53116,27.07335,2,6.889,8.889,149.0948,0.0000,32.5000,electricity-generation
37.63700,27.97480,1,0.000,2.000,0.5027,98495.0000,64.0000,electricity-generation
37.61440,28.06490,1,0.000,2.000,0.5027,0.0000,13.6000,electricity-generation
37.55730,32.84800,1,0.000,2.000,0.5027,229480.0000,36.2500,electricity-generation
40.78522,29.57207,10,5.601,7.601,98.5446,6070840.9924,1036879.0685,electricity-generation
41.23142,27.70500,3,1.332,3.332,5.5728,359483.0000,171.4400,electricity-generation
41.28175,27.58003,2,1.904,3.904,11.3877,326425.0000,202.2000,electricity-generation
37.80900,29.25770,1,0.000,2.000,0.5027,113975.0000,74.2000,electricity-generation
37.85387,29.40287,3,2.829,4.829,25.1414,2227181.3488,177472.5342,electricity-generation
37.91360,28.90480,1,0.000,2.000,0.5027,279510.0000,205.5000,electricity-generation
38.74930,30.55720,1,0.000,2.000,0.5027,0.0000,27.0000,electricity-generation
36.82616,35.86773,2,1.605,3.605,8.0944,17352000.0000,2530.0000,electricity-generation
36.93006,36.03709,3,3.644,5.644,41.7118,1892885.3819,252297.2603,electricity-generation
41.06520,28.66820,1,0.000,2.000,0.5027,24587.0000,180.0000,electricity-generation
39.73570,30.65010,1,0.000,2.000,0.5027,117719.0000,60.0000,electricity-generation
39.70670,30.53830,1,0.000,2.000,0.5027,0.0000,11.3000,electricity-generation
41.41930,41.43930,1,0.000,2.000,0.5027,5859.2000,50.0000,electricity-generation
41.22280,28.82328,2,2.712,4.712,23.1039,0.0000,108.0000,electricity-generation
39.74810,26.35440,1,0.000,2.000,0.5027,0.0000,19.0000,electricity-generation
37.06865,37.42979,2,3.949,5.949,48.9914,345553.4729,79000.3014,electricity-generation
38.96520,29.36530,1,0.000,2.000,0.5027,148540.0000,55.5000,electricity-generation
41.48270,27.33660,1,0.000,2.000,0.5027,2113800.0000,1220.0000,electricity-generation
39.75078,33.45690,3,1.099,3.099,3.7926,3020928.7229,108864.0000,electricity-generation
40.44378,27.13087,2,0.597,2.597,1.1192,13005752.5885,426262.5342,electricity-generation
36.99520,35.31930,1,0.000,2.000,0.5027,0.0000,17.0000,electricity-generation
40.75372,29.99411,3,3.607,5.607,40.8700,496404.0000,297.6800,electricity-generation
40.75196,29.76955,2,1.089,3.089,3.7283,3103493.8385,226180.0000,electricity-generation
37.55460,36.95370,1,0.000,2.000,0.5027,0.0000,10.5000,electricity-generation
36.84584,34.75025,5,6.191,8.191,120.4028,1673636.7345,255148.3205,electricity-generation
41.02010,29.04601,3,7.306,9.306,167.7055,86037.0000,98.6100,electricity-generation
39.07750,37.29500,1,0.000,2.000,0.5027,1642930.0000,457.0000,electricity-generation
41.26147,31.42551,2,0.452,2.452,0.6431,5695120.4162,322993.6875,electricity-generation
37.30610,33.51530,1,0.000,2.000,0.5027,0.0000,40.0000,electricity-generation
41.18501,32.63080,2,0.280,2.280,0.5027,6152636.0741,297457.7055,electricity-generation
38.71070,35.33280,1,0.000,2.000,0.5027,3492.2000,30.0000,electricity-generation
40.10708,32.50387,2,0.333,2.333,0.5027,1866194.7778,263607.6712,electricity-generation
37.03540,27.90060,1,0.000,2.000,0.5027,5963000.0000,630.0000,electricity-generation
37.76998,27.43863,3,1.692,3.692,8.9902,1814863.4978,288834.1233,electricity-generation
41.77850,27.19670,1,0.000,2.000,0.5027,267630.0000,198.2500,electricity-generation
41.54580,27.24460,1,0.000,2.000,0.5027,0.0000,0.0000,electricity-generation
38.55520,28.53600,1,0.000,2.000,0.5027,0.0000,31.0000,electricity-generation
39.88460,32.93040,1,0.000,2.000,0.5027,0.0000,17.0000,electricity-generation
38.61690,27.34400,2,0.080,2.080,0.5027,333760.0000,152.9200,electricity-generation
38.64570,27.25560,1,0.000,2.000,0.5027,0.0000,18.0000,electricity-generation
40.40500,30.78810,1,0.000,2.000,0.5027,0.0000,35.0000,electricity-generation
40.20490,27.71960,1,0.000,2.000,0.5027,0.0000,30.0000,electricity-generation
36.96433,35.45223,3,10.805,12.805,366.7717,1905493.7242,441671.4356,electricity-generation
39.95020,28.87020,1,0.000,2.000,0.5027,1023982.0000,210.0000,electricity-generation
41.41350,32.09990,1,0.000,2.000,0.5027,0.0000,21.0000,electricity-generation
38.21320,27.24970,1,0.000,2.000,0.5027,103842.0000,39.9000,electricity-generation
39.62748,29.45978,2,1.929,3.929,11.6874,1612720.0000,351.0000,electricity-generation
38.58730,28.29690,1,0.000,2.000,0.5027,0.0000,10.0000,electricity-generation
37.09990,38.65950,1,0.000,2.000,0.5027,0.0000,0.0000,electricity-generation
39.57300,29.88160,1,0.000,2.000,0.5027,4446000.0000,600.0000,electricity-generation
41.21910,28.15610,1,0.000,2.000,0.5027,0.0000,37.0000,electricity-generation
37.24150,42.41490,1,0.000,2.000,0.5027,20467.0000,182.0000,electricity-generation
39.95020,32.47450,1,0.000,2.000,0.5027,79905.0000,50.3000,electricity-generation
39.96440,32.58830,1,0.000,2.000,0.5027,0.0000,11.0000,electricity-generation
37.31000,42.59470,1,0.000,2.000,0.5027,2216700.0000,405.0000,electricity-generation
39.31660,27.74890,1,0.000,2.000,0.5027,4248200.0000,510.0000,electricity-generation
39.19450,27.63520,1,0.000,2.000,0.5027,2061410.0000,990.0000,electricity-generation
37.28390,40.66260,1,0.000,2.000,0.5027,244800.0000,136.0000,electricity-generation
41.00309,27.97553,3,1.884,3.884,11.1541,1316954.7248,119879.1096,electricity-generation
41.00060,27.50540,1,0.000,2.000,0.5027,128580.0000,47.5400,electricity-generation
37.77720,38.21290,1,0.000,2.000,0.5027,87271.0000,31.0000,electricity-generation
38.18560,36.26990,1,0.000,2.000,0.5027,4402500.0000,450.0000,electricity-generation
38.57370,43.31190,1,0.000,2.000,0.5027,0.0000,0.0000,electricity-generation
39.88460,33.40840,1,0.000,2.000,0.5027,1477620.0000,940.0000,electricity-generation
37.33090,28.10240,1,0.000,2.000,0.5027,3227900.0000,630.0000,electricity-generation
37.14020,27.87150,1,0.000,2.000,0.5027,2969249.0000,420.0000,electricity-generation
39.98430,31.63560,1,0.000,2.000,0.5027,716600.0000,145.0000,electricity-generation
41.67710,27.32710,1,0.000,2.000,0.5027,0.0000,12.0000,electricity-generation
25.03233,121.34815,6,10.928,12.928,375.1936,4929933.8748,200876.8000,electricity-generation
25.11703,121.29057,3,6.900,8.900,149.5534,16319920.0000,3606.0000,electricity-generation
25.04613,121.41338,2,10.844,12.844,369.4018,105814.0000,56.2000,electricity-generation
25.10830,121.50030,1,0.000,2.000,0.5027,0.0000,48.0000,electricity-generation
24.12770,120.42626,2,0.593,2.593,1.1044,2500130.0000,1070.0000,electricity-generation
24.09290,120.56080,2,7.702,9.702,186.3519,327690.0000,139.2300,electricity-generation
23.53370,120.47360,1,0.000,2.000,0.5027,2893600.0000,1297.0000,electricity-generation
23.51910,120.37560,2,1.162,3.162,4.2409,2381500.0000,361.0000,electricity-generation
23.56380,119.65940,1,0.000,2.000,0.5027,364910.0000,117.0000,electricity-generation
22.53880,120.34874,10,7.186,9.186,162.2272,28616476.2223,1515762.9037,electricity-generation
22.60211,120.29989,3,11.635,13.635,425.2716,3825852.0000,1258.2000,electricity-generation
22.66220,120.41850,2,6.566,8.566,135.4618,362970.0000,83.0000,electricity-generation
25.02620,121.04710,1,0.000,2.000,0.5027,15088000.0000,6400.0000,electricity-generation
24.21836,120.48321,4,6.099,8.099,116.8731,35952400.3835,573527.3973,electricity-generation
23.08220,120.35720,1,0.000,2.000,0.5027,2709800.0000,1120.0000,electricity-generation
22.85413,120.19971,4,10.630,12.630,354.9938,10426309.0992,88999.5068,electricity-generation
23.80020,120.19690,6,3.831,5.831,46.0972,25365865.8250,787415.3333,electricity-generation
24.30718,121.76161,2,0.910,2.910,2.6021,9559216.8776,485429.5890,electricity-generation
24.29004,120.72506,3,2.748,4.748,23.7197,776538.7807,152991.9323,electricity-generation
25.15650,121.73800,1,0.000,2.000,0.5027,428680.0000,1150.0000,electricity-generation
24.83480,120.91690,1,0.000,2.000,0.5027,0.0000,24.0000,electricity-generation
24.81420,121.19780,1,0.000,2.000,0.5027,1701300.0000,733.0000,electricity-generation
24.95810,121.49760,1,0.000,2.000,0.5027,96416.0000,14.6700,electricity-generation
24.76170,121.02290,1,0.000,2.000,0.5027,638220.0000,170.0000,electricity-generation
24.67310,120.83580,1,0.000,2.000,0.5027,0.0000,11.8000,electricity-generation
22.49980,120.49780,1,0.000,2.000,0.5027,0.0000,22.5000,electricity-generation
23.21090,120.31970,1,0.000,2.000,0.5027,346880.0000,48.0000,electricity-generation
25.20250,121.66290,1,0.000,2.000,0.5027,46205.0000,100.0000,electricity-generation
24.62970,121.81710,2,3.839,5.839,46.2898,1130370.0000,217.8100,electricity-generation
23.44860,120.27960,1,0.000,2.000,0.5027,0.0000,28.0000,electricity-generation
21.95890,120.75010,1,0.000,2.000,0.5027,47573.0000,102.9600,electricity-generation
26.15610,119.93460,1,0.000,2.000,0.5027,65182.0000,15.4000,electricity-generation
24.59260,120.81630,1,0.000,2.000,0.5027,388850.0000,173.0000,electricity-generation
25.00550,121.58770,1,0.000,2.000,0.5027,0.0000,13.5000,electricity-generation
23.04520,120.07460,1,0.000,2.000,0.5027,0.0000,14.3000,electricity-generation
25.07486,121.16220,2,2.268,4.268,16.1633,437846.6925,84969.9068,electricity-generation
24.49000,120.67350,1,0.000,2.000,0.5027,9560000.0000,3685.6500,electricity-generation
23.04030,120.28270,1,0.000,2.000,0.5027,0.0000,22.5000,electricity-generation
-3.38340,36.68340,1,0.000,2.000,0.5027,3748.2000,50.0000,electricity-generation
-6.15890,35.74880,1,0.000,2.000,0.5027,4268.1000,55.0000,electricity-generation
-6.85800,39.15070,1,0.000,2.000,0.5027,1359300.0000,418.0000,electricity-generation
-6.17150,37.63760,1,0.000,2.000,0.5027,0.0000,13.0000,electricity-generation
-10.25842,40.04228,2,0.568,2.568,1.0139,1108398.4636,254881.5205,electricity-generation
-8.72830,35.29110,1,0.000,2.000,0.5027,0.0000,10.5000,electricity-generation
-2.52400,32.96620,1,0.000,2.000,0.5027,5369.2000,69.1900,electricity-generation
-6.79403,39.20649,3,0.255,2.255,0.5027,2097420.0000,429.0000,electricity-generation
-6.66777,39.17470,3,1.564,3.564,7.6849,566627.0035,59597.0548,electricity-generation
-3.53260,37.32710,1,0.000,2.000,0.5027,0.0000,17.5000,electricity-generation
0.50890,33.29000,1,0.000,2.000,0.5027,1144.6700,58.0000,electricity-generation
0.94600,33.48680,1,0.000,2.000,0.5027,0.0000,12.0000,electricity-generation
0.37005,32.68630,2,1.590,3.590,7.9431,45782.0000,100.0000,electricity-generation
0.29360,32.53390,1,0.000,2.000,0.5027,22115.0000,50.0000,electricity-generation
0.65902,34.15438,2,4.835,6.835,73.4559,530052.5439,152946.7123,electricity-generation
44.55320,33.60280,1,0.000,2.000,0.5027,334760.0000,496.0000,electricity-generation
49.39822,32.09186,2,2.373,4.373,17.6963,1130063.7444,81993.5616,electricity-generation
51.45500,31.26020,1,0.000,2.000,0.5027,274210.0000,220.0000,electricity-generation
50.41061,30.59261,2,5.458,7.458,93.5722,1278690.0000,860.0000,electricity-generation
50.21430,24.37470,1,0.000,2.000,0.5027,357000.0000,100.0000,electricity-generation
49.16242,33.46024,2,1.319,3.319,5.4675,1049293.0065,368255.0000,electricity-generation
47.54320,33.65950,1,0.000,2.000,0.5027,0.0000,0.0000,electricity-generation
47.99450,37.23710,1,0.000,2.000,0.5027,0.0000,0.0000,electricity-generation
50.53170,30.66230,1,0.000,2.000,0.5027,665270.0000,500.0000,electricity-generation
48.74930,39.26190,1,0.000,2.000,0.5027,0.0000,0.0000,electricity-generation
48.47980,38.28480,1,0.000,2.000,0.5027,0.0000,0.0000,electricity-generation
48.40530,35.11170,1,0.000,2.000,0.5027,0.0000,0.0000,electricity-generation
45.13660,33.55350,1,0.000,2.000,0.5027,99168.0000,120.0000,electricity-generation
48.93740,38.45320,1,0.000,2.000,0.5027,519950.0000,220.0000,electricity-generation
51.88570,33.45540,1,0.000,2.000,0.5027,170628.0000,189.0000,electricity-generation
47.80080,38.00540,1,0.000,2.000,0.5027,7056700.0000,2010.0000,electricity-generation
44.94270,34.22380,1,0.000,2.000,0.5027,332070.0000,490.2000,electricity-generation
50.13340,30.74670,1,0.000,2.000,0.5027,747830.0000,600.0000,electricity-generation
48.03480,38.28520,1,0.000,2.000,0.5027,4300600.0000,1290.0000,electricity-generation
-30.33010,-57.62190,1,0.000,2.000,0.5027,0.0000,10.0000,electricity-generation
-30.93760,-55.55850,1,0.000,2.000,0.5027,0.0000,12.0000,electricity-generation
-31.65791,-55.91167,2,4.968,6.968,77.5328,0.0000,35.0000,electricity-generation
-33.25050,-54.40210,1,0.000,2.000,0.5027,0.0000,14.0000,electricity-generation
-34.85951,-56.22833,3,4.036,6.036,51.1735,700140.7032,50270.0000,electricity-generation
-34.22630,-58.05500,1,0.000,2.000,0.5027,0.0000,180.0000,electricity-generation
-34.75100,-56.54170,1,0.000,2.000,0.5027,81507.0000,840.0000,electricity-generation
-32.86290,-56.53670,1,0.000,2.000,0.5027,0.0000,310.0000,electricity-generation
-33.11680,-58.25960,1,0.000,2.000,0.5027,0.0000,160.0000,electricity-generation
42.81293,-86.01196,8,8.769,10.769,241.5523,2988148.8000,1395.6000,electricity-generation
40.67793,-74.09748,8,10.302,12.302,333.4289,1843179.6000,2128.0000,electricity-generation
40.73828,-74.15043,4,3.134,5.134,30.8513,89658.0000,80.3000,electricity-generation
40.82800,-74.02973,4,11.547,13.547,418.8461,2088907.0000,2022.9000,electricity-generation
40.76862,-73.92682,15,8.758,10.758,240.9418,10408173.2789,21485.4260,electricity-generation
37.90530,-87.71500,1,0.000,2.000,0.5027,665175.0000,647.4000,electricity-generation
45.42990,-98.49400,1,0.000,2.000,0.5027,62711.0000,111.0000,electricity-generation
30.42860,-92.41310,1,0.000,2.000,0.5027,2380020.0000,1389.2000,electricity-generation
42.96270,-85.49410,1,0.000,2.000,0.5027,80449.0000,33.1000,electricity-generation
33.76647,-118.09818,2,0.345,2.345,0.5027,1709860.0000,3532.1000,electricity-generation
40.66749,-80.33783,10,10.968,12.968,377.9569,2386463.3420,10414147.3364,other-metals
21.32969,-158.11128,10,3.594,5.594,40.5741,4768617.7725,94642.4000,electricity-generation
33.64474,-117.97832,2,2.110,4.110,13.9808,932433.0000,932.2000,electricity-generation
38.52810,-87.25250,2,1.487,3.487,6.9483,5572000.0000,1349.9000,electricity-generation
33.83674,-118.30832,9,8.346,10.346,218.8465,4615337.7843,161023.5000,electricity-generation
33.91321,-118.41471,5,1.954,3.954,11.9895,5004383.0470,286447.4000,electricity-generation
33.90701,-118.40583,2,0.286,2.286,0.5027,1077195.0000,181.1000,electricity-generation
33.87066,-118.27267,2,2.253,4.253,15.9420,19322.8599,56.8000,electricity-generation
33.80747,-118.23779,18,5.371,7.371,90.6392,10745614.3718,595871.2000,electricity-generation
39.59520,-78.74530,1,0.000,2.000,0.5027,0.0000,0.0000,electricity-generation
32.11420,-106.84650,1,0.000,2.000,0.5027,208025.3000,287.0000,electricity-generation
37.38022,-121.95577,5,5.899,7.899,109.3205,461613.9998,251.6000,electricity-generation
37.45530,-121.96298,5,9.882,11.882,306.7783,241729.3996,323.1000,electricity-generation
30.20120,-93.12690,1,0.000,2.000,0.5027,116195.0000,12.1000,electricity-generation
33.55610,-112.21530,1,0.000,2.000,0.5027,456960.0000,712.3000,electricity-generation
34.05920,-117.35412,4,2.059,4.059,13.3188,51727.1000,150.1000,electricity-generation
38.22392,-104.56972,5,11.417,13.417,409.5163,5105983.1177,95137.4575,electricity-generation
29.89060,-93.94796,15,9.654,11.654,292.8198,21480914.0135,1480075.9365,other-chemicals
30.01878,-93.87725,8,10.676,12.676,358.0633,3656170.6993,21674.1087,electricity-generation
30.05747,-93.75519,7,11.079,13.079,385.6061,2349703.1600,65375.9822,electricity-generation
29.37457,-94.92405,8,2.810,4.810,24.8006,12961788.7191,856616.0000,other-chemicals
29.39713,-94.94782,7,11.172,13.172,392.1397,1426555.0000,1705.8000,electricity-generation
46.79270,-88.61400,1,0.000,2.000,0.5027,140320.0000,56.4000,electricity-generation
31.58250,-87.48890,1,0.000,2.000,0.5027,0.0000,117.0000,electricity-generation
37.78305,-122.26403,3,3.628,5.628,41.3599,104454.2000,10549853.2695,electricity-generation
37.45940,-105.89470,1,0.000,2.000,0.5027,40414.0000,53.2000,electricity-generation
31.57219,-84.06467,2,4.687,6.687,69.0254,38875.9998,55.5000,electricity-generation
46.15414,-123.40658,2,0.476,2.476,0.7106,0.0000,30.0000,electricity-generation
43.07330,-94.23920,1,0.000,2.000,0.5027,13993.0000,16.1000,electricity-generation
36.68420,-119.55220,1,0.000,2.000,0.5027,91843.0000,61.5000,electricity-generation
41.92194,-72.63880,2,3.783,5.783,44.9686,136079.9998,72.0000,electricity-generation
42.50270,-78.06860,1,0.000,2.000,0.5027,34734.0000,67.0000,electricity-generation
40.54546,-79.76857,3,2.025,4.025,12.8804,824817.0000,643.6000,electricity-generation
35.07486,-90.11314,6,5.407,7.407,91.8589,3806136.7860,257664.6726,electricity-generation
33.02037,-81.31306,2,3.654,5.654,41.9366,1887.0000,23.5000,electricity-generation
45.03000,-92.77860,1,0.000,2.000,0.5027,969235.0000,598.4000,electricity-generation
29.68406,-89.97576,2,0.112,2.112,0.5027,0.0000,0.0000,electricity-generation
44.18813,-88.50063,2,3.585,5.585,40.3688,378849.0000,372.0000,electricity-generation
44.30360,-91.91270,2,0.538,2.538,0.9090,1367510.0000,387.0000,electricity-generation
37.63543,-120.99585,4,6.853,8.853,147.5588,713329.0000,46725446.3990,electricity-generation
41.63491,-76.82460,2,3.510,5.510,38.7005,78910.0000,43.0000,electricity-generation
45.07008,-83.40804,3,1.449,3.449,6.6002,991701.7969,203883.8164,electricity-generation
41.44976,-72.83210,4,6.948,8.948,151.6734,417827.0000,435.0000,electricity-generation
45.06370,-84.82540,1,0.000,2.000,0.5027,457510.0000,453.8000,electricity-generation
33.11890,-82.86080,1,0.000,2.000,0.5027,1552500.0000,692.0000,electricity-generation
39.56980,-90.43600,1,0.000,2.000,0.5027,387960.0000,173.0000,electricity-generation
37.73202,-121.11943,2,0.525,2.525,0.8644,19212.6000,170.5000,electricity-generation
37.11850,-79.27365,2,1.628,3.628,8.3295,0.0000,71.1000,electricity-generation
42.53207,-114.43157,2,0.130,2.130,0.5027,307699.8000,19451.6516,electricity-generation
33.21069,-86.22849,3,7.060,9.060,156.5802,265211.9789,15343.8260,electricity-generation
37.30970,-78.05890,1,0.000,2.000,0.5027,23510.0000,14.4000,electricity-generation
37.50420,-122.40600,1,0.000,2.000,0.5027,56826.0000,11.4000,electricity-generation
47.43619,-97.06262,2,0.160,2.160,0.5027,445164.0000,24556.7507,electricity-generation
40.67990,-78.23350,1,0.000,2.000,0.5027,0.0000,0.0000,electricity-generation
42.02642,-93.60846,3,2.558,4.558,20.5590,394792.0000,227.3000,electricity-generation
35.08400,-98.22820,1,0.000,2.000,0.5027,676690.0000,680.3000,electricity-generation
33.85810,-117.86170,3,2.927,4.927,26.9091,12249.9000,150.0000,electricity-generation
28.18440,-82.78860,1,0.000,2.000,0.5027,1663140.0000,1112.4000,electricity-generation
40.05290,-85.73890,1,0.000,2.000,0.5027,394030.0000,168.7000,electricity-generation
44.50630,-70.24090,2,0.111,2.111,0.5027,0.0000,0.0000,electricity-generation
43.60350,-96.63560,1,0.000,2.000,0.5027,169896.0000,405.7000,electricity-generation
38.63596,-90.19034,4,4.753,6.753,70.9802,134330.0000,643.2000,electricity-generation
38.69492,-90.13367,3,10.269,12.269,331.2581,1673126.1979,114659.5342,other-metals
36.71660,-108.21530,2,2.282,4.282,16.3551,200280.0000,85.8000,electricity-generation
42.09791,-71.47889,7,5.393,7.393,91.3576,2554996.1000,2646528.2739,electricity-generation
34.97815,-79.89310,2,2.810,4.810,24.7976,121711.0000,413.8000,electricity-generation
33.86472,-101.83999,2,0.307,2.307,0.5027,831970.0000,766.8000,electricity-generation
47.36237,-101.83530,3,5.980,7.980,112.3518,8509970.0342,88184.4329,chemicals
37.15170,-98.03110,1,0.000,2.000,0.5027,6318.5000,11.1000,electricity-generation
32.06170,-109.89460,1,0.000,2.000,0.5027,1350390.0000,529.0000,electricity-generation
36.39838,-114.92718,8,6.439,8.439,130.2382,6137592.5577,34526.7520,electricity-generation
35.58830,-81.26670,1,0.000,2.000,0.5027,0.0000,0.0000,electricity-generation
39.66920,-105.00180,2,7.683,9.683,185.4514,157603.0000,194.0000,electricity-generation
41.63299,-87.13340,6,3.370,5.370,35.6783,8215374.0932,490377.9260,electricity-generation
41.47216,-75.54400,2,1.456,3.456,6.6554,3390890.0000,1591.9000,electricity-generation
41.92956,-91.67105,3,4.401,6.401,60.8356,1589650.0000,508.0000,electricity-generation
41.81535,-90.24556,3,4.142,6.142,53.9052,1347460.2841,44289.5890,electricity-generation
41.41640,-97.28630,1,0.000,2.000,0.5027,309650.0000,71.4000,electricity-generation
39.86733,-88.89625,2,3.650,5.650,41.8576,1568950.0000,399.8000,electricity-generation
40.67690,-89.59816,2,0.791,2.791,1.9670,126327.9997,37.0000,electricity-generation
35.76500,-117.38330,1,0.000,2.000,0.5027,293170.0000,55.0000,electricity-generation
33.39603,-111.92157,3,4.673,6.673,68.5901,1207341.0000,1289.0000,electricity-generation
33.34104,-112.86250,3,2.527,4.527,20.0692,6395910.0000,3223.2000,electricity-generation
40.65708,-79.34267,2,2.255,4.255,15.9686,5500330.0000,2560.0000,electricity-generation
32.00501,-93.38869,2,0.258,2.258,0.5027,371134.0000,21.8000,electricity-generation
47.80860,-90.10410,1,0.000,2.000,0.5027,15645.0000,18.0000,electricity-generation
32.50571,-93.76909,4,4.936,6.936,76.5509,1526988.5750,13748230.1802,electricity-generation
40.49420,-74.32124,11,10.288,12.288,332.4998,4303110.3778,58329.4740,electricity-generation
40.62124,-74.21307,10,8.095,10.095,205.8455,7438983.2759,262211.9000,electricity-generation
44.69000,-106.10920,1,0.000,2.000,0.5027,7934.3000,15.0000,electricity-generation
30.45220,-84.40000,1,0.000,2.000,0.5027,993450.0000,673.1000,electricity-generation
37.36130,-94.58930,1,0.000,2.000,0.5027,0.0000,0.0000,electricity-generation
29.23212,-95.19549,3,3.000,5.000,28.2723,2632171.7207,156467.0726,electricity-generation
43.40110,-72.42030,1,0.000,2.000,0.5027,1735.9100,13.2000,electricity-generation
33.63980,-94.11330,1,0.000,2.000,0.5027,0.0000,156.5000,electricity-generation
35.47310,-82.54170,1,0.000,2.000,0.5027,1209310.0000,1011.5000,electricity-generation
41.89047,-80.75987,4,2.174,4.174,14.8447,526038.0000,28.1000,electricity-generation
31.33726,-94.73351,2,3.315,5.315,34.5145,8715.0000,1.0000,electricity-generation
44.58150,-96.56520,1,0.000,2.000,0.5027,601220.0000,349.0000,electricity-generation
29.95220,-95.24220,1,0.000,2.000,0.5027,0.0000,0.0000,electricity-generation
42.27280,-73.84920,1,0.000,2.000,0.5027,1308733.0000,1221.6000,electricity-generation
41.40900,-95.00000,1,0.000,2.000,0.5027,5951.4000,10.0000,electricity-generation
30.06413,-90.61529,7,8.796,10.796,243.0383,8591994.2199,703760.5329,other-chemicals
33.01470,-89.67530,1,0.000,2.000,0.5027,913048.0000,551.3000,electricity-generation
40.38830,-95.84640,1,0.000,2.000,0.5027,10690.4000,18.7000,electricity-generation
28.06322,-81.86078,5,6.377,8.377,127.7665,2699439.0000,1421.9000,electricity-generation
39.30920,-91.53690,1,0.000,2.000,0.5027,302748.0000,814.4000,electricity-generation
37.68610,-96.96500,1,0.000,2.000,0.5027,12643.3000,20.7000,electricity-generation
41.81510,-88.22650,1,0.000,2.000,0.5027,344156.0000,1086.2000,electricity-generation
43.70140,-92.96260,1,0.000,2.000,0.5027,0.0000,0.0000,electricity-generation
41.48346,-82.06112,2,2.402,4.402,18.1204,26115.9999,1.0000,electricity-generation
27.57940,-81.49280,1,0.000,2.000,0.5027,0.0000,0.0000,electricity-generation
39.72930,-80.85063,4,3.036,5.036,28.9527,1633830.0000,646.9000,electricity-generation
41.48632,-72.09053,7,11.642,13.642,425.7706,339457.0700,560.1000,electricity-generation
31.38690,-84.08000,1,0.000,2.000,0.5027,71810.5000,220.6000,electricity-generation
35.44875,-119.00093,14,8.246,10.246,213.6038,1111485.4758,15988.9000,electricity-generation
38.76490,-95.19200,1,0.000,2.000,0.5027,7602.3000,10.8000,electricity-generation
38.20500,-89.85440,1,0.000,2.000,0.5027,6671300.0000,1259.6000,electricity-generation
44.16850,-105.89150,1,0.000,2.000,0.5027,11894.7000,22.5000,electricity-generation
27.60640,-97.31170,1,0.000,2.000,0.5027,698091.0000,1082.2000,electricity-generation
33.80706,-117.98443,2,0.130,2.130,0.5027,9970.3000,190.8000,electricity-generation
71.29200,-156.77860,1,0.000,2.000,0.5027,34853.0000,17.3000,electricity-generation
31.00530,-88.01055,4,7.008,9.008,154.2943,5457738.6647,109509.8836,electricity-generation
28.99334,-95.38654,12,7.663,9.663,184.4628,6864767.5985,234746.6214,electricity-generation
45.92930,-112.51940,1,0.000,2.000,0.5027,134041.4000,54.9000,electricity-generation
30.14580,-97.55000,1,0.000,2.000,0.5027,959105.0000,618.7000,electricity-generation
42.98280,-78.15920,1,0.000,2.000,0.5027,98504.0000,66.2000,electricity-generation
34.33560,-89.92750,1,0.000,2.000,0.5027,2098040.0000,891.0000,electricity-generation
32.28310,-90.93060,1,0.000,2.000,0.5027,0.0000,0.0000,electricity-generation
27.75810,-82.63530,1,0.000,2.000,0.5027,82841.0000,226.8000,electricity-generation
30.26610,-85.52070,1,0.000,2.000,0.5027,0.0000,0.0000,electricity-generation
38.38474,-81.77628,4,0.548,2.548,0.9434,128422.0000,3.0000,other-chemicals
46.58720,-90.90170,1,0.000,2.000,0.5027,0.0000,67.2000,electricity-generation
29.71065,-95.19137,12,6.274,8.274,123.6682,7140055.5186,265918.8000,other-chemicals
29.64003,-95.07082,6,8.815,10.815,244.1389,918801.9995,250.2000,electricity-generation
29.71444,-95.09606,6,3.221,5.221,32.5894,2619651.6192,204655.8858,other-manufacturing
29.65848,-95.05890,12,5.585,7.585,98.0020,3130413.8998,28182.5205,other-chemicals
29.62400,-95.04622,6,2.552,4.552,20.4586,3885912.0000,323.4000,other-chemicals
29.66366,-95.03246,3,6.795,8.795,145.0728,837951.9984,178.4000,electricity-generation
29.60203,-95.01513,2,0.379,2.379,0.5027,1444307.7316,84019.2648,petrochemical-steam-cracking
29.69885,-94.90022,1,0.000,2.000,0.5027,50367.0000,1.0000,other-metals
29.72657,-95.18189,12,7.133,9.133,159.8322,10275506.4283,748517.6000,oil-and-gas-refining
29.76115,-95.21724,3,4.428,6.428,61.6017,118218.0000,16433684.3748,other-chemicals
29.81174,-95.10879,3,6.594,8.594,136.6147,2127897.4540,25644.6000,electricity-generation
29.83660,-95.11961,6,9.759,11.759,299.1799,3693686.7206,157846.2726,electricity-generation
29.74671,-94.99923,12,10.168,12.168,324.8319,10933913.5947,297107.2269,electricity-generation
29.76486,-95.08971,2,6.828,8.828,146.4710,322875.8170,45001.0000,oil-and-gas-refining
29.92220,-95.05440,1,0.000,2.000,0.5027,38315.0000,1.0000,other-chemicals
29.78243,-94.95493,3,6.039,8.039,114.5589,8470902.1831,782908.1886,electricity-generation
29.77753,-94.90290,6,10.786,12.786,365.5029,2014160.9992,951.9000,electricity-generation
30.28250,-92.59970,1,0.000,2.000,0.5027,117857.0000,416.0000,electricity-generation
40.64171,-73.79455,4,11.152,13.152,390.6839,401162.9000,267.0000,electricity-generation
43.20541,-86.27037,2,6.357,8.357,126.9624,32834.0000,1.0000,electricity-generation
37.69560,-78.28530,2,1.495,3.495,7.0230,1404431.0000,559.0000,electricity-generation
40.32839,-96.81100,3,3.272,5.272,33.6250,190626.0000,249.1000,other-chemicals
46.17638,-123.17274,2,0.451,2.451,0.6394,1856700.0000,1319.3000,electricity-generation
36.28240,-80.05870,1,0.000,2.000,0.5027,6268400.0000,2220.0000,electricity-generation
39.83280,-97.63200,1,0.000,2.000,0.5027,4390.7000,9.4000,electricity-generation
37.46934,-77.41071,3,4.916,6.916,75.9293,419016.0000,483.2000,electricity-generation
39.45780,-98.11220,1,0.000,2.000,0.5027,11061.5000,19.3000,electricity-generation
61.18610,-151.03560,1,0.000,2.000,0.5027,0.0000,0.0000,electricity-generation
44.10047,-103.27253,4,2.449,4.449,18.8378,830838.8874,110693.2273,electricity-generation
30.88890,-88.80540,1,0.000,2.000,0.5027,48282.0000,28.4000,electricity-generation
43.16249,-115.69895,2,3.416,5.416,36.6580,1139415.0000,397.8000,electricity-generation
45.32240,-95.62950,1,0.000,2.000,0.5027,0.0000,0.0000,electricity-generation
42.04760,-72.64780,2,6.839,8.839,146.9419,316598.0000,289.0000,electricity-generation
44.25070,-72.60330,1,0.000,2.000,0.5027,47025.0000,41.8000,electricity-generation
60.68193,-151.37652,4,1.416,3.416,6.2995,1011922.4432,68158.5000,electricity-generation
35.09676,-119.44447,5,5.570,7.570,97.4632,263306.9111,1815.1000,electricity-generation
35.30030,-119.60035,5,9.781,11.781,300.5530,843708.9500,1237.8000,electricity-generation
34.34296,-118.51556,2,4.952,6.952,77.0384,89612.1000,65.8000,electricity-generation
60.78970,-161.78780,1,0.000,2.000,0.5027,29921.0000,13.7000,electricity-generation
42.60510,-73.76510,7,8.721,10.721,238.9505,2913796.4998,12436181.2542,electricity-generation
40.61749,-75.31492,2,3.270,5.270,33.5851,2721943.9999,1154.0000,electricity-generation
40.62492,-73.62566,4,5.298,7.298,88.1929,1329818.1000,903.2000,electricity-generation
40.74583,-73.51165,3,6.881,8.881,148.7699,460834.0000,318.2000,electricity-generation
27.85792,-82.41097,5,7.100,9.100,158.3552,5770261.5000,4165.1000,electricity-generation
27.95463,-82.39726,4,5.575,7.575,97.6354,304566.9000,71.1000,electricity-generation
31.82060,-96.05440,1,0.000,2.000,0.5027,0.0000,0.0000,electricity-generation
30.72416,-91.36870,4,11.471,13.471,413.4064,3363761.0000,1633.3000,electricity-generation
38.17803,-82.61306,2,1.691,3.691,8.9824,1451297.0000,1430.5000,electricity-generation
38.37331,-82.58852,6,4.797,6.797,72.2806,4046148.7280,300875.4000,electricity-generation
45.30370,-96.51010,1,0.000,2.000,0.5027,1969360.0000,450.0000,electricity-generation
45.79560,-87.95560,1,0.000,2.000,0.5027,0.0000,56.0000,electricity-generation
42.10720,-75.92780,1,0.000,2.000,0.5027,0.0000,0.0000,electricity-generation
42.43610,-122.85000,1,0.000,2.000,0.5027,0.0000,30.0000,electricity-generation
21.96530,-159.46060,1,0.000,2.000,0.5027,55260.0000,10.3000,electricity-generation
38.27470,-77.30810,2,1.060,3.060,3.5288,47192.0000,13.2000,electricity-generation
40.26850,-75.79970,1,0.000,2.000,0.5027,1219480.0000,525.0000,electricity-generation
44.81117,-93.25048,2,4.794,6.794,72.1957,448891.0000,563.8000,electricity-generation
35.69426,-101.36601,7,7.077,9.077,157.3322,3015937.6149,149296.9000,electricity-generation
35.05358,-114.13391,2,3.027,5.027,28.7833,1550369.1000,776.0000,electricity-generation
39.29080,-74.63640,1,0.000,2.000,0.5027,0.0000,0.0000,electricity-generation
37.03118,-113.56917,2,5.246,7.246,86.4678,25266.5000,25.1000,electricity-generation
41.68736,-77.07057,2,2.324,4.324,16.9627,32547.0000,25.0000,electricity-generation
43.05574,-89.42133,6,10.893,12.893,372.7537,410747.0000,438.7000,electricity-generation
43.63750,-94.10170,1,0.000,2.000,0.5027,2476.3000,11.0000,electricity-generation
38.39020,-85.41330,1,0.000,2.000,0.5027,143456.0000,581.4000,electricity-generation
44.78939,-93.46195,5,9.438,11.438,279.8381,504105.6000,21962048.8989,electricity-generation
39.74400,-104.68040,1,0.000,2.000,0.5027,262022.0000,397.8000,electricity-generation
39.16478,-94.68843,8,11.972,13.972,450.2584,1691205.2999,24621969.3068,electricity-generation
39.13182,-94.46946,4,6.491,8.491,132.3844,3206433.5519,86014.7068,electricity-generation
39.09684,-94.33579,4,6.721,8.721,141.9255,83850.6998,82.0000,electricity-generation
33.61570,-114.68650,1,0.000,2.000,0.5027,785470.0000,591.0000,electricity-generation
34.90996,-82.20622,3,5.380,7.380,90.9296,101836.9995,13.0000,other-manufacturing
45.69860,-119.81310,2,0.687,2.687,1.4831,1215180.0000,500.0000,electricity-generation
32.27730,-81.28440,1,0.000,2.000,0.5027,798280.0000,596.6000,electricity-generation
44.36890,-98.17170,2,0.078,2.078,0.5027,86567.0000,69.0000,electricity-generation
40.08640,-109.28540,1,0.000,2.000,0.5027,2556994.0000,499.5000,electricity-generation
36.16070,-97.03650,2,3.403,5.403,36.3822,97680.0000,56.4000,electricity-generation
32.56910,-116.95394,3,10.123,12.123,321.9220,18316.1700,137.0000,electricity-generation
32.57329,-116.91466,3,2.996,4.996,28.2030,712161.1000,1166.6000,electricity-generation
47.69042,-117.19013,2,3.291,5.291,34.0205,168429.0000,25.6000,electricity-generation
32.09974,-81.11544,11,7.469,9.469,175.2665,594921.9997,397.2000,electricity-generation
40.82316,-111.91426,9,7.494,9.494,176.4268,2616351.8745,209208.6000,oil-and-gas-refining
35.30438,-84.76299,4,3.485,5.485,38.1574,303703.1789,15246.2260,electricity-generation
34.12560,-84.92220,1,0.000,2.000,0.5027,12607200.0000,3498.6000,electricity-generation
33.71890,-117.70220,1,0.000,2.000,0.5027,98420.0000,23.8000,electricity-generation
41.20953,-73.96523,3,7.754,9.754,188.8999,1701704.0000,1302.5000,electricity-generation
41.39720,-83.64118,2,0.981,2.981,3.0264,118218.1100,81.5000,electricity-generation
37.18042,-77.44802,2,2.244,4.244,15.8162,46827.6496,69728.7671,electricity-generation
28.57070,-96.83330,1,0.000,2.000,0.5027,12754.1900,38.8000,electricity-generation
29.47850,-95.63182,3,1.133,3.133,4.0293,17058466.0000,5250.2000,electricity-generation
31.39760,-92.71900,1,0.000,2.000,0.5027,3194300.0000,1707.3000,electricity-generation
39.19608,-76.54824,10,11.476,13.476,413.7188,3985553.0000,2595.5000,electricity-generation
33.60389,-101.84082,2,4.676,6.676,68.6976,2888.2000,62.0000,electricity-generation
30.31871,-81.94874,2,5.071,7.071,80.7937,1150237.4533,53185.8397,electricity-generation
38.69576,-76.83599,2,4.133,6.133,53.6638,1506153.0000,1119.4000,electricity-generation
41.29250,-72.79420,1,0.000,2.000,0.5027,24523.0000,21.8000,electricity-generation
41.64220,-71.17060,2,7.800,9.800,191.1115,620355.0000,274.5000,electricity-generation
33.93200,-117.84020,1,0.000,2.000,0.5027,101258.0000,35.7000,electricity-generation
38.60750,-89.52450,1,0.000,2.000,0.5027,3078.8000,13.0000,electricity-generation
40.78686,-73.29302,2,0.045,2.045,0.5027,53183.1000,147.0000,electricity-generation
41.19194,-73.14900,7,7.606,9.606,181.7497,4137076.9997,2223.5000,electricity-generation
33.19580,-97.80250,1,0.000,2.000,0.5027,31391.0000,10.4000,electricity-generation
43.71550,-71.65850,1,0.000,2.000,0.5027,0.0000,15.0000,electricity-generation
40.66960,-76.38070,1,0.000,2.000,0.5027,0.0000,0.0000,electricity-generation
35.08270,-81.57947,3,4.745,6.745,70.7187,892110.9994,1103.7000,electricity-generation
34.12680,-118.14787,3,2.428,4.428,18.5169,224341.3500,278.6000,electricity-generation
37.96910,-87.60490,1,0.000,2.000,0.5027,0.0000,0.0000,electricity-generation
29.36410,-95.43510,1,0.000,2.000,0.5027,162568.0000,484.0000,electricity-generation
35.55750,-89.20652,2,6.244,8.244,122.4696,130929.0000,461.0000,electricity-generation
40.09516,-76.69366,3,9.832,11.832,303.6645,3534261.6996,1652.8000,electricity-generation
40.46531,-80.04431,2,2.543,4.543,20.3231,538355.9999,366.4000,electricity-generation
31.20674,-81.54145,4,11.000,13.000,380.1143,703607.0000,634.2000,electricity-generation
36.73990,-77.68092,2,4.053,6.053,51.6058,3794300.0000,3245.5000,electricity-generation
36.76390,-77.81080,1,0.000,2.000,0.5027,29691.0000,10.5000,electricity-generation
40.22567,-103.66957,3,3.717,5.717,43.4011,1584538.0000,1087.7000,electricity-generation
41.47065,-84.54150,2,1.624,3.624,8.2808,25610.9000,50.1000,electricity-generation
30.62466,-96.34941,2,3.335,5.335,34.9464,61257.0000,67.1000,electricity-generation
37.17530,-81.96140,1,0.000,2.000,0.5027,7280.7000,88.0000,electricity-generation
35.71476,-80.37389,3,9.569,11.569,287.6684,1694581.9998,10508521.3261,electricity-generation
30.06880,-83.52530,1,0.000,2.000,0.5027,0.0000,0.0000,electricity-generation
44.57380,-68.80460,1,0.000,2.000,0.5027,368040.0000,186.8000,electricity-generation
38.27780,-120.91360,1,0.000,2.000,0.5027,0.0000,0.0000,electricity-generation
36.02110,-84.15670,1,0.000,2.000,0.5027,0.0000,0.0000,electricity-generation
29.35910,-89.53730,1,0.000,2.000,0.5027,0.0000,0.0000,electricity-generation
44.47190,-71.17530,1,0.000,2.000,0.5027,0.0000,75.0000,electricity-generation
40.08618,-74.86827,3,3.880,5.880,47.2889,105517.3000,789.4000,electricity-generation
44.48280,-73.21551,3,3.657,5.657,42.0040,34036.4000,103.0000,electricity-generation
40.74120,-91.11670,1,0.000,2.000,0.5027,49664.0000,290.8000,electricity-generation
40.87852,-121.71297,2,0.977,2.977,2.9983,0.0000,51.0000,electricity-generation
30.08648,-90.94525,6,5.940,7.940,110.8296,7458221.4229,376474.6438,other-chemicals
30.03393,-90.79912,3,3.855,5.855,46.6859,208002.2000,28.0000,other-chemicals
30.12036,-90.89173,3,3.526,5.526,39.0543,819436.9999,2.0000,other-metals
33.01193,-79.91574,5,5.523,7.523,95.8310,3894980.0735,251784.6342,electricity-generation
35.09860,-78.82940,1,0.000,2.000,0.5027,509510.0000,303.4000,electricity-generation
35.26720,-75.53470,1,0.000,2.000,0.5027,3485.1000,15.0000,electricity-generation
40.20356,-111.64013,6,8.218,10.218,212.1885,177472.8999,57.0000,electricity-generation
44.26439,-85.41055,2,1.986,3.986,12.3858,42656.0000,89.0000,electricity-generation
40.81420,-72.94030,1,0.000,2.000,0.5027,1020980.0000,348.9000,electricity-generation
34.15110,-118.72360,1,0.000,2.000,0.5027,22889.0000,9.2000,electricity-generation
30.22376,-93.30241,23,10.300,12.300,333.3152,23168892.0026,1279799.1936,electricity-generation
33.64640,-88.27170,1,0.000,2.000,0.5027,2190150.0000,801.0000,electricity-generation
33.59984,-85.96717,3,3.833,5.833,46.1575,210093.9994,750.0000,electricity-generation
28.68938,-96.54366,6,4.653,6.653,68.0185,6227396.2172,243590.0575,electricity-generation
33.11976,-117.11769,4,1.700,3.700,9.0756,614704.1300,723.3000,electricity-generation
36.65161,-120.58287,4,0.458,2.458,0.6598,484837.4000,689.0000,electricity-generation
38.39890,-121.92400,1,0.000,2.000,0.5027,6808.7000,60.5000,electricity-generation
41.66760,-87.49123,15,11.736,13.736,432.7244,7850154.0813,24349306.9288,other-metals
41.64412,-87.38418,14,6.957,8.957,152.0497,24438996.8242,1354443.7636,electricity-generation
37.04141,-88.36742,5,3.232,5.232,32.8265,1243836.3981,28096.7457,electricity-generation
40.45500,-78.74720,2,4.424,6.424,61.4819,435340.0000,57.6000,electricity-generation
45.60100,-93.20810,1,0.000,2.000,0.5027,69651.4000,194.3000,electricity-generation
33.98960,-117.68090,1,0.000,2.000,0.5027,14713.0000,30.8000,electricity-generation
39.74036,-75.50666,6,9.323,11.323,273.0521,3532412.0000,1894.8000,other-chemicals
39.80648,-75.42161,5,4.737,6.737,70.5061,2302208.9998,837.1000,electricity-generation
39.83773,-75.37182,10,9.696,11.696,295.3289,2956491.2252,191694.6000,electricity-generation
39.84644,-75.22715,10,8.167,10.167,209.5289,1225966.7179,133081.9000,electricity-generation
39.95972,-75.13545,10,7.728,9.728,187.6293,848239.0600,740.3000,electricity-generation
34.23370,-80.65800,2,0.203,2.203,0.5027,66822.9996,1.0000,electricity-generation
38.51446,-121.43813,4,7.933,9.933,197.6899,666756.9000,493.8000,electricity-generation
40.69420,-99.70110,1,0.000,2.000,0.5027,32156.5000,108.8000,electricity-generation
41.77030,-70.50860,1,0.000,2.000,0.5027,585900.0000,1495.0000,electricity-generation
28.27445,-81.53523,2,1.842,3.842,10.6571,1971470.0000,1903.3000,electricity-generation
38.18971,-85.87984,6,8.989,10.989,253.8474,1670883.9986,1020.6000,electricity-generation
38.26228,-85.76110,5,10.213,12.213,327.6840,110982.9998,4.0000,other-chemicals
44.53670,-92.91550,1,0.000,2.000,0.5027,498507.0000,346.8000,electricity-generation
35.53570,-82.84300,1,0.000,2.000,0.5027,0.0000,0.0000,electricity-generation
28.47459,-80.76764,2,2.406,4.406,18.1858,3314080.0000,1637.8000,electricity-generation
43.65739,-70.37382,3,9.729,11.729,297.3924,1433422.0000,612.2000,electricity-generation
41.75263,-72.64741,5,3.944,5.944,48.8702,76402.1300,37.6000,electricity-generation
39.72720,-110.86440,1,0.000,2.000,0.5027,0.0000,0.0000,electricity-generation
40.97933,-80.41173,4,9.375,11.375,276.1210,2149722.9997,1385.9000,electricity-generation
40.25220,-80.64860,1,0.000,2.000,0.5027,10851400.0000,1880.4000,electricity-generation
37.42980,-122.17630,1,0.000,2.000,0.5027,0.0000,0.0000,electricity-generation
41.13860,-92.64670,1,0.000,2.000,0.5027,70609.0000,20.0000,electricity-generation
46.84800,-68.00260,1,0.000,2.000,0.5027,0.0000,0.0000,electricity-generation
35.26010,-91.36340,1,0.000,2.000,0.5027,296740.0000,120.0000,electricity-generation
39.40900,-75.21958,2,5.316,7.316,88.7804,56958.0000,15470030.7524,electricity-generation
32.41800,-104.21560,1,0.000,2.000,0.5027,0.0000,0.0000,electricity-generation
33.13830,-117.33520,1,0.000,2.000,0.5027,338660.0000,659.0000,electricity-generation
38.61060,-89.35830,1,0.000,2.000,0.5027,2458.0000,10.3000,electricity-generation
38.09670,-88.16310,1,0.000,2.000,0.5027,3043.7000,13.4000,electricity-generation
40.60440,-81.05920,1,0.000,2.000,0.5027,1998170.0000,832.3000,electricity-generation
39.35150,-93.50160,1,0.000,2.000,0.5027,11012.5000,20.6000,electricity-generation
43.04783,-76.09014,2,5.201,7.201,84.9763,138751.7000,113.3000,electricity-generation
37.17660,-94.29940,1,0.000,2.000,0.5027,24056.0000,41.8000,electricity-generation
43.98540,-75.62270,1,0.000,2.000,0.5027,4371.9000,62.9000,electricity-generation
30.29818,-91.21549,7,5.888,7.888,108.9201,4365646.0499,148171.7087,electricity-generation
30.23270,-91.08686,7,7.771,9.771,189.7035,555356.9999,727.9000,other-chemicals
30.20929,-91.02363,13,4.561,6.561,65.3522,5728204.9074,414892.1918,other-chemicals
44.03972,-92.49626,5,6.602,8.602,136.9356,334143.0000,160.5000,electricity-generation
40.94900,-95.96420,1,0.000,2.000,0.5027,109529.0000,345.0000,electricity-generation
40.39514,-86.87228,8,6.995,8.995,153.7040,402086.1996,131.7000,electricity-generation
39.92406,-87.42603,2,1.748,3.748,9.6040,4528278.0000,1876.9000,electricity-generation
42.60280,-76.63360,1,0.000,2.000,0.5027,0.0000,0.0000,electricity-generation
39.71453,-86.19952,6,9.732,11.732,297.5455,3032126.9997,1068.7000,electricity-generation
30.36303,-81.65792,5,8.940,10.940,251.1071,362002.0000,17848569.9321,other-chemicals
30.41701,-81.55391,5,5.070,7.070,80.7648,3061240.0000,1449.7000,electricity-generation
39.68930,-74.26180,1,0.000,2.000,0.5027,0.0000,0.0000,electricity-generation
37.34487,-80.76419,2,0.130,2.130,0.5027,632591.9972,28.2000,electricity-generation
46.90255,-96.75954,2,4.175,6.175,54.7488,186607.0000,12764.9096,electricity-generation
33.93368,-118.16549,6,9.056,11.056,257.6550,102957.4551,8551.8000,electricity-generation
33.99840,-118.21963,6,6.817,8.817,146.0088,213588.9000,16895824.8810,electricity-generation
40.74780,-92.87310,1,0.000,2.000,0.5027,0.0000,0.0000,electricity-generation
34.59171,-96.29157,3,0.480,2.480,0.7239,161476.0000,62.5000,electricity-generation
32.65014,-86.73964,2,0.170,2.170,0.5027,2497768.0000,1866.5000,electricity-generation
34.67382,-82.81938,3,2.121,4.121,14.1298,64068.0199,19.9000,electricity-generation
28.42630,-81.58090,1,0.000,2.000,0.5027,8237.0000,61.5000,electricity-generation
42.39010,-72.53710,1,0.000,2.000,0.5027,58774.0000,17.1000,electricity-generation
39.03121,-76.97532,2,6.111,8.111,117.3097,67756.0000,79.4000,electricity-generation
39.16716,-84.50545,5,3.647,5.647,41.7860,379518.0000,50.2000,other-chemicals
32.90410,-90.37810,2,0.475,2.475,0.7090,116337.0000,26.0000,electricity-generation
38.54440,-76.68610,1,0.000,2.000,0.5027,1462983.0000,1919.0000,electricity-generation
39.87408,-77.68268,2,4.315,6.315,58.5055,187793.0000,111.6000,electricity-generation
38.68390,-91.75580,1,0.000,2.000,0.5027,0.0000,0.0000,electricity-generation
37.69355,-95.45985,3,6.290,8.290,124.3067,218175.9193,42564.5534,electricity-generation
37.43890,-77.12860,1,0.000,2.000,0.5027,37383.0000,14.4000,electricity-generation
36.81390,-97.12530,1,0.000,2.000,0.5027,80818.0000,122.0000,electricity-generation
46.62170,-122.91510,1,0.000,2.000,0.5027,963900.0000,593.3000,electricity-generation
64.84714,-147.73889,5,4.895,6.895,75.2703,473231.8972,24101.3000,electricity-generation
39.80537,-104.95566,4,1.017,3.017,3.2496,2532792.8152,104007.4000,oil-and-gas-refining
42.38860,-71.56000,1,0.000,2.000,0.5027,7456.6000,17.3000,electricity-generation
36.78712,-76.29738,4,10.477,12.477,344.8320,21720.0000,52.1000,electricity-generation
37.38000,-77.38000,1,0.000,2.000,0.5027,923188.0000,446.6000,electricity-generation
37.35170,-77.49690,1,0.000,2.000,0.5027,20688.0000,14.4000,electricity-generation
30.34436,-88.49084,4,1.287,3.287,5.2008,4989070.9824,356612.5000,other-chemicals
41.12439,-104.73124,3,4.866,6.866,74.3828,264584.0000,141.0000,electricity-generation
29.97512,-94.21708,2,0.378,2.378,0.5027,634390.9975,35.8000,electricity-generation
39.78340,-93.56410,1,0.000,2.000,0.5027,6918.0000,90.0000,electricity-generation
39.32460,-82.97400,2,0.295,2.295,0.5027,67256.0000,82.2000,electricity-generation
33.28810,-89.42010,1,0.000,2.000,0.5027,1139130.0000,899.0000,electricity-generation
34.94070,-110.30030,1,0.000,2.000,0.5027,543320.0000,425.9000,electricity-generation
36.21114,-95.28077,6,8.505,10.505,227.2336,5097912.7576,72748.6945,electricity-generation
37.09857,-120.23397,2,1.613,3.613,8.1755,98497.0000,16539929.2082,electricity-generation
43.88610,-75.43420,1,0.000,2.000,0.5027,7952.2000,107.8000,electricity-generation
43.06690,-76.22420,1,0.000,2.000,0.5027,27639.4000,102.7000,electricity-generation
37.16110,-100.76340,1,0.000,2.000,0.5027,25699.7000,50.0000,electricity-generation
41.33371,-89.08821,5,6.025,8.025,114.0272,327574.4434,84978.7068,electricity-generation
40.28890,-79.89313,3,4.332,6.332,58.9625,161879.9998,10897878.0253,electricity-generation
36.08450,-115.04806,4,6.962,8.962,152.2784,2775180.5000,1504.8000,electricity-generation
42.73100,-85.85510,1,0.000,2.000,0.5027,15375.0000,24.8000,electricity-generation
47.26110,-93.65280,1,0.000,2.000,0.5027,5979000.0000,922.5000,electricity-generation
39.37400,-97.12720,1,0.000,2.000,0.5027,10019.5000,29.9000,electricity-generation
39.42142,-75.01273,7,8.483,10.483,226.0979,432863.5000,31509014.2486,electricity-generation
33.70620,-91.23770,1,0.000,2.000,0.5027,0.0000,28.0000,electricity-generation
33.35626,-82.05019,5,10.730,12.730,361.6677,713526.8456,30903.5685,other-chemicals
33.44954,-81.92797,4,2.396,4.396,18.0330,2404705.3519,65733.5027,other-chemicals
46.42310,-116.97640,1,0.000,2.000,0.5027,0.0000,93.8000,electricity-generation
33.89120,-117.60850,2,4.892,6.892,75.1813,22237.0000,49.0000,electricity-generation
41.83851,-71.11998,3,5.227,7.227,85.8238,158934.8000,328.0000,electricity-generation
35.18805,-81.38246,3,5.392,7.392,91.3507,1900354.0000,2079.1000,electricity-generation
41.58292,-81.52645,4,10.953,12.953,376.8849,25563.7999,12.8000,electricity-generation
41.46403,-81.67655,5,3.350,5.350,35.2655,6847670.0394,402263.6849,electricity-generation
26.73510,-80.93770,1,0.000,2.000,0.5027,397900.0000,49.0000,electricity-generation
39.61250,-97.27780,1,0.000,2.000,0.5027,4209.6000,85.0000,electricity-generation
38.73780,-85.42060,1,0.000,2.000,0.5027,6491000.0000,1303.8000,electricity-generation
36.93330,-82.19970,1,0.000,2.000,0.5027,241067.0000,475.0000,electricity-generation
36.86900,-78.70400,1,0.000,2.000,0.5027,1698582.0000,848.0000,electricity-generation
41.30336,-82.96882,3,7.144,9.144,160.3181,32969.0999,12.0000,electricity-generation
37.05064,-95.60359,6,4.984,6.984,78.0482,2965161.3552,219282.5932,electricity-generation
33.75920,-84.39500,1,0.000,2.000,0.5027,0.0000,0.0000,electricity-generation
33.67580,-116.17140,1,0.000,2.000,0.5027,59784.0000,92.4000,electricity-generation
47.37770,-101.15710,1,0.000,2.000,0.5027,9096500.0000,1209.6000,electricity-generation
36.15560,-120.39720,1,0.000,2.000,0.5027,38579.0000,13.6000,electricity-generation
35.02170,-77.85830,1,0.000,2.000,0.5027,0.0000,0.0000,electricity-generation
39.05860,-89.40310,1,0.000,2.000,0.5027,0.0000,0.0000,electricity-generation
33.96560,-81.04976,2,1.836,3.836,10.5855,54960.8697,65946.0493,electricity-generation
34.73930,-87.84690,1,0.000,2.000,0.5027,1344900.0000,1169.6000,electricity-generation
39.39988,-101.04553,2,1.262,3.262,5.0072,17168.2000,35.4000,electricity-generation
41.92616,-85.02238,2,0.767,2.767,1.8473,40831.9000,13.9000,electricity-generation
28.71280,-97.21420,1,0.000,2.000,0.5027,3129000.0000,622.4000,electricity-generation
42.65870,-84.09520,1,0.000,2.000,0.5027,2986.2000,13.5000,electricity-generation
40.30340,-121.24440,1,0.000,2.000,0.5027,0.0000,5.0000,electricity-generation
29.28880,-96.06648,2,0.208,2.208,0.5027,2833230.0000,1884.4000,electricity-generation
39.76060,-105.21500,1,0.000,2.000,0.5027,98443.0000,35.0000,electricity-generation
45.88310,-106.61400,1,0.000,2.000,0.5027,9245300.0000,1647.4000,electricity-generation
45.97520,-106.65470,1,0.000,2.000,0.5027,351430.0000,46.1000,electricity-generation
38.96361,-92.31707,3,7.754,9.754,188.9038,471112.3000,346.1000,electricity-generation
33.86947,-81.01745,2,0.556,2.556,0.9711,1324644.9995,669.5000,electricity-generation
43.48640,-89.42030,1,0.000,2.000,0.5027,6106400.0000,1112.0000,electricity-generation
39.36610,-122.27000,1,0.000,2.000,0.5027,1106139.0000,712.4000,electricity-generation
40.55110,-78.79790,1,0.000,2.000,0.5027,966480.0000,118.0000,electricity-generation
34.54310,-98.32440,1,0.000,2.000,0.5027,423680.0000,290.0000,electricity-generation
44.31603,-88.21676,5,8.328,10.328,217.8883,1665192.0000,796.4000,electricity-generation
37.98920,-75.54000,1,0.000,2.000,0.5027,59506.8000,402.5000,electricity-generation
43.16800,-88.68690,1,0.000,2.000,0.5027,162221.0000,381.6000,electricity-generation
40.39152,-79.05203,2,2.260,4.260,16.0515,6107730.0000,2536.0000,electricity-generation
40.22984,-81.87192,4,5.604,7.604,98.6672,102904.0000,2.0000,electricity-generation
39.65610,-85.17580,1,0.000,2.000,0.5027,0.0000,0.0000,electricity-generation
44.50018,-88.03147,4,6.576,8.576,135.8406,536678.9000,12245.1036,electricity-generation
45.58470,-122.40560,1,0.000,2.000,0.5027,0.0000,0.0000,electricity-generation
32.91740,-111.50330,1,0.000,2.000,0.5027,57705.0000,726.0000,electricity-generation
34.86060,-116.85390,1,0.000,2.000,0.5027,0.0000,0.0000,electricity-generation
36.99810,-84.59190,1,0.000,2.000,0.5027,611104.0000,344.0000,electricity-generation
33.36440,-81.03000,1,0.000,2.000,0.5027,1417560.0000,417.3000,electricity-generation
31.76708,-106.39471,5,2.181,4.181,14.9410,1659294.5246,133101.5000,electricity-generation
33.15510,-111.48360,1,0.000,2.000,0.5027,169110.0000,99.8000,electricity-generation
41.66811,-91.55780,2,1.913,3.913,11.4914,57199.6000,110.8000,electricity-generation
41.71220,-90.27970,1,0.000,2.000,0.5027,456215.0000,611.2000,electricity-generation
42.44280,-76.47450,1,0.000,2.000,0.5027,50656.0000,35.7000,electricity-generation
34.57780,-109.27270,1,0.000,2.000,0.5027,3211850.0000,821.8000,electricity-generation
27.81708,-97.48146,17,11.265,13.265,398.6536,14257616.8772,1063971.4580,oil-and-gas-refining
41.03237,-73.58243,3,3.631,5.631,41.4237,210719.6000,195.0000,electricity-generation
38.33850,-121.12400,1,0.000,2.000,0.5027,1008160.0000,556.8000,electricity-generation
30.25880,-93.73530,1,0.000,2.000,0.5027,1231000.0000,716.8000,electricity-generation
30.84390,-92.26110,1,0.000,2.000,0.5027,1368190.0000,922.8000,electricity-generation
38.80160,-77.12810,1,0.000,2.000,0.5027,209740.0000,29.0000,electricity-generation
41.64920,-72.91530,1,0.000,2.000,0.5027,12532.9000,16.3000,electricity-generation
38.69500,-77.24110,1,0.000,2.000,0.5027,129394.0000,124.0000,electricity-generation
42.74617,-71.13225,3,5.065,7.065,80.5872,106189.3999,87.3000,electricity-generation
45.00815,-93.26971,4,3.995,5.995,50.1467,260281.3600,659.4000,electricity-generation
28.74020,-81.88920,1,0.000,2.000,0.5027,12630.5000,15.5000,electricity-generation
45.04850,-122.96280,1,0.000,2.000,0.5027,0.0000,0.0000,electricity-generation
37.43590,-121.13100,2,5.695,7.695,101.9024,104626.0000,46.8000,electricity-generation
40.79980,-75.10647,3,8.342,10.342,218.6290,3684540.0000,2352.6000,electricity-generation
40.86595,-75.07169,2,4.962,6.962,77.3618,74545.0000,195.0000,electricity-generation
38.39140,-76.41420,1,0.000,2.000,0.5027,509020.0000,222.6000,electricity-generation
37.80040,-79.99428,2,0.428,2.428,0.5767,204643.0000,161.9000,electricity-generation
42.35090,-73.81580,1,0.000,2.000,0.5027,13142.0000,21.3000,electricity-generation
47.22140,-101.81570,1,0.000,2.000,0.5027,2485549.0000,450.0000,electricity-generation
45.84800,-119.67400,1,0.000,2.000,0.5027,1797700.0000,583.0000,electricity-generation
39.32360,-76.36510,1,0.000,2.000,0.5027,0.0000,0.0000,electricity-generation
36.43500,-78.96190,1,0.000,2.000,0.5027,0.0000,0.0000,electricity-generation
33.94516,-78.00117,2,0.984,2.984,3.0430,65302.0000,1.0000,electricity-generation
32.69470,-117.14360,4,7.551,9.551,179.1282,61113.0000,19.2000,electricity-generation
40.41420,-78.85550,1,0.000,2.000,0.5027,1249820.0000,825.0000,electricity-generation
38.56860,-76.89190,1,0.000,2.000,0.5027,1221500.0000,775.3000,electricity-generation
41.38909,-88.30241,4,3.740,5.740,43.9535,2280527.2024,47729.8457,electricity-generation
41.48370,-73.12200,1,0.000,2.000,0.5027,1054290.0000,841.5000,electricity-generation
41.41622,-74.43136,3,7.766,9.766,189.4796,1015481.7000,813.4000,electricity-generation
40.46270,-107.59120,1,0.000,2.000,0.5027,4140500.0000,1427.6000,electricity-generation
35.13020,-77.16790,1,0.000,2.000,0.5027,0.0000,50.0000,electricity-generation
40.04890,-86.89920,1,0.000,2.000,0.5027,0.0000,0.0000,electricity-generation
38.22904,-121.85461,3,1.464,3.464,6.7300,11608.7000,143.0000,electricity-generation
41.42940,-87.61870,1,0.000,2.000,0.5027,56741.0000,356.0000,electricity-generation
42.96155,-78.91242,4,2.220,4.220,15.4875,93730.7998,61.9000,electricity-generation
41.67610,-73.58110,1,0.000,2.000,0.5027,1565770.0000,1312.5000,electricity-generation
38.04146,-122.13331,20,10.946,12.946,376.4228,9248660.1642,301975.3000,other-chemicals
33.37150,-80.11320,1,0.000,2.000,0.5027,9112600.0000,2451.5000,electricity-generation
34.18338,-90.56225,2,0.131,2.131,0.5027,82405.0000,361.6000,electricity-generation
32.27150,-101.41674,2,0.565,2.565,1.0018,856165.0595,74230.0000,electricity-generation
28.96560,-82.69770,1,0.000,2.000,0.5027,6446100.0000,3449.0000,electricity-generation
26.28800,-80.16650,2,0.838,2.838,2.2045,19848.0000,11.2000,electricity-generation
34.17527,-119.16373,8,10.758,12.758,363.5968,606723.1000,1852.3000,electricity-generation
48.21268,-104.39555,3,0.412,2.412,0.5333,383523.9000,168.2000,electricity-generation
36.39023,-87.65385,2,0.876,2.876,2.4088,9353258.0000,2601.0000,electricity-generation
45.53320,-92.02190,1,0.000,2.000,0.5027,8998.8000,21.2000,electricity-generation
32.71961,-103.32665,3,2.596,4.596,21.1733,3191960.0000,1412.7000,electricity-generation
39.82140,-111.89350,1,0.000,2.000,0.5027,1136050.0000,566.9000,electricity-generation
35.98260,-96.77570,1,0.000,2.000,0.5027,12027.7000,20.6000,electricity-generation
44.13382,-87.68213,4,6.427,8.427,129.7799,304201.0000,11816.0762,electricity-generation
41.14180,-81.47450,1,0.000,2.000,0.5027,3788.7000,14.4000,electricity-generation
32.79693,-116.97204,3,0.127,2.127,0.5027,21765.9000,109.7000,electricity-generation
40.92280,-98.32690,1,0.000,2.000,0.5027,318890.0000,142.8000,electricity-generation
46.37440,-84.41720,1,0.000,2.000,0.5027,4439.7000,11.0000,electricity-generation
34.04230,-83.39770,1,0.000,2.000,0.5027,236707.0000,919.0000,electricity-generation
37.88060,-84.26190,1,0.000,2.000,0.5027,0.0000,0.0000,electricity-generation
39.75773,-89.60209,4,8.155,10.155,208.9427,1093472.9100,412.8000,electricity-generation
43.64500,-83.84010,2,0.677,2.677,1.4408,3467500.0000,1402.3000,electricity-generation
36.49050,-79.72140,1,0.000,2.000,0.5027,1625160.0000,697.9000,electricity-generation
30.72170,-96.46080,1,0.000,2.000,0.5027,163993.0000,203.2000,electricity-generation
41.57153,-73.97410,2,0.780,2.780,1.9095,643890.0000,1774.0000,electricity-generation
39.71390,-83.17780,1,0.000,2.000,0.5027,400136.0000,564.0000,electricity-generation
34.41850,-80.16570,1,0.000,2.000,0.5027,51092.0000,316.0000,electricity-generation
40.08650,-76.17600,1,0.000,2.000,0.5027,27595.0000,11.2000,electricity-generation
41.67310,-70.99940,1,0.000,2.000,0.5027,44106.0000,97.4000,electricity-generation
46.10470,-112.87660,1,0.000,2.000,0.5027,341990.0000,203.1000,electricity-generation
42.83780,-105.77690,1,0.000,2.000,0.5027,4711400.0000,816.7000,electricity-generation
37.44970,-87.08060,1,0.000,2.000,0.5027,2451400.0000,509.4000,electricity-generation
38.83959,-77.02125,2,5.165,7.165,83.7933,66581.9100,35.9000,electricity-generation
28.84607,-81.32605,3,6.459,8.459,131.0735,3349950.0000,3125.8000,electricity-generation
34.63648,-87.05360,8,3.551,5.551,39.6132,5112308.0835,265095.0712,other-chemicals
30.30330,-97.61280,1,0.000,2.000,0.5027,93470.0000,206.0000,electricity-generation
32.33791,-97.73278,3,7.854,9.854,193.7711,3416724.0000,2377.2000,electricity-generation
44.39580,-96.53360,1,0.000,2.000,0.5027,491666.0000,324.0000,electricity-generation
29.75920,-82.38780,2,1.241,3.241,4.8389,587460.0000,441.8000,electricity-generation
42.35274,-71.07537,10,9.251,11.251,268.8346,879410.9997,479.8000,electricity-generation
45.04140,-93.79050,1,0.000,2.000,0.5027,6828.4000,27.0000,electricity-generation
35.79090,-119.29450,1,0.000,2.000,0.5027,3266.8000,60.5000,electricity-generation
39.58871,-75.63205,7,2.387,4.387,17.9063,2864317.6036,171277.9000,other-chemicals
35.86190,-90.02530,1,0.000,2.000,0.5027,1384320.0000,679.1000,electricity-generation
38.02079,-121.82589,9,6.348,8.348,126.6032,4137999.8000,3119.5000,electricity-generation
42.69072,-84.65936,3,1.644,3.644,8.4875,502879.9998,264.2000,electricity-generation
32.25230,-110.99210,1,0.000,2.000,0.5027,4235.5000,85.0000,electricity-generation
33.21150,-97.19549,3,8.462,10.462,224.9383,284106.1000,353.1000,electricity-generation
41.32500,-73.09920,1,0.000,2.000,0.5027,57702.0000,14.0000,electricity-generation
30.86060,-93.37560,1,0.000,2.000,0.5027,0.0000,61.5000,electricity-generation
32.90420,-111.78890,1,0.000,2.000,0.5027,930410.0000,745.1000,electricity-generation
35.78890,-114.99420,1,0.000,2.000,0.5027,170316.0000,366.4000,electricity-generation
33.58600,-116.08730,1,0.000,2.000,0.5027,0.0000,0.0000,electricity-generation
27.22720,-81.80920,1,0.000,2.000,0.5027,0.0000,0.0000,electricity-generation
46.81750,-95.84330,1,0.000,2.000,0.5027,3609.6000,12.5000,electricity-generation
33.01960,-96.96200,1,0.000,2.000,0.5027,0.0000,0.0000,electricity-generation
31.32491,-92.45671,2,6.524,8.524,133.7339,159787.0000,66.1000,electricity-generation
39.20592,-77.45510,2,0.593,2.593,1.1034,201141.0000,393.8000,electricity-generation
39.47180,-84.38484,6,7.194,9.194,162.5965,4473829.7580,256828.3205,electricity-generation
43.08960,-123.41440,2,0.098,2.098,0.5027,13908.9999,41.0000,electricity-generation
59.04290,-158.46860,1,0.000,2.000,0.5027,14684.1000,10.5000,electricity-generation
36.57150,-119.41920,1,0.000,2.000,0.5027,0.0000,0.0000,electricity-generation
38.79293,-94.29991,2,2.014,4.014,12.7443,848881.2000,744.1000,electricity-generation
32.03060,-93.56920,1,0.000,2.000,0.5027,0.0000,0.0000,electricity-generation
38.74287,-77.50143,2,0.636,2.636,1.2707,9000.5000,32.4000,electricity-generation
36.52886,-82.55921,3,7.167,9.167,161.3805,928236.9990,245.3000,electricity-generation
35.86190,-76.77590,1,0.000,2.000,0.5027,0.0000,114.0000,electricity-generation
33.25521,-80.43904,4,3.456,5.456,37.5235,1272867.1845,348241.6781,cement
42.45640,-73.21810,2,1.772,3.772,9.8654,260730.0000,175.5000,electricity-generation
37.82080,-77.44630,1,0.000,2.000,0.5027,2665400.0000,1313.0000,electricity-generation
31.36380,-109.55280,1,0.000,2.000,0.5027,7533.5000,26.1000,electricity-generation
40.51847,-81.46950,3,3.552,5.552,39.6421,112704.0000,53.4000,electricity-generation
29.99642,-90.42569,15,10.685,12.685,358.6657,15864224.0063,655277.1201,other-chemicals
33.81770,-83.69600,3,2.249,4.249,15.8849,577233.0000,1289.2000,electricity-generation
40.09280,-82.02760,1,0.000,2.000,0.5027,1627780.0000,678.3000,electricity-generation
44.38890,-105.46080,1,0.000,2.000,0.5027,2466364.0000,483.7000,electricity-generation
42.67451,-83.24313,3,5.076,7.076,80.9330,57834.9997,2.0000,other-manufacturing
42.56534,-90.68886,2,7.352,9.352,169.8004,17538.9999,1.0000,electricity-generation
40.46630,-89.98410,1,0.000,2.000,0.5027,0.0000,0.0000,electricity-generation
42.46902,-79.34162,2,2.563,4.563,20.6372,36302.9998,1.0000,electricity-generation
53.88712,-166.54446,2,1.013,3.013,3.2255,58170.0000,39.1000,electricity-generation
36.80480,-121.78220,1,0.000,2.000,0.5027,895650.0000,1398.0000,electricity-generation
44.73830,-68.82580,1,0.000,2.000,0.5027,19541.6000,25.3000,electricity-generation
39.65889,-106.95611,2,1.637,3.637,8.4191,65649.0000,1.0000,electricity-generation
39.48080,-86.42080,1,0.000,2.000,0.5027,2141600.0000,644.0000,electricity-generation
43.16060,-95.25690,1,0.000,2.000,0.5027,10492.5000,119.1000,electricity-generation
37.23610,-96.98484,2,2.317,4.317,16.8669,16968.5500,37.5000,electricity-generation
38.90360,-84.85140,1,0.000,2.000,0.5027,2702257.0000,772.0000,electricity-generation
40.96170,-72.21030,1,0.000,2.000,0.5027,29178.0000,27.3000,electricity-generation
32.46282,-94.70403,6,5.405,7.405,91.7890,2238344.5693,55083.5721,other-manufacturing
45.62190,-68.57560,1,0.000,2.000,0.5027,0.0000,0.0000,electricity-generation
38.78815,-76.07288,2,1.118,3.118,3.9276,12627.9100,69.9000,electricity-generation
32.38140,-86.57440,1,0.000,2.000,0.5027,2061960.0000,1304.0000,electricity-generation
33.24420,-86.45810,1,0.000,2.000,0.5027,3684900.0000,2034.0000,electricity-generation
42.71881,-84.51412,4,3.594,5.594,40.5698,541868.9999,226.5000,electricity-generation
32.07050,-102.58600,1,0.000,2.000,0.5027,546520.0000,358.8000,electricity-generation
40.54147,-89.68017,4,6.211,8.211,121.1972,3706536.0000,1540.0000,electricity-generation
36.03730,-77.75340,1,0.000,2.000,0.5027,0.0000,0.0000,electricity-generation
43.71563,-87.70787,3,5.116,7.116,82.2343,2132081.0000,15274618.8403,electricity-generation
32.91110,-84.30640,1,0.000,2.000,0.5027,217911.0000,701.2000,electricity-generation
38.79750,-87.25050,1,0.000,2.000,0.5027,3233540.0000,812.7000,electricity-generation
32.74710,-100.95470,1,0.000,2.000,0.5027,299610.0000,153.9000,electricity-generation
64.67140,-147.07600,1,0.000,2.000,0.5027,120120.0000,32.5000,electricity-generation
30.66082,-81.47058,3,2.770,4.770,24.1112,86443.0000,160.5000,electricity-generation
42.71540,-90.99660,2,1.252,3.252,4.9279,0.0000,0.0000,electricity-generation
61.45950,-149.34060,1,0.000,2.000,0.5027,422400.0000,171.0000,electricity-generation
32.80220,-115.54000,1,0.000,2.000,0.5027,535380.0000,358.3000,electricity-generation
42.44070,-92.42050,1,0.000,2.000,0.5027,24146.1000,264.1000,electricity-generation
34.64720,-78.64150,1,0.000,2.000,0.5027,0.0000,0.0000,electricity-generation
35.28030,-119.47070,1,0.000,2.000,0.5027,1325690.0000,623.0000,electricity-generation
35.97140,-94.00140,1,0.000,2.000,0.5027,50086.0000,66.0000,electricity-generation
44.89523,-91.54534,2,2.571,4.571,20.7712,106818.0000,265.0000,electricity-generation
45.29670,-93.55480,2,2.798,4.798,24.6011,77161.2000,191.3000,electricity-generation
34.43140,-119.90010,1,0.000,2.000,0.5027,38421.0000,58.0000,electricity-generation
37.77541,-87.10291,2,4.250,6.250,56.7348,63724.9996,1.0000,electricity-generation
42.84834,-87.83257,2,0.391,2.391,0.5027,9525460.0000,2044.2000,electricity-generation
40.84835,-74.17272,3,7.260,9.260,165.5638,64523.0000,22.4000,electricity-generation
41.42844,-88.14483,10,7.693,9.693,185.9311,7350783.3286,267825.5000,electricity-generation
43.09400,-93.29220,1,0.000,2.000,0.5027,1044640.0000,602.8000,electricity-generation
37.13850,-94.10410,1,0.000,2.000,0.5027,116533.0000,379.0000,electricity-generation
38.44590,-96.06530,1,0.000,2.000,0.5027,382170.0000,730.2000,electricity-generation
38.14770,-121.29970,1,0.000,2.000,0.5027,107308.0000,48.0000,electricity-generation
48.74600,-122.48600,1,0.000,2.000,0.5027,262000.0000,176.4000,electricity-generation
42.03170,-84.75500,1,0.000,2.000,0.5027,0.0000,0.0000,electricity-generation
39.18316,-75.50450,4,5.674,7.674,101.1562,528420.0000,524.1000,electricity-generation
32.32000,-96.67500,1,0.000,2.000,0.5027,645360.0000,418.0000,electricity-generation
37.57420,-95.23720,1,0.000,2.000,0.5027,5972.9000,20.0000,electricity-generation
37.71030,-120.96850,1,0.000,2.000,0.5027,107308.0000,48.0000,electricity-generation
35.41590,-108.08200,1,0.000,2.000,0.5027,0.0000,0.0000,electricity-generation
45.80414,-87.08890,2,4.094,6.094,52.6655,0.0000,122.4000,electricity-generation
39.71933,-76.16130,2,0.133,2.133,0.5027,1563980.0000,1909.2000,electricity-generation
36.86820,-89.84020,1,0.000,2.000,0.5027,66062.6000,121.2000,electricity-generation
43.40280,-94.84330,1,0.000,2.000,0.5027,8552.8000,15.6000,electricity-generation
34.06658,-117.52097,9,7.722,9.722,187.3481,424840.0999,137.6000,electricity-generation
44.77080,-122.61200,1,0.000,2.000,0.5027,0.0000,21.0000,electricity-generation
40.31263,-75.90866,3,7.315,9.315,168.0940,11505.1000,37.0000,electricity-generation
40.43796,-75.92259,2,4.612,6.612,66.8222,2384142.7958,189371.6427,electricity-generation
37.78830,-84.71260,1,0.000,2.000,0.5027,1695850.0000,1444.6000,electricity-generation
42.26720,-71.39830,1,0.000,2.000,0.5027,47926.0000,42.6000,electricity-generation
41.51440,-94.91970,1,0.000,2.000,0.5027,145302.0000,181.5000,electricity-generation
30.49802,-91.17937,17,9.723,11.723,296.9713,10369862.8452,697390.0908,other-chemicals
30.05557,-94.06690,10,9.452,11.452,280.6533,10980997.1878,935447.9233,chemicals
40.13390,-97.18430,1,0.000,2.000,0.5027,0.0000,0.0000,electricity-generation
33.46005,-86.94856,5,5.213,7.213,85.3655,489128.4221,135893.4110,other-metals
38.59350,-92.22060,1,0.000,2.000,0.5027,76836.0000,68.3000,electricity-generation
40.14794,-74.74172,6,5.188,7.188,84.5667,3511614.1000,1455.9000,electricity-generation
43.65790,-94.46470,1,0.000,2.000,0.5027,23516.0000,39.0000,electricity-generation
40.05490,-95.60870,1,0.000,2.000,0.5027,17410.0000,31.3000,electricity-generation
44.33560,-93.29060,1,0.000,2.000,0.5027,350588.0000,334.5000,electricity-generation
39.87102,-79.92257,2,2.541,4.541,20.2811,2811635.0000,1379.6000,electricity-generation
29.91720,-96.75060,1,0.000,2.000,0.5027,9767400.0000,1690.0000,electricity-generation
37.91580,-87.33059,5,1.886,3.886,11.1790,4475233.7271,28458.9767,electricity-generation
46.51270,-87.51070,1,0.000,2.000,0.5027,318010.0000,131.6000,electricity-generation
39.13571,-121.63588,4,3.766,5.766,44.5637,234641.3000,193.7000,electricity-generation
41.96310,-83.25810,1,0.000,2.000,0.5027,7776.2000,64.0000,electricity-generation
48.86950,-122.72395,5,5.326,7.326,89.1024,5460630.6817,343955.7000,electricity-generation
29.02130,-80.99490,1,0.000,2.000,0.5027,6863.9000,24.0000,electricity-generation
43.30561,-73.59160,2,3.735,5.735,43.8216,12967.8000,43.4000,electricity-generation
41.65786,-83.47111,10,8.300,10.300,216.4348,6768282.4724,67883947.2606,other-chemicals
41.67110,-81.44250,1,0.000,2.000,0.5027,0.0000,0.0000,electricity-generation
39.70955,-79.94108,2,1.544,3.544,7.4879,10994800.0000,1959.5000,electricity-generation
39.38420,-80.33250,1,0.000,2.000,0.5027,10958200.0000,2052.0000,electricity-generation
41.78845,-87.80763,3,6.010,8.010,113.4812,225286.9999,47.0000,electricity-generation
41.89134,-87.86420,2,4.607,6.607,66.6779,28319.4999,11.6000,electricity-generation
41.84474,-87.65733,4,10.576,12.576,351.4143,404578.0000,282.0000,electricity-generation
36.25610,-94.52410,1,0.000,2.000,0.5027,2990680.0000,558.0000,electricity-generation
44.45480,-93.02120,1,0.000,2.000,0.5027,113685.0000,73.4000,electricity-generation
32.19812,-84.12144,2,7.783,9.783,190.2870,4139.0000,78.0000,electricity-generation
34.15742,-79.57124,2,1.250,3.250,4.9112,11444.0000,104.8000,electricity-generation
28.58301,-82.43235,3,0.228,2.228,0.5027,570991.4370,142641.4863,electricity-generation
27.91140,-81.60060,1,0.000,2.000,0.5027,30488.0000,10.7000,electricity-generation
35.03676,-106.64052,2,5.446,7.446,93.1607,233875.6000,164.8000,electricity-generation
42.24202,-70.96613,2,0.786,2.786,1.9397,1279961.0000,988.2000,electricity-generation
43.26320,-93.63540,1,0.000,2.000,0.5027,4993.9000,22.0000,electricity-generation
39.81540,-74.20980,1,0.000,2.000,0.5027,14407.5000,76.8000,electricity-generation
32.77799,-96.50719,3,7.372,9.372,170.7400,5543052.0000,2822.7000,electricity-generation
39.12810,-119.13220,1,0.000,2.000,0.5027,383110.0000,230.0000,electricity-generation
37.77315,-99.93337,3,4.711,6.711,69.7259,466166.1373,23930.8219,electricity-generation
40.09556,-104.82065,4,5.725,7.725,102.9500,1105881.0000,918.7000,electricity-generation
26.69602,-81.78287,2,7.505,9.505,176.9571,4638882.0000,2739.9000,electricity-generation
40.24610,-104.87420,1,0.000,2.000,0.5027,1867800.0000,1148.5000,electricity-generation
40.81120,-76.45300,1,0.000,2.000,0.5027,7766.1000,47.3000,electricity-generation
38.55690,-104.68750,1,0.000,2.000,0.5027,151670.0000,228.0000,electricity-generation
36.68810,-108.47910,1,0.000,2.000,0.5027,8186700.0000,1540.0000,electricity-generation
43.67280,-94.70750,1,0.000,2.000,0.5027,0.0000,0.0000,electricity-generation
41.47310,-71.96060,1,0.000,2.000,0.5027,9455.9000,16.2000,electricity-generation
39.94110,-104.68200,1,0.000,2.000,0.5027,81452.0000,154.2000,electricity-generation
41.78750,-73.11860,2,1.282,3.282,5.1624,49046.0000,43.6000,electricity-generation
46.30690,-119.11390,1,0.000,2.000,0.5027,0.0000,0.0000,electricity-generation
29.82310,-91.54400,2,0.176,2.176,0.5027,4428.6700,42.2000,electricity-generation
45.65480,-92.46510,1,0.000,2.000,0.5027,3027.2000,13.7000,electricity-generation
47.08482,-122.36556,2,0.570,2.570,1.0219,808121.0000,496.1000,electricity-generation
37.57170,-90.31730,1,0.000,2.000,0.5027,20493.0000,27.6000,electricity-generation
39.10330,-88.85900,1,0.000,2.000,0.5027,0.0000,0.0000,electricity-generation
32.66180,-108.36280,1,0.000,2.000,0.5027,81.8300,30.4000,electricity-generation
31.89070,-96.11310,1,0.000,2.000,0.5027,2658600.0000,1036.0000,electricity-generation
41.37710,-83.16140,1,0.000,2.000,0.5027,1129460.0000,739.5000,electricity-generation
43.82920,-91.25970,1,0.000,2.000,0.5027,397170.0000,188.0000,electricity-generation
36.61116,-120.10103,2,6.768,8.768,143.9019,191483.0000,81.8000,electricity-generation
29.64496,-95.44922,3,4.816,6.816,72.8795,229123.6999,606.5000,electricity-generation
26.20800,-98.39920,1,0.000,2.000,0.5027,721320.0000,529.0000,electricity-generation
35.46387,-97.66925,2,3.093,5.093,30.0636,1157550.0000,675.4000,electricity-generation
38.63148,-104.70621,2,0.380,2.380,0.5027,2251260.0000,836.9000,electricity-generation
39.13640,-108.73470,1,0.000,2.000,0.5027,21555.0000,26.6000,electricity-generation
29.57530,-95.63690,1,0.000,2.000,0.5027,6914.8000,11.2000,electricity-generation
33.64767,-93.81092,2,4.588,6.588,66.1238,3508324.0000,763.8000,electricity-generation
38.86810,-91.94780,1,0.000,2.000,0.5027,15139.0000,33.2000,electricity-generation
34.01280,-85.97080,1,0.000,2.000,0.5027,0.0000,0.0000,electricity-generation
40.71670,-82.78900,1,0.000,2.000,0.5027,101014.0000,49.5000,electricity-generation
36.31560,-86.40060,1,0.000,2.000,0.5027,5567740.0000,1918.4000,electricity-generation
39.74750,-79.83890,1,0.000,2.000,0.5027,92159.0000,87.6000,electricity-generation
37.96603,-100.87781,2,4.327,6.327,58.8157,62894.0000,267.9000,electricity-generation
38.83080,-94.89030,1,0.000,2.000,0.5027,21958.0000,39.2000,electricity-generation
38.26970,-95.24470,1,0.000,2.000,0.5027,2589.1000,11.7000,electricity-generation
35.30170,-81.20920,1,0.000,2.000,0.5027,2644.7000,11.8000,electricity-generation
42.51116,-92.40472,4,5.843,7.843,107.2707,94998.9998,113.9000,electricity-generation
38.92886,-82.11954,2,1.561,3.561,7.6581,19183200.0000,3686.5000,electricity-generation
34.47510,-120.20510,1,0.000,2.000,0.5027,0.0000,0.0000,electricity-generation
45.01129,-84.72413,3,2.672,4.672,22.4249,75715.7000,240.3000,electricity-generation
30.79140,-89.90919,2,5.069,7.069,80.7210,644000.0000,499.1000,electricity-generation
33.36020,-88.46000,1,0.000,2.000,0.5027,0.0000,124.6000,electricity-generation
41.60197,-109.77181,2,3.990,5.990,50.0215,337985.0000,57.5000,electricity-generation
42.44719,-70.98000,3,0.590,2.590,1.0943,445549.9998,58.8000,electricity-generation
32.31020,-86.52540,1,0.000,2.000,0.5027,144570.0000,97.0000,electricity-generation
41.59410,-72.33130,1,0.000,2.000,0.5027,46672.0000,10.0000,electricity-generation
43.08510,-83.66940,1,0.000,2.000,0.5027,0.0000,39.5000,electricity-generation
41.45150,-90.14860,1,0.000,2.000,0.5027,6467.2000,29.4000,electricity-generation
41.89110,-88.27110,1,0.000,2.000,0.5027,20921.0000,29.5000,electricity-generation
43.55890,-91.23250,1,0.000,2.000,0.5027,0.0000,0.0000,electricity-generation
38.82843,-104.83214,2,6.036,8.036,114.4661,384806.4000,306.2000,electricity-generation
43.83930,-85.42600,1,0.000,2.000,0.5027,42341.0000,50.0000,electricity-generation
61.22970,-149.71670,1,0.000,2.000,0.5027,552740.0000,193.9000,electricity-generation
42.31508,-96.37102,4,1.783,3.783,9.9894,4882777.1066,69226.2055,electricity-generation
39.90260,-86.24410,1,0.000,2.000,0.5027,770200.0000,340.0000,electricity-generation
34.12710,-84.03340,1,0.000,2.000,0.5027,36729.0000,11.2000,electricity-generation
31.07733,-87.11109,2,0.061,2.061,0.5027,25842048.6630,4028070.6130,electricity-generation
31.16600,-85.09510,1,0.000,2.000,0.5027,0.0000,101.2000,electricity-generation
32.22680,-88.02520,1,0.000,2.000,0.5027,0.0000,87.5000,electricity-generation
44.32122,-89.89367,2,1.949,3.949,11.9301,88036.0000,36.1000,electricity-generation
33.13948,-91.97149,4,0.900,2.900,2.5447,110603.0000,28.0000,other-manufacturing
31.62830,-90.08150,1,0.000,2.000,0.5027,0.0000,81.5000,electricity-generation
35.75866,-95.28910,3,4.729,6.729,70.2702,3065022.0000,18012446.2304,electricity-generation
29.73346,-81.63312,3,7.464,9.464,175.0219,3014661.0000,1978.6000,electricity-generation
44.61190,-123.93190,1,0.000,2.000,0.5027,0.0000,18.8000,electricity-generation
33.35000,-91.11670,1,0.000,2.000,0.5027,483812.0000,781.4000,electricity-generation
41.08080,-101.14080,1,0.000,2.000,0.5027,6889800.0000,1362.6000,electricity-generation
43.19475,-88.15113,2,0.750,2.750,1.7684,349584.0000,348.5000,electricity-generation
35.19060,-81.00870,1,0.000,2.000,0.5027,2789.0000,163.2000,electricity-generation
38.74846,-85.03594,5,7.519,9.519,177.5962,12413102.3987,369301.8726,iron-and-steel
30.61990,-96.08190,1,0.000,2.000,0.5027,0.0000,0.0000,electricity-generation
38.37220,-87.76580,1,0.000,2.000,0.5027,11200300.0000,3339.5000,electricity-generation
40.47050,-88.39870,1,0.000,2.000,0.5027,61531.0000,270.0000,electricity-generation
32.97500,-112.69440,1,0.000,2.000,0.5027,5726800.0000,2476.0000,electricity-generation
40.56580,-75.16390,1,0.000,2.000,0.5027,62217.0000,512.0000,electricity-generation
36.99941,-121.53645,2,0.080,2.080,0.5027,39206.2000,274.0000,electricity-generation
37.50770,-94.83930,1,0.000,2.000,0.5027,3302.2000,10.8000,electricity-generation
45.84760,-87.00380,1,0.000,2.000,0.5027,6463.6000,22.6000,electricity-generation
36.24540,-88.61200,1,0.000,2.000,0.5027,1117150.0000,567.8000,electricity-generation
44.77090,-94.15820,1,0.000,2.000,0.5027,8820.8000,39.5000,electricity-generation
47.05390,-104.74000,1,0.000,2.000,0.5027,32978.0000,83.7000,electricity-generation
40.68150,-74.92070,1,0.000,2.000,0.5027,0.0000,0.0000,electricity-generation
37.37060,-80.86330,1,0.000,2.000,0.5027,0.0000,0.0000,electricity-generation
62.11040,-145.53250,1,0.000,2.000,0.5027,5899.7000,9.2000,electricity-generation
42.95400,-115.29370,1,0.000,2.000,0.5027,0.0000,0.0000,electricity-generation
40.83144,-73.64732,2,0.605,2.605,1.1498,98560.9000,216.0000,electricity-generation
38.58680,-77.17310,1,0.000,2.000,0.5027,0.0000,0.0000,electricity-generation
45.81140,-120.83300,1,0.000,2.000,0.5027,665176.7000,302.8000,electricity-generation
39.34160,-101.70520,1,0.000,2.000,0.5027,10384.7000,18.7000,electricity-generation
38.93030,-99.36170,1,0.000,2.000,0.5027,122638.0000,103.5000,electricity-generation
40.10690,-88.59990,1,0.000,2.000,0.5027,31840.0000,684.0000,electricity-generation
37.79030,-97.52170,1,0.000,2.000,0.5027,210810.0000,375.1000,electricity-generation
38.12202,-78.20772,2,0.695,2.695,1.5160,1080860.0000,846.1000,electricity-generation
33.64430,-87.19650,1,0.000,2.000,0.5027,0.0000,0.0000,electricity-generation
33.13440,-98.61170,1,0.000,2.000,0.5027,911150.0000,634.7000,electricity-generation
43.06520,-86.23645,2,0.612,2.612,1.1763,0.0000,0.0000,electricity-generation
37.65770,-89.51120,1,0.000,2.000,0.5027,0.0000,0.0000,electricity-generation
45.57560,-94.14080,1,0.000,2.000,0.5027,0.0000,0.0000,electricity-generation
42.90420,-71.42610,1,0.000,2.000,0.5027,1086870.0000,790.0000,electricity-generation
39.56180,-80.16310,1,0.000,2.000,0.5027,318430.0000,95.7000,electricity-generation
42.28098,-85.52276,3,6.882,8.882,148.7913,132243.5000,94.1000,electricity-generation
32.77647,-83.64167,4,2.946,4.946,27.2601,343697.1784,15319.9260,electricity-generation
37.15750,-76.69110,1,0.000,2.000,0.5027,122894.0000,407.7000,electricity-generation
44.59850,-84.68650,2,0.782,2.782,1.9200,71916.9996,39.6000,electricity-generation
46.96920,-123.48000,1,0.000,2.000,0.5027,1515940.0000,714.9000,electricity-generation
34.17815,-118.31458,3,4.182,6.182,54.9488,515633.6300,505.5000,electricity-generation
38.40990,-98.86950,1,0.000,2.000,0.5027,21071.5000,81.6000,electricity-generation
41.55708,-93.52923,3,4.512,6.512,63.9614,855774.0999,757.1000,electricity-generation
41.61943,-93.62991,3,7.048,9.048,156.0380,166018.8997,286.6000,electricity-generation
42.34194,-87.84727,6,6.680,8.680,140.1958,137469.0000,15.4000,electricity-generation
35.98751,-95.94102,2,1.816,3.816,10.3606,2202244.0000,2025.6000,electricity-generation
32.60170,-87.78110,1,0.000,2.000,0.5027,942150.0000,1288.4000,electricity-generation
42.67890,-76.94830,1,0.000,2.000,0.5027,506590.0000,112.0000,electricity-generation
30.15910,-81.51840,1,0.000,2.000,0.5027,397226.0000,380.8000,electricity-generation
39.05310,-121.69588,2,0.291,2.291,0.5027,775843.9000,705.8000,electricity-generation
37.36360,-87.12140,1,0.000,2.000,0.5027,0.0000,0.0000,electricity-generation
40.07580,-84.61510,1,0.000,2.000,0.5027,69059.4000,236.0000,electricity-generation
45.45420,-69.61000,1,0.000,2.000,0.5027,0.0000,0.0000,electricity-generation
43.10560,-82.69644,2,0.071,2.071,0.5027,1066182.0000,1356.1000,electricity-generation
27.90904,-97.28960,4,5.136,7.136,82.8702,3708829.1169,152220.6767,electricity-generation
41.75290,-92.74890,1,0.000,2.000,0.5027,0.0000,0.0000,electricity-generation
45.37350,-98.09870,1,0.000,2.000,0.5027,130339.0000,216.4000,electricity-generation
34.37610,-83.33060,1,0.000,2.000,0.5027,0.0000,116.0000,electricity-generation
34.04060,-83.19290,1,0.000,2.000,0.5027,0.0000,58.0000,electricity-generation
33.66910,-117.84204,3,6.511,8.511,133.1768,103379.0000,20.0000,electricity-generation
44.76627,-93.04112,5,9.727,11.727,297.2241,5316782.3228,335282.8000,electricity-generation
29.64144,-98.15530,3,5.188,7.188,84.5527,3473361.4511,203321.8958,electricity-generation
39.93640,-81.53540,1,0.000,2.000,0.5027,2212300.0000,2055.0000,electricity-generation
30.57798,-87.23470,6,9.019,11.019,255.5542,4090431.0000,2295.3000,electricity-generation
25.47560,-80.47000,1,0.000,2.000,0.5027,19539.0000,35.6000,electricity-generation
38.07940,-84.51940,1,0.000,2.000,0.5027,23835.0000,41.4000,electricity-generation
32.83046,-79.96393,3,7.545,9.545,178.8548,405930.0000,178.3000,electricity-generation
30.28650,-97.73490,1,0.000,2.000,0.5027,159430.0000,104.5000,electricity-generation
36.69920,-78.87360,1,0.000,2.000,0.5027,0.0000,49.9000,electricity-generation
40.55890,-96.78470,2,0.128,2.128,0.5027,851969.3400,285.4000,electricity-generation
32.60780,-85.09750,1,0.000,2.000,0.5027,4842500.0000,1995.7000,electricity-generation
20.09390,-155.47110,1,0.000,2.000,0.5027,63759.5000,66.0000,electricity-generation
41.76796,-76.39316,3,4.783,6.783,71.8795,1094971.9997,872.0000,electricity-generation
39.40696,-84.55251,2,6.702,8.702,141.1118,39113.5800,48.3000,electricity-generation
39.90870,-76.98850,1,0.000,2.000,0.5027,5899.7000,19.6000,electricity-generation
41.18080,-76.83920,1,0.000,2.000,0.5027,1009140.0000,870.0000,electricity-generation
34.83931,-79.74044,2,0.517,2.517,0.8410,4298558.0000,2588.6000,electricity-generation
34.25280,-85.32779,2,1.636,3.636,8.4133,0.0000,60.4000,electricity-generation
42.54950,-83.44380,1,0.000,2.000,0.5027,302260.0000,121.6000,electricity-generation
32.72830,-97.21920,1,0.000,2.000,0.5027,771550.0000,1314.8000,electricity-generation
41.27465,-79.81153,2,1.853,3.853,10.7827,485911.0000,389.2000,electricity-generation
36.27010,-119.64810,1,0.000,2.000,0.5027,5965.9000,141.1000,electricity-generation
38.57448,-82.78609,3,4.531,6.531,64.4930,4401872.0000,1497.8000,electricity-generation
61.22210,-149.86610,1,0.000,2.000,0.5027,39034.0000,50.9000,electricity-generation
39.67671,-91.31527,2,7.156,9.156,160.8922,367113.6081,101917.8082,electricity-generation
43.84611,-82.64972,2,0.810,2.810,2.0588,59639.0000,1.0000,electricity-generation
27.63969,-81.96292,2,0.372,2.372,0.5027,2234280.0000,1323.4000,electricity-generation
32.29880,-81.07390,1,0.000,2.000,0.5027,0.0000,0.0000,electricity-generation
30.30380,-94.25260,1,0.000,2.000,0.5027,181772.0000,173.0000,electricity-generation
45.76410,-107.59810,1,0.000,2.000,0.5027,245436.0000,115.7000,electricity-generation
30.16940,-91.99230,1,0.000,2.000,0.5027,185400.0000,100.8000,electricity-generation
33.19500,-83.29830,1,0.000,2.000,0.5027,0.0000,0.0000,electricity-generation
33.47600,-113.11340,1,0.000,2.000,0.5027,1625200.0000,1277.1000,electricity-generation
35.29164,-101.74675,3,1.710,3.710,9.1910,3063438.0000,1555.7000,electricity-generation
40.23347,-76.84247,3,3.015,5.015,28.5619,104229.8868,84952.5068,electricity-generation
32.39650,-94.43530,1,0.000,2.000,0.5027,1068406.0000,570.0000,electricity-generation
34.59230,-92.21660,1,0.000,2.000,0.5027,445000.0000,599.5000,electricity-generation
34.34741,-82.77614,2,4.110,6.110,53.0697,2119920.0000,1514.3000,electricity-generation
43.82940,-105.53220,1,0.000,2.000,0.5027,11870.1000,22.5000,electricity-generation
40.27970,-90.08000,1,0.000,2.000,0.5027,0.0000,0.0000,electricity-generation
20.89690,-156.46270,2,3.392,5.392,36.1408,113643.0000,34.0000,electricity-generation
41.10427,-72.37815,2,1.586,3.586,7.9041,34041.2200,68.0000,electricity-generation
33.40377,-85.03281,3,6.570,8.570,135.6051,5851869.0000,3967.0000,electricity-generation
40.95930,-74.01510,1,0.000,2.000,0.5027,16954.0000,16.0000,electricity-generation
40.48560,-107.18500,1,0.000,2.000,0.5027,2559460.0000,465.4000,electricity-generation
29.78649,-98.00189,2,4.190,6.190,55.1431,2862837.8542,179345.1644,electricity-generation
63.85420,-148.95000,1,0.000,2.000,0.5027,297290.0000,80.8000,electricity-generation
40.50370,-111.42520,1,0.000,2.000,0.5027,25760.0000,17.5000,electricity-generation
29.83970,-95.53690,1,0.000,2.000,0.5027,10779.2000,12.8000,electricity-generation
40.18790,-97.57790,1,0.000,2.000,0.5027,3555.4000,56.7000,electricity-generation
33.51730,-90.20970,1,0.000,2.000,0.5027,0.0000,0.0000,electricity-generation
41.29861,-89.30223,2,1.164,3.164,4.2593,102600.0000,1.0000,electricity-generation
36.23970,-119.90440,1,0.000,2.000,0.5027,4573.8000,98.0000,electricity-generation
39.95280,-85.50390,1,0.000,2.000,0.5027,169881.0000,181.5000,electricity-generation
43.57606,-83.91446,3,2.420,4.420,18.3933,203565.1000,12978.8087,electricity-generation
45.79929,-119.34268,2,2.353,4.353,17.3864,2514970.0000,1310.6000,electricity-generation
35.37320,-78.08900,1,0.000,2.000,0.5027,3271200.0000,2047.7000,electricity-generation
48.47826,-122.55935,5,1.806,3.806,10.2496,3855498.6215,264141.8000,oil-and-gas-refining
37.22070,-121.74570,2,5.197,7.197,84.8628,995550.0000,635.0000,electricity-generation
47.42940,-92.93500,1,0.000,2.000,0.5027,75222.0000,35.9000,electricity-generation
26.34111,-98.18174,2,0.828,2.828,2.1521,2398910.0000,1352.3000,electricity-generation
28.00330,-82.66150,1,0.000,2.000,0.5027,0.0000,0.0000,electricity-generation
35.61390,-115.35610,1,0.000,2.000,0.5027,846654.0000,688.4000,electricity-generation
39.07330,-93.71480,1,0.000,2.000,0.5027,3988.8000,46.7000,electricity-generation
44.93140,-93.11170,2,1.746,3.746,9.5746,1189810.0000,681.0000,electricity-generation
34.58360,-117.34267,3,4.939,6.939,76.6482,2843010.1331,370412.0548,cement
47.55170,-111.03440,1,0.000,2.000,0.5027,0.0000,0.0000,electricity-generation
33.00070,-85.90330,1,0.000,2.000,0.5027,1256570.0000,822.8000,electricity-generation
41.12600,-74.16350,1,0.000,2.000,0.5027,2215.5000,46.5000,electricity-generation
45.06880,-83.89320,1,0.000,2.000,0.5027,0.0000,0.0000,electricity-generation
41.90610,-84.63190,1,0.000,2.000,0.5027,6842.9000,11.6000,electricity-generation
32.20890,-80.69880,1,0.000,2.000,0.5027,132640.0000,117.9000,electricity-generation
32.37900,-90.21990,2,2.531,4.531,20.1196,813958.0000,600.4000,electricity-generation
27.78508,-81.86789,3,7.159,9.159,161.0096,3402675.0000,2672.1000,electricity-generation
27.89404,-81.88439,3,6.375,8.375,127.6584,531286.0000,240.1000,electricity-generation
40.36830,-120.26480,1,0.000,2.000,0.5027,0.0000,36.2000,electricity-generation
38.70000,-83.81810,1,0.000,2.000,0.5027,8999200.0000,1608.5000,electricity-generation
37.64969,-87.50077,4,0.859,2.859,2.3180,1266645.1457,19369.7315,electricity-generation
21.38900,-157.96150,2,7.295,9.295,167.1779,754680.0000,384.6000,electricity-generation
30.76532,-88.05615,6,3.299,5.299,34.1848,1377161.0581,88332.0000,electricity-generation
38.51300,-98.77470,1,0.000,2.000,0.5027,4728.2000,10.9000,electricity-generation
37.93080,-100.97250,1,0.000,2.000,0.5027,1939700.0000,348.7000,electricity-generation
38.75380,-93.99830,1,0.000,2.000,0.5027,161624.0000,321.3000,electricity-generation
39.22310,-88.75840,1,0.000,2.000,0.5027,665559.0000,702.1000,electricity-generation
39.47350,-95.73160,1,0.000,2.000,0.5027,7515.0000,21.5000,electricity-generation
40.81508,-73.06577,3,4.639,6.639,67.6051,319612.0000,749.5000,electricity-generation
40.51280,-79.19610,1,0.000,2.000,0.5027,0.0000,0.0000,electricity-generation
46.29060,-96.04330,1,0.000,2.000,0.5027,0.0000,0.0000,electricity-generation
37.29549,-77.28735,8,6.139,8.139,118.4175,1124029.8832,21926.4644,electricity-generation
35.50870,-97.17970,1,0.000,2.000,0.5027,361614.0000,974.0000,electricity-generation
34.29760,-92.86830,1,0.000,2.000,0.5027,1007104.0000,714.8000,electricity-generation
38.68180,-90.54000,1,0.000,2.000,0.5027,0.0000,0.0000,electricity-generation
39.13250,-78.18750,1,0.000,2.000,0.5027,60312.0000,15.0000,electricity-generation
34.01470,-95.32100,1,0.000,2.000,0.5027,1624071.0000,446.0000,electricity-generation
37.16420,-101.34011,2,4.522,6.522,64.2328,4674.6000,19.2000,electricity-generation
40.74150,-124.21030,2,7.223,9.223,163.8887,279420.0000,167.0000,electricity-generation
40.47280,-124.10140,1,0.000,2.000,0.5027,0.0000,25.0000,electricity-generation
41.20081,-76.06984,2,0.242,2.242,0.5027,236868.3000,189.9000,electricity-generation
39.17470,-111.02890,1,0.000,2.000,0.5027,7065700.0000,1472.2000,electricity-generation
39.87226,-77.16711,2,0.702,2.702,1.5460,1235011.0000,958.0000,electricity-generation
39.37920,-111.07810,1,0.000,2.000,0.5027,4448300.0000,1015.5000,electricity-generation
40.92335,-73.34200,2,6.358,8.358,126.9948,3304942.2000,1588.0000,electricity-generation
37.18560,-113.29750,1,0.000,2.000,0.5027,9126.7000,10.0000,electricity-generation
38.09150,-97.87240,1,0.000,2.000,0.5027,25494.0000,342.6000,electricity-generation
44.88772,-94.35929,3,1.141,3.141,4.0912,100380.9998,119.9000,electricity-generation
32.16000,-110.90470,1,0.000,2.000,0.5027,1251390.0000,528.9000,electricity-generation
39.44720,-94.98000,1,0.000,2.000,0.5027,5823700.0000,1604.9000,electricity-generation
43.31440,-111.59340,1,0.000,2.000,0.5027,0.0000,0.0000,electricity-generation
43.24920,-73.80960,1,0.000,2.000,0.5027,248811.0000,147.0000,electricity-generation
43.56080,-71.78060,1,0.000,2.000,0.5027,0.0000,0.0000,electricity-generation
41.86210,-86.22140,1,0.000,2.000,0.5027,1321800.0000,1174.4000,electricity-generation
42.08590,-78.45430,1,0.000,2.000,0.5027,37629.8000,90.6000,electricity-generation
43.49302,-76.45551,4,7.255,9.255,165.3652,2980275.7000,3019.8000,electricity-generation
42.65440,-78.07720,1,0.000,2.000,0.5027,44216.0000,56.6000,electricity-generation
35.67610,-91.40720,1,0.000,2.000,0.5027,6381100.0000,1800.0000,electricity-generation
40.61580,-79.15710,1,0.000,2.000,0.5027,18684.4000,24.4000,electricity-generation
41.35950,-93.56330,1,0.000,2.000,0.5027,11830.9000,40.9000,electricity-generation
38.58570,-75.23410,1,0.000,2.000,0.5027,324668.0000,464.1000,electricity-generation
27.05360,-80.56280,2,5.243,7.243,86.3515,3254080.0000,2448.5000,electricity-generation
33.93414,-116.57095,2,3.069,5.069,29.5993,110554.8000,949.7000,electricity-generation
41.77531,-89.61570,3,7.891,9.891,195.6177,1338831.3989,93596.2425,electricity-generation
58.36760,-134.60800,1,0.000,2.000,0.5027,11932.6000,41.7000,electricity-generation
37.88218,-121.27420,3,3.585,5.585,40.3749,220015.1789,15298.2260,electricity-generation
33.73880,-117.17040,1,0.000,2.000,0.5027,0.0000,0.0000,electricity-generation
39.50970,-112.58020,1,0.000,2.000,0.5027,4466900.0000,2893.2000,electricity-generation
61.16720,-149.90610,2,0.330,2.330,0.5027,427080.0000,203.9000,electricity-generation
35.21200,-77.11440,1,0.000,2.000,0.5027,0.0000,38.1000,electricity-generation
36.68030,-76.91280,1,0.000,2.000,0.5027,0.0000,36.1000,electricity-generation
33.33229,-79.35272,4,6.905,8.905,149.7843,5152308.6494,78490.2082,electricity-generation
31.96980,-87.48060,1,0.000,2.000,0.5027,0.0000,77.4000,electricity-generation
32.41870,-86.47180,1,0.000,2.000,0.5027,0.0000,89.8000,electricity-generation
31.90360,-93.17450,1,0.000,2.000,0.5027,0.0000,78.8000,electricity-generation
34.35300,-78.21340,1,0.000,2.000,0.5027,0.0000,84.0000,electricity-generation
32.42600,-86.87090,1,0.000,2.000,0.5027,53219.0000,66.0000,electricity-generation
33.25530,-94.06960,1,0.000,2.000,0.5027,0.0000,65.0000,electricity-generation
33.99610,-95.11140,1,0.000,2.000,0.5027,0.0000,68.0000,electricity-generation
32.52930,-90.77460,1,0.000,2.000,0.5027,0.0000,50.5000,electricity-generation
31.74413,-81.43672,2,2.740,4.740,23.5874,64933.0000,15.5000,electricity-generation
37.92310,-95.42560,1,0.000,2.000,0.5027,10590.2000,29.3000,electricity-generation
44.05667,-122.95611,2,3.151,5.151,31.1882,0.0000,58.7000,electricity-generation
40.35090,-76.36580,1,0.000,2.000,0.5027,1338500.0000,777.6000,electricity-generation
29.77700,-91.73600,1,0.000,2.000,0.5027,45903.0000,31.0000,electricity-generation
35.55709,-115.46814,3,3.019,5.019,28.6425,969320.0000,392.0000,electricity-generation
33.08705,-97.94114,2,4.219,6.219,55.9221,3981560.0000,2101.7000,electricity-generation
33.82390,-84.47580,1,0.000,2.000,0.5027,6705000.0000,2848.4000,electricity-generation
42.24880,-84.37670,1,0.000,2.000,0.5027,953960.0000,649.0000,electricity-generation
37.38470,-89.66060,1,0.000,2.000,0.5027,5909.2000,26.3000,electricity-generation
30.43920,-89.02860,1,0.000,2.000,0.5027,2153100.0000,919.1000,electricity-generation
35.22000,-81.75940,1,0.000,2.000,0.5027,6325300.0000,1530.5000,electricity-generation
33.63190,-87.05970,1,0.000,2.000,0.5027,18792000.0000,2822.0000,electricity-generation
37.10860,-93.26190,1,0.000,2.000,0.5027,60787.9000,197.5000,electricity-generation
57.05010,-135.31270,1,0.000,2.000,0.5027,5656.5000,25.6000,electricity-generation
32.35108,-81.16458,4,3.927,5.927,48.4559,4713474.0000,3345.2000,electricity-generation
38.40040,-86.91460,1,0.000,2.000,0.5027,0.0000,0.0000,electricity-generation
61.28600,-149.61000,1,0.000,2.000,0.5027,30170.0000,11.5000,electricity-generation
45.79749,-108.45932,7,4.310,6.310,58.3553,2536870.5653,136808.8879,electricity-generation
33.24440,-79.99090,1,0.000,2.000,0.5027,0.0000,0.0000,electricity-generation
39.28650,-96.11720,1,0.000,2.000,0.5027,8753800.0000,2160.0000,electricity-generation
42.91030,-86.20070,1,0.000,2.000,0.5027,7902900.0000,1560.8000,electricity-generation
41.73780,-108.78750,1,0.000,2.000,0.5027,7308300.0000,2326.0000,electricity-generation
37.88330,-84.10170,1,0.000,2.000,0.5027,640250.0000,938.4000,electricity-generation
29.30802,-98.32178,3,0.235,2.235,0.5027,8227900.0000,2380.5000,electricity-generation
38.62194,-83.67262,2,2.429,4.429,18.5280,0.0000,0.0000,electricity-generation
40.80795,-76.18464,3,2.928,4.928,26.9322,1385970.0000,187.6000,electricity-generation
38.47310,-81.82330,1,0.000,2.000,0.5027,9251600.0000,2932.6000,electricity-generation
46.75663,-88.45609,2,0.149,2.149,0.5027,24479.0000,23.0000,electricity-generation
29.64442,-82.32777,3,2.065,4.065,13.3951,513133.0000,257.3000,electricity-generation
36.37670,-82.96390,1,0.000,2.000,0.5027,1876450.0000,996.9000,electricity-generation
41.49190,-78.67530,1,0.000,2.000,0.5027,0.0000,54.0000,electricity-generation
32.39857,-97.40677,3,1.985,3.985,12.3805,615008.0000,11279461.8907,electricity-generation
36.03531,-87.98314,3,4.359,6.359,59.7030,4805604.0000,2086.0000,other-chemicals
41.80178,-71.51884,2,0.406,2.406,0.5188,1558579.5000,631.7000,electricity-generation
37.15170,-93.38800,1,0.000,2.000,0.5027,2298400.0000,603.0000,electricity-generation
33.52390,-101.73920,2,4.775,6.775,71.6281,2207330.0000,860.4000,electricity-generation
35.84766,-90.71917,2,1.091,3.091,3.7403,109126.0000,10182393.3171,electricity-generation
41.25478,-95.93947,3,4.456,6.456,62.3727,69785.8997,132.0000,electricity-generation
37.21790,-88.87814,3,1.948,3.948,11.9233,162392.7053,42465.7534,electricity-generation
41.79210,-83.44950,1,0.000,2.000,0.5027,0.0000,0.0000,electricity-generation
40.80790,-96.71070,1,0.000,2.000,0.5027,72508.0000,29.0000,electricity-generation
44.05750,-90.02420,1,0.000,2.000,0.5027,0.0000,0.0000,electricity-generation
44.68890,-85.20190,1,0.000,2.000,0.5027,42008.7000,60.5000,electricity-generation
39.82946,-80.81523,3,1.873,3.873,11.0182,4222303.0000,1633.6000,electricity-generation
38.20560,-81.42110,1,0.000,2.000,0.5027,0.0000,0.0000,electricity-generation
19.70420,-155.06086,3,2.351,4.351,17.3605,113398.9000,58.1000,electricity-generation
39.29730,-94.69320,1,0.000,2.000,0.5027,0.0000,0.0000,electricity-generation
38.27084,-98.19746,2,6.343,8.343,126.4118,29955.3000,23.8000,electricity-generation
36.45251,-77.66049,3,4.307,6.307,58.2864,106317.0000,208.3000,electricity-generation
19.73170,-156.02830,1,0.000,2.000,0.5027,184990.0000,89.1000,electricity-generation
32.87480,-117.23417,3,6.415,8.415,129.2743,105136.2000,139.0000,electricity-generation
32.79950,-117.09938,3,5.006,7.006,78.7301,50495.9999,15.3000,electricity-generation
32.79760,-88.60600,1,0.000,2.000,0.5027,84088.0000,372.0000,electricity-generation
41.47970,-88.25810,1,0.000,2.000,0.5027,2295900.0000,1256.0000,electricity-generation
40.67802,-112.06218,4,6.329,8.329,125.8329,433583.9996,257.2000,electricity-generation
37.95421,-86.80463,6,4.755,6.755,71.0310,1063586.8112,21236.8767,other-metals
36.23380,-90.05210,1,0.000,2.000,0.5027,13582.0000,31.4000,electricity-generation
42.94960,-85.69320,1,0.000,2.000,0.5027,14277.9000,18.0000,electricity-generation
37.89480,-86.68540,1,0.000,2.000,0.5027,0.0000,88.0000,electricity-generation
48.62030,-118.11110,1,0.000,2.000,0.5027,14799.5000,57.9000,electricity-generation
44.19876,-94.00296,3,0.415,2.415,0.5399,1002084.6000,765.8000,electricity-generation
34.68310,-95.93490,1,0.000,2.000,0.5027,2148030.0000,1370.0000,electricity-generation
38.51360,-121.19440,1,0.000,2.000,0.5027,51827.0000,15.2000,electricity-generation
38.69030,-83.48030,1,0.000,2.000,0.5027,0.0000,0.0000,electricity-generation
41.55830,-73.41360,1,0.000,2.000,0.5027,109769.0000,36.3000,electricity-generation
39.59060,-89.49640,1,0.000,2.000,0.5027,2811199.0000,1319.0000,electricity-generation
36.22497,-121.12739,2,0.251,2.251,0.5027,216578.0000,180.5000,electricity-generation
37.38310,-98.07040,1,0.000,2.000,0.5027,10742.3000,16.9000,electricity-generation
37.67110,-76.76000,1,0.000,2.000,0.5027,37734.0000,10.8000,electricity-generation
39.24580,-120.02720,1,0.000,2.000,0.5027,3314.2000,15.0000,electricity-generation
36.54474,-119.58097,2,0.578,2.578,1.0484,172457.0000,33197400.0254,electricity-generation
35.89920,-84.51940,1,0.000,2.000,0.5027,4445900.0000,1700.0000,electricity-generation
38.76190,-89.01280,1,0.000,2.000,0.5027,585160.0000,270.0000,electricity-generation
40.22450,-92.58490,1,0.000,2.000,0.5027,0.0000,0.0000,electricity-generation
42.17389,-121.81064,2,0.337,2.337,0.5027,1304962.7000,619.1000,electricity-generation
41.55314,-72.59317,3,3.198,5.198,32.1249,1626028.9998,936.0000,electricity-generation
40.90435,-76.01095,2,3.741,5.741,43.9682,0.0000,0.0000,electricity-generation
32.37660,-94.64150,1,0.000,2.000,0.5027,446405.0000,351.0000,electricity-generation
41.31600,-93.06100,1,0.000,2.000,0.5027,3574.4000,16.0000,electricity-generation
57.79000,-152.39700,1,0.000,2.000,0.5027,4043.4000,18.3000,electricity-generation
66.83780,-162.55690,1,0.000,2.000,0.5027,14914.9000,11.8000,electricity-generation
38.56220,-90.83770,1,0.000,2.000,0.5027,16572000.0000,2389.4000,electricity-generation
38.34810,-94.64560,1,0.000,2.000,0.5027,6880900.0000,1598.9000,electricity-generation
38.07220,-77.51330,1,0.000,2.000,0.5027,621280.0000,892.5000,electricity-generation
35.65780,-89.39640,1,0.000,2.000,0.5027,1447350.0000,1625.2000,electricity-generation
37.98760,-103.54680,1,0.000,2.000,0.5027,0.0000,0.0000,electricity-generation
34.43099,-92.84448,3,5.828,7.828,106.7105,1885248.0000,1299.5000,electricity-generation
31.46470,-96.98500,1,0.000,2.000,0.5027,0.0000,0.0000,electricity-generation
43.79840,-94.84150,1,0.000,2.000,0.5027,86561.0000,535.8000,electricity-generation
43.41720,-93.53220,1,0.000,2.000,0.5027,3959.8000,17.7000,electricity-generation
41.87200,-71.89580,1,0.000,2.000,0.5027,1055840.0000,840.0000,electricity-generation
39.72460,-94.87730,1,0.000,2.000,0.5027,599310.0000,278.4000,electricity-generation
40.33169,-111.75418,2,2.205,4.205,15.2696,2412108.0000,1247.5000,electricity-generation
34.60653,-106.74772,3,6.248,8.248,122.6446,388262.1789,15446.0260,electricity-generation
38.03330,-102.53790,1,0.000,2.000,0.5027,0.0000,0.0000,electricity-generation
33.63450,-95.58819,2,7.480,9.480,175.7707,2951134.0000,1378.2000,electricity-generation
40.62200,-93.93260,1,0.000,2.000,0.5027,2452.9000,10.5000,electricity-generation
43.90440,-116.81970,1,0.000,2.000,0.5027,713009.7000,318.5000,electricity-generation
43.33590,-91.16750,1,0.000,2.000,0.5027,0.0000,0.0000,electricity-generation
30.26860,-85.70030,1,0.000,2.000,0.5027,1532430.0000,661.5000,electricity-generation
42.10890,-104.88250,1,0.000,2.000,0.5027,9219500.0000,1863.0000,electricity-generation
27.56670,-99.50890,1,0.000,2.000,0.5027,22383.8000,263.6000,electricity-generation
38.17620,-99.10000,1,0.000,2.000,0.5027,3181.7000,14.4000,electricity-generation
36.21720,-115.12611,2,1.671,3.671,8.7768,1140925.0000,42004.9843,electricity-generation
26.07341,-80.17838,3,5.471,7.471,94.0499,5768130.0000,3796.9000,electricity-generation
39.10582,-84.82424,6,10.185,12.185,325.9102,10582516.9998,11088917.3246,electricity-generation
38.74794,-86.45530,2,5.833,7.833,106.8907,776347.6230,204237.6164,electricity-generation
39.00613,-95.26705,2,5.401,7.401,91.6430,1405362.0000,518.0000,electricity-generation
32.97810,-103.32390,1,0.000,2.000,0.5027,66748.0000,46.5000,electricity-generation
31.24340,-89.04560,1,0.000,2.000,0.5027,0.0000,50.4000,electricity-generation
39.43220,-84.21090,1,0.000,2.000,0.5027,0.0000,0.0000,electricity-generation
41.07694,-74.01810,2,0.029,2.029,0.5027,193345.0000,24.4000,electricity-generation
34.18100,-80.26780,1,0.000,2.000,0.5027,15369.0000,11.2000,electricity-generation
41.85629,-89.44891,2,4.733,6.733,70.3815,698712.0095,130637.2055,electricity-generation
47.28080,-101.32120,2,1.033,3.033,3.3532,2972000.0000,656.0000,electricity-generation
29.35250,-98.57610,1,0.000,2.000,0.5027,227850.0000,229.6000,electricity-generation
29.69190,-91.19250,2,0.390,2.390,0.5027,108169.0000,74.1000,electricity-generation
47.71487,-104.13578,2,4.337,6.337,59.0860,231920.9789,15262.8260,electricity-generation
30.43818,-95.52443,2,0.414,2.414,0.5379,2950140.0000,1542.8000,electricity-generation
40.88560,-86.70440,1,0.000,2.000,0.5027,28086.0000,12.8000,electricity-generation
32.70470,-93.95970,1,0.000,2.000,0.5027,209565.0000,228.0000,electricity-generation
43.24760,-93.20470,1,0.000,2.000,0.5027,101474.0000,90.2000,electricity-generation
31.42300,-96.25310,1,0.000,2.000,0.5027,8754700.0000,1849.8000,electricity-generation
39.20380,-103.70050,1,0.000,2.000,0.5027,109525.0000,154.2000,electricity-generation
35.43170,-81.03470,1,0.000,2.000,0.5027,4883300.0000,2290.0000,electricity-generation
41.39330,-87.94360,1,0.000,2.000,0.5027,35994.0000,692.0000,electricity-generation
45.36690,-68.51060,1,0.000,2.000,0.5027,0.0000,0.0000,electricity-generation
40.93140,-88.65480,1,0.000,2.000,0.5027,39973.0000,15.0000,electricity-generation
43.16190,-78.74500,1,0.000,2.000,0.5027,327490.0000,221.3000,electricity-generation
38.08810,-121.38720,1,0.000,2.000,0.5027,489510.0000,338.9000,electricity-generation
41.72580,-111.84330,1,0.000,2.000,0.5027,11752.5000,15.9000,electricity-generation
40.73494,-86.43345,2,6.714,8.714,141.6125,464766.1962,109604.3978,electricity-generation
34.07984,-117.24221,2,3.323,5.323,34.6866,686122.0000,1047.2000,electricity-generation
47.79670,-103.57860,1,0.000,2.000,0.5027,592300.0000,363.0000,electricity-generation
32.92150,-94.72260,1,0.000,2.000,0.5027,0.0000,0.0000,electricity-generation
46.13710,-122.98472,5,6.305,8.305,124.8976,1006229.0000,428.4000,electricity-generation
41.42810,-96.46230,1,0.000,2.000,0.5027,510980.0000,170.0000,electricity-generation
41.28360,-82.21940,2,3.774,5.774,44.7418,10353.1000,18.5000,electricity-generation
32.35050,-108.69800,1,0.000,2.000,0.5027,43126.0000,88.0000,electricity-generation
35.66610,-119.76690,1,0.000,2.000,0.5027,6804.4000,7.0000,electricity-generation
44.59510,-71.49440,1,0.000,2.000,0.5027,20251.0000,18.0000,electricity-generation
30.14677,-97.27112,2,0.134,2.134,0.5027,1481941.0000,1232.0000,electricity-generation
41.33151,-91.08678,4,7.142,9.142,160.2647,5574042.0000,1089.4000,electricity-generation
30.25540,-92.04330,2,1.956,3.956,12.0211,186670.0000,100.8000,electricity-generation
31.48804,-87.91033,2,1.094,3.094,3.7589,1556369.0000,777.1000,electricity-generation
37.77700,-79.89200,1,0.000,2.000,0.5027,24667.0000,82.8000,electricity-generation
44.79460,-92.91132,2,0.619,2.619,1.2051,296070.0000,13123110.9488,electricity-generation
39.47360,-79.05690,1,0.000,2.000,0.5027,0.0000,0.0000,electricity-generation
34.58800,-78.97390,2,2.108,4.108,13.9555,183380.0000,197.7000,electricity-generation
32.29930,-107.78340,1,0.000,2.000,0.5027,783680.0000,650.0000,electricity-generation
34.28367,-77.98529,2,3.000,5.000,28.2786,1143345.9999,852.0000,electricity-generation
20.80120,-156.49300,1,0.000,2.000,0.5027,384910.0000,217.3000,electricity-generation
34.63600,-92.40960,1,0.000,2.000,0.5027,0.0000,0.0000,electricity-generation
39.74900,-92.38450,1,0.000,2.000,0.5027,20335.0000,10.0000,electricity-generation
44.05010,-94.41780,1,0.000,2.000,0.5027,2607.3000,11.8000,electricity-generation
36.86150,-120.33900,1,0.000,2.000,0.5027,0.0000,0.0000,electricity-generation
34.83500,-89.20260,1,0.000,2.000,0.5027,2723500.0000,1003.5000,electricity-generation
44.82420,-68.70940,1,0.000,2.000,0.5027,752800.0000,550.2000,electricity-generation
31.09190,-96.69500,1,0.000,2.000,0.5027,2896600.0000,349.2000,electricity-generation
36.69882,-119.71912,3,2.136,4.136,14.3351,85494.8000,21069815.0836,electricity-generation
41.95270,-88.14370,1,0.000,2.000,0.5027,0.0000,0.0000,electricity-generation
27.60580,-82.34560,1,0.000,2.000,0.5027,3064900.0000,2951.2000,electricity-generation
41.81648,-71.40440,3,5.010,7.010,78.8622,748846.0000,525.4000,electricity-generation
32.15750,-93.55620,1,0.000,2.000,0.5027,181970.0000,172.0000,electricity-generation
45.22910,-94.00970,1,0.000,2.000,0.5027,752.9500,25.0000,electricity-generation
42.03870,-90.66270,1,0.000,2.000,0.5027,11030.9000,22.7000,electricity-generation
24.71080,-81.09270,1,0.000,2.000,0.5027,843.0000,11.0000,electricity-generation
37.61970,-88.95310,1,0.000,2.000,0.5027,1014570.0000,249.0000,electricity-generation
37.78920,-121.60190,1,0.000,2.000,0.5027,22483.7000,199.6000,electricity-generation
29.22710,-95.43080,1,0.000,2.000,0.5027,182763.0000,409.0000,electricity-generation
34.59937,-79.76766,3,1.706,3.706,9.1438,62858.9997,53.4000,other-manufacturing
46.56600,-87.43730,3,5.233,7.233,86.0456,113088.0000,51.3000,electricity-generation
39.39210,-87.68510,1,0.000,2.000,0.5027,3837.3000,16.9000,electricity-generation
42.27170,-84.94110,1,0.000,2.000,0.5027,5399.1000,9.5000,electricity-generation
44.44660,-95.79230,1,0.000,2.000,0.5027,5205.9000,18.0000,electricity-generation
39.12280,-93.20640,1,0.000,2.000,0.5027,18410.0000,30.8000,electricity-generation
35.59750,-80.96580,1,0.000,2.000,0.5027,6533900.0000,2119.0000,electricity-generation
42.04190,-92.87130,2,1.152,3.152,4.1662,926600.0000,894.9000,electricity-generation
44.64895,-90.14923,2,1.899,3.899,11.3240,36102.2999,61.4000,electricity-generation
38.53869,-77.77026,2,1.170,3.170,4.3039,1196630.0000,1302.2000,electricity-generation
40.86250,-74.82500,1,0.000,2.000,0.5027,20853.0000,12.3000,electricity-generation
32.26060,-94.57060,1,0.000,2.000,0.5027,9951300.0000,2379.6000,electricity-generation
42.32110,-88.03190,1,0.000,2.000,0.5027,0.0000,0.0000,electricity-generation
44.95617,-74.89348,3,0.655,2.655,1.3466,385481.4079,11144.1959,electricity-generation
42.18020,-72.51603,3,2.932,4.932,26.9989,1081509.9996,792.5000,electricity-generation
36.52780,-78.89170,1,0.000,2.000,0.5027,2232500.0000,763.2000,electricity-generation
34.23720,-116.05420,1,0.000,2.000,0.5027,36045.0000,16.4000,electricity-generation
37.24860,-93.17000,1,0.000,2.000,0.5027,60979.0000,117.8000,electricity-generation
35.29770,-97.58990,1,0.000,2.000,0.5027,718840.0000,551.3000,electricity-generation
33.56480,-92.79170,1,0.000,2.000,0.5027,336270.0000,136.0000,electricity-generation
38.65270,-121.39330,1,0.000,2.000,0.5027,49702.0000,77.0000,electricity-generation
40.22050,-100.65110,1,0.000,2.000,0.5027,4468.7600,56.7000,electricity-generation
31.25561,-88.02396,4,5.562,7.562,97.1819,580624.0000,800.5000,electricity-generation
48.13470,-123.46560,1,0.000,2.000,0.5027,0.0000,0.0000,electricity-generation
34.05325,-81.19872,2,4.414,6.414,61.2100,276758.5996,294.6000,electricity-generation
35.70500,-85.74390,1,0.000,2.000,0.5027,5086.6000,24.0000,electricity-generation
38.34355,-97.67645,4,7.638,9.638,183.2694,1580657.6007,114531.4000,electricity-generation
31.40030,-86.47650,1,0.000,2.000,0.5027,1092060.0000,654.0000,electricity-generation
32.17680,-85.02730,1,0.000,2.000,0.5027,51935.0000,120.5000,electricity-generation
44.53031,-70.52191,3,2.921,4.921,26.8120,339873.0000,377.1000,electricity-generation
36.59950,-78.52990,1,0.000,2.000,0.5027,0.0000,0.0000,electricity-generation
38.40170,-90.33580,1,0.000,2.000,0.5027,0.0000,0.0000,electricity-generation
43.05630,-92.69320,1,0.000,2.000,0.5027,21127.0000,36.0000,electricity-generation
39.06940,-87.51080,1,0.000,2.000,0.5027,4907600.0000,1080.0000,electricity-generation
43.14110,-71.46920,1,0.000,2.000,0.5027,461330.0000,150.8000,electricity-generation
32.91447,-115.56566,4,5.298,7.298,88.1957,328948.1789,21133.2703,electricity-generation
41.59890,-93.35500,1,0.000,2.000,0.5027,25040.0000,11.2000,electricity-generation
39.14833,-91.83290,2,7.055,9.055,156.3852,70224.0000,61.7000,electricity-generation
25.87576,-80.37825,2,4.964,6.964,77.3980,628965.6006,178356.1644,electricity-generation
40.79359,-85.87032,3,4.459,6.459,62.4651,79457.0000,2.0000,other-metals
41.71810,-86.91240,1,0.000,2.000,0.5027,1990941.0000,540.0000,electricity-generation
43.94120,-86.42537,3,2.876,4.876,25.9828,551209.0000,140.1000,electricity-generation
30.01382,-89.93185,3,3.371,5.371,35.7059,639115.0000,382.6000,electricity-generation
39.02690,-74.87720,1,0.000,2.000,0.5027,0.0000,0.0000,electricity-generation
41.15000,-80.85236,4,4.013,6.013,50.5845,1254857.9998,964.0000,electricity-generation
41.15045,-80.72312,4,6.362,8.362,127.1422,116057.7325,61614.1425,electricity-generation
32.48560,-83.60390,1,0.000,2.000,0.5027,89177.0000,323.0000,electricity-generation
43.58668,-84.22441,4,2.180,4.180,14.9286,2122101.9999,1471.6000,other-chemicals
32.44871,-97.03871,5,9.545,11.545,286.2128,4036472.3984,565679.2055,cement
35.21231,-119.59174,2,3.786,5.786,45.0356,878501.0000,919.2000,electricity-generation
20.79000,-156.93420,1,0.000,2.000,0.5027,26863.0000,10.4000,electricity-generation
36.73670,-107.94170,1,0.000,2.000,0.5027,0.0000,0.0000,electricity-generation
41.89440,-76.58280,1,0.000,2.000,0.5027,36670.0000,21.0000,electricity-generation
46.41120,-105.79530,1,0.000,2.000,0.5027,13557.0000,23.3000,electricity-generation
38.05144,-85.91009,2,1.824,3.824,10.4561,8089288.7964,146100.7616,electricity-generation
37.11210,-113.51660,1,0.000,2.000,0.5027,87387.4000,80.0000,electricity-generation
42.11230,-72.01510,1,0.000,2.000,0.5027,553160.0000,427.5000,electricity-generation
47.06590,-101.21310,1,0.000,2.000,0.5027,4579000.0000,734.0000,electricity-generation
43.02965,-87.92205,4,8.809,10.809,243.7725,735554.0000,304.3000,electricity-generation
32.60460,-93.29440,1,0.000,2.000,0.5027,0.0000,0.0000,electricity-generation
40.37979,-80.60617,8,7.788,9.788,190.5515,840279.2726,142646.4863,other-metals
33.45230,-88.80150,1,0.000,2.000,0.5027,51873.0000,26.0000,electricity-generation
39.23150,-94.30800,1,0.000,2.000,0.5027,0.0000,0.0000,electricity-generation
31.44470,-84.13470,1,0.000,2.000,0.5027,0.0000,0.0000,electricity-generation
39.25110,-91.64010,1,0.000,2.000,0.5027,26201.0000,13.3000,electricity-generation
46.71024,-92.07179,3,6.699,8.699,140.9690,947995.4573,77955.5326,electricity-generation
42.52711,-70.88530,4,4.478,6.478,63.0087,1185126.0000,929.1000,electricity-generation
34.02180,-117.98826,4,4.254,6.254,56.8450,425782.1789,15795.2260,electricity-generation
34.03320,-117.90610,2,7.822,9.822,192.2381,26203.0000,6.8000,electricity-generation
34.05940,-117.77420,1,0.000,2.000,0.5027,0.0000,0.0000,electricity-generation
39.42420,-92.48450,1,0.000,2.000,0.5027,68175.0000,60.6000,electricity-generation
41.55196,-90.49121,6,7.915,9.915,196.8153,560201.1787,15319.2260,electricity-generation
34.98441,-80.51168,2,0.540,2.540,0.9146,64474.0000,31.0000,electricity-generation
41.89072,-83.34645,3,7.471,9.471,175.3544,16628358.2522,65294.1000,electricity-generation
39.65250,-91.73250,1,0.000,2.000,0.5027,0.0000,0.0000,electricity-generation
31.82390,-106.21190,1,0.000,2.000,0.5027,488770.0000,527.2000,electricity-generation
33.09170,-95.04170,1,0.000,2.000,0.5027,0.0000,0.0000,electricity-generation
41.58550,-84.57940,1,0.000,2.000,0.5027,2633.8000,10.8000,electricity-generation
40.62060,-85.30570,1,0.000,2.000,0.5027,118543.0000,236.0000,electricity-generation
38.31140,-93.93480,1,0.000,2.000,0.5027,0.0000,0.0000,electricity-generation
39.73094,-84.20939,3,10.856,12.856,370.2161,727689.0000,695.1000,electricity-generation
40.39419,-79.85493,2,0.226,2.226,0.5027,4122643.4650,220874.4178,electricity-generation
36.43730,-99.22540,1,0.000,2.000,0.5027,139934.0000,305.0000,electricity-generation
46.45410,-92.76060,1,0.000,2.000,0.5027,4097.7000,11.0000,electricity-generation
45.87710,-93.29510,1,0.000,2.000,0.5027,5446.1000,13.8000,electricity-generation
38.55570,-92.10230,1,0.000,2.000,0.5027,2868.0800,60.8000,electricity-generation
32.33580,-100.91560,1,0.000,2.000,0.5027,51404.0000,536.4000,electricity-generation
38.35920,-76.97670,1,0.000,2.000,0.5027,16782.1000,260.0000,electricity-generation
27.83391,-82.05084,2,0.164,2.164,0.5027,569563.0000,126.5000,electricity-generation
27.73046,-81.98711,2,6.125,8.125,117.8734,1783099.0000,1637.1000,electricity-generation
31.52800,-89.30040,1,0.000,2.000,0.5027,830750.0000,510.5000,electricity-generation
40.23520,-75.61930,1,0.000,2.000,0.5027,19097.0000,63.6000,electricity-generation
44.78810,-89.69170,1,0.000,2.000,0.5027,0.0000,20.0000,electricity-generation
40.12867,-77.16762,2,0.735,2.735,1.6983,224912.9300,55960292.3527,electricity-generation
32.72310,-96.93580,1,0.000,2.000,0.5027,473190.0000,852.2000,electricity-generation
38.97918,-81.93431,3,2.432,4.432,18.5839,6989269.0000,1301.0000,electricity-generation
40.14720,-104.54920,1,0.000,2.000,0.5027,144220.0000,162.6000,electricity-generation
39.80140,-77.78830,1,0.000,2.000,0.5027,22770.0000,14.4000,electricity-generation
38.46810,-78.86500,1,0.000,2.000,0.5027,7471.1000,24.0000,electricity-generation
42.28060,-72.60550,1,0.000,2.000,0.5027,0.0000,0.0000,electricity-generation
41.11310,-76.15810,1,0.000,2.000,0.5027,1235680.0000,1105.0000,electricity-generation
42.00010,-88.24460,1,0.000,2.000,0.5027,149687.0000,540.0000,electricity-generation
42.09310,-88.23970,1,0.000,2.000,0.5027,38018.0000,374.0000,electricity-generation
35.57630,-119.00620,1,0.000,2.000,0.5027,0.0000,0.0000,electricity-generation
39.20080,-79.26360,1,0.000,2.000,0.5027,4532410.0000,1680.9000,electricity-generation
35.85140,-86.36500,1,0.000,2.000,0.5027,25250.0000,5.0000,electricity-generation
34.95360,-83.37860,1,0.000,2.000,0.5027,0.0000,17.9000,electricity-generation
37.58167,-97.42528,3,1.963,3.963,12.1043,121457.0000,1.0000,electricity-generation
40.66530,-111.89430,1,0.000,2.000,0.5027,37346.0000,42.0000,electricity-generation
39.55455,-81.69232,4,4.182,6.182,54.9510,3865844.9999,1637.5000,electricity-generation
32.97505,-102.74323,2,4.079,6.079,52.2705,2319366.0000,1016.5000,electricity-generation
33.70830,-78.92420,1,0.000,2.000,0.5027,125441.0000,111.5000,electricity-generation
31.83210,-94.90060,1,0.000,2.000,0.5027,0.0000,114.0000,electricity-generation
40.06330,-74.16720,1,0.000,2.000,0.5027,193593.0000,397.8000,electricity-generation
58.73040,-157.00720,1,0.000,2.000,0.5027,19530.0000,16.5000,electricity-generation
41.25830,-70.05170,1,0.000,2.000,0.5027,4672.1000,16.4000,electricity-generation
41.40790,-84.10950,1,0.000,2.000,0.5027,101014.0000,49.5000,electricity-generation
44.20400,-85.22060,1,0.000,2.000,0.5027,0.0000,20.0000,electricity-generation
41.75810,-110.59830,1,0.000,2.000,0.5027,2429300.0000,707.2000,electricity-generation
36.90470,-111.38860,1,0.000,2.000,0.5027,0.0000,0.0000,electricity-generation
35.78400,-78.67470,1,0.000,2.000,0.5027,48332.0000,11.2000,electricity-generation
40.06140,-111.72940,1,0.000,2.000,0.5027,363975.0000,140.0000,electricity-generation
40.62140,-95.77640,1,0.000,2.000,0.5027,6888400.0000,1389.6000,electricity-generation
40.67626,-95.85372,2,1.670,3.670,8.7597,20421.4000,39.6000,electricity-generation
44.32740,-71.68000,1,0.000,2.000,0.5027,0.0000,17.5000,electricity-generation
42.54280,-71.85280,1,0.000,2.000,0.5027,0.0000,18.0000,electricity-generation
45.25370,-68.62790,1,0.000,2.000,0.5027,0.0000,27.5000,electricity-generation
43.44290,-72.05600,1,0.000,2.000,0.5027,0.0000,20.0000,electricity-generation
43.84759,-71.20659,2,1.532,3.532,7.3714,20924.0000,43.6000,electricity-generation
44.35800,-71.54490,1,0.000,2.000,0.5027,0.0000,19.9000,electricity-generation
37.83722,-94.33302,2,1.764,3.764,9.7810,41109.5998,22.6000,electricity-generation
36.22372,-114.88335,2,0.625,2.625,1.2256,288377.7000,97.3000,electricity-generation
34.54080,-88.93970,1,0.000,2.000,0.5027,0.0000,0.0000,electricity-generation
42.32240,-86.29370,1,0.000,2.000,0.5027,3004900.0000,1176.0000,electricity-generation
43.06890,-92.32010,1,0.000,2.000,0.5027,3311.8000,10.6000,electricity-generation
41.28400,-72.90430,1,0.000,2.000,0.5027,606690.0000,641.5000,electricity-generation
43.10249,-70.79977,6,5.139,7.139,82.9604,1086066.5997,1193.7000,electricity-generation
36.51432,-89.56204,3,0.614,2.614,1.1828,7378558.3269,39475.7841,aluminum
31.98360,-106.43180,1,0.000,2.000,0.5027,2156550.0000,1109.8000,electricity-generation
44.54310,-93.57310,1,0.000,2.000,0.5027,9605.0000,16.9000,electricity-generation
38.93610,-88.27810,1,0.000,2.000,0.5027,3729200.0000,617.4000,electricity-generation
44.31590,-94.45810,1,0.000,2.000,0.5027,109867.0000,72.5000,electricity-generation
39.00190,-77.09090,1,0.000,2.000,0.5027,99851.0000,50.0000,electricity-generation
33.24300,-115.49910,1,0.000,2.000,0.5027,25347.8000,121.0000,electricity-generation
29.94703,-90.14579,2,3.459,5.459,37.5874,5046595.0000,2440.7000,electricity-generation
40.09690,-85.97140,1,0.000,2.000,0.5027,385080.0000,283.0000,electricity-generation
40.28770,-94.79130,1,0.000,2.000,0.5027,37477.0000,315.6000,electricity-generation
40.69021,-75.48840,2,1.510,3.510,7.1613,745456.4631,125856.6545,electricity-generation
45.51060,-92.97900,1,0.000,2.000,0.5027,2619.6000,11.0000,electricity-generation
36.43170,-95.70080,1,0.000,2.000,0.5027,3306400.0000,1477.5000,electricity-generation
38.02110,-87.51720,1,0.000,2.000,0.5027,0.0000,0.0000,electricity-generation
47.73510,-117.37050,1,0.000,2.000,0.5027,39007.0000,61.8000,electricity-generation
37.94830,-76.71090,1,0.000,2.000,0.5027,30798.0000,82.8000,electricity-generation
45.93560,-90.44680,1,0.000,2.000,0.5027,0.0000,0.0000,electricity-generation
32.40849,-111.14725,2,2.144,4.144,14.4449,503760.0792,93532.4575,electricity-generation
41.90930,-89.04980,1,0.000,2.000,0.5027,4765.4600,17.1000,electricity-generation
41.32910,-95.94470,1,0.000,2.000,0.5027,1707790.0000,644.7000,electricity-generation
64.73560,-147.34810,1,0.000,2.000,0.5027,398040.0000,181.0000,electricity-generation
33.54520,-80.91090,1,0.000,2.000,0.5027,3496.5000,14.0000,electricity-generation
40.88130,-117.15160,1,0.000,2.000,0.5027,1150390.0000,567.0000,electricity-generation
39.42170,-76.50870,1,0.000,2.000,0.5027,0.0000,0.0000,electricity-generation
34.50320,-110.33500,1,0.000,2.000,0.5027,0.0000,27.2000,electricity-generation
42.24043,-89.09774,5,5.912,7.912,109.8029,169661.2000,487.0000,electricity-generation
32.69838,-92.04511,5,3.610,5.610,40.9476,3288151.8000,1889.3000,electricity-generation
38.23830,-108.50690,1,0.000,2.000,0.5027,0.0000,0.0000,electricity-generation
57.73160,-152.50700,1,0.000,2.000,0.5027,2209.5000,10.0000,electricity-generation
31.18130,-96.48900,1,0.000,2.000,0.5027,12710200.0000,1795.4000,electricity-generation
29.80939,-90.00951,2,0.309,2.309,0.5027,202397.0000,24.5000,electricity-generation
40.02490,-74.25010,1,0.000,2.000,0.5027,0.0000,0.0000,electricity-generation
42.00980,-71.66950,1,0.000,2.000,0.5027,789750.0000,560.8000,electricity-generation
31.84060,-102.32333,2,0.792,2.792,1.9722,4456750.0000,1703.2000,electricity-generation
39.60550,-84.24235,2,4.278,6.278,57.4858,169071.0000,158.1000,electricity-generation
27.63420,-80.79110,1,0.000,2.000,0.5027,2092900.0000,1723.1000,electricity-generation
26.57690,-80.74690,1,0.000,2.000,0.5027,187920.0000,128.9000,electricity-generation
34.08250,-99.17530,1,0.000,2.000,0.5027,0.0000,0.0000,electricity-generation
28.36610,-80.79470,1,0.000,2.000,0.5027,376380.0000,994.4000,electricity-generation
43.82640,-83.23830,1,0.000,2.000,0.5027,2982.8000,13.5000,electricity-generation
36.01190,-95.69670,1,0.000,2.000,0.5027,2080400.0000,1214.0000,electricity-generation
42.85860,-77.08720,1,0.000,2.000,0.5027,46878.0000,11.2000,electricity-generation
33.35940,-117.11140,1,0.000,2.000,0.5027,9425.6000,118.0000,electricity-generation
60.55590,-145.75300,1,0.000,2.000,0.5027,4815.2000,7.6000,electricity-generation
42.14240,-89.07900,1,0.000,2.000,0.5027,0.0000,0.0000,electricity-generation
41.60420,-98.92610,1,0.000,2.000,0.5027,2708.7000,12.0000,electricity-generation
28.44260,-81.41230,1,0.000,2.000,0.5027,175246.0000,122.4000,electricity-generation
39.84420,-77.35080,1,0.000,2.000,0.5027,7969.6000,27.0000,electricity-generation
40.85100,-81.76580,1,0.000,2.000,0.5027,98209.0000,72.0000,electricity-generation
38.63320,-95.82770,1,0.000,2.000,0.5027,6308.6000,11.1000,electricity-generation
38.53220,-94.90260,1,0.000,2.000,0.5027,39327.0000,102.0000,electricity-generation
28.12890,-81.09780,1,0.000,2.000,0.5027,1132030.0000,580.0000,electricity-generation
42.46410,-85.69190,1,0.000,2.000,0.5027,96973.0000,21.2000,electricity-generation
38.61510,-95.27940,1,0.000,2.000,0.5027,11214.1000,19.2000,electricity-generation
41.09610,-92.55580,1,0.000,2.000,0.5027,2878469.0000,725.9000,electricity-generation
44.08478,-93.25552,2,2.045,4.045,13.1344,51387.8000,57.8000,electricity-generation
41.60810,-75.87010,1,0.000,2.000,0.5027,41206.0000,22.0000,electricity-generation
37.87410,-120.47760,1,0.000,2.000,0.5027,0.0000,25.0000,electricity-generation
35.04770,-88.26600,1,0.000,2.000,0.5027,0.0000,72.5000,electricity-generation
45.44310,-89.73420,1,0.000,2.000,0.5027,0.0000,15.7000,electricity-generation
41.74715,-81.28095,4,3.205,5.205,32.2756,559572.1789,34032.5439,lime
21.10600,-157.06470,1,0.000,2.000,0.5027,24522.0000,12.6000,electricity-generation
26.77377,-80.14180,2,0.248,2.248,0.5027,131631.0000,158.3000,electricity-generation
40.85560,-75.87810,1,0.000,2.000,0.5027,398520.0000,94.0000,electricity-generation
37.25910,-86.97910,1,0.000,2.000,0.5027,2777800.0000,1853.6000,electricity-generation
36.02420,-90.50930,1,0.000,2.000,0.5027,19003.0000,32.8000,electricity-generation
38.20490,-84.23830,1,0.000,2.000,0.5027,2596.8000,10.6000,electricity-generation
42.66580,-88.01310,1,0.000,2.000,0.5027,169407.0000,381.6000,electricity-generation
37.76250,-122.45670,1,0.000,2.000,0.5027,30427.0000,13.4000,electricity-generation
34.26440,-81.32990,1,0.000,2.000,0.5027,20050.0000,130.8000,electricity-generation
28.36673,-82.55871,2,0.357,2.357,0.5027,339134.0000,572.4000,electricity-generation
34.95560,-118.84400,1,0.000,2.000,0.5027,1381760.0000,779.0000,electricity-generation
32.03020,-89.08560,1,0.000,2.000,0.5027,0.0000,0.0000,electricity-generation
44.21889,-86.28852,3,0.917,2.917,2.6431,402172.0000,90.5000,electricity-generation
30.69430,-83.30460,1,0.000,2.000,0.5027,0.0000,69.9000,electricity-generation
35.37700,-76.78006,2,0.222,2.222,0.5027,507304.0000,55.0000,electricity-generation
30.56994,-87.11852,3,2.947,4.947,27.2811,573704.0000,289.6000,electricity-generation
39.44920,-90.61410,1,0.000,2.000,0.5027,7054.6000,24.0000,electricity-generation
28.92750,-99.09190,1,0.000,2.000,0.5027,344170.0000,201.6000,electricity-generation
37.87030,-122.26340,1,0.000,2.000,0.5027,73900.0000,28.5000,electricity-generation
41.41050,-92.93850,1,0.000,2.000,0.5027,6516.4000,28.0000,electricity-generation
39.35310,-91.22950,1,0.000,2.000,0.5027,100396.4000,240.0000,electricity-generation
31.58390,-102.96330,1,0.000,2.000,0.5027,492420.0000,447.0000,electricity-generation
39.44280,-76.22180,1,0.000,2.000,0.5027,182336.0000,492.3000,electricity-generation
40.75510,-86.05750,1,0.000,2.000,0.5027,0.0000,0.0000,electricity-generation
56.81100,-132.95710,1,0.000,2.000,0.5027,3308.4000,12.9000,electricity-generation
41.33150,-72.07860,1,0.000,2.000,0.5027,54440.0000,37.5000,electricity-generation
27.44390,-81.36330,1,0.000,2.000,0.5027,0.0000,0.0000,electricity-generation
39.79330,-83.00970,1,0.000,2.000,0.5027,0.0000,0.0000,electricity-generation
33.04530,-84.12560,1,0.000,2.000,0.5027,0.0000,60.0000,electricity-generation
38.11140,-89.34670,1,0.000,2.000,0.5027,60399.0000,380.0000,electricity-generation
34.21810,-91.90250,2,0.510,2.510,0.8170,303440.0000,315.4000,electricity-generation
40.73618,-73.38803,2,0.185,2.185,0.5027,60518.9000,99.0000,electricity-generation
27.85983,-82.60351,2,7.099,9.099,158.3040,2481720.0000,1552.1000,electricity-generation
42.76500,-82.74560,1,0.000,2.000,0.5027,54971.0000,12.8000,electricity-generation
48.23250,-103.95280,1,0.000,2.000,0.5027,1113430.0000,897.3000,electricity-generation
40.13380,-84.23730,1,0.000,2.000,0.5027,11158.8000,36.3000,electricity-generation
32.46070,-94.48520,1,0.000,2.000,0.5027,215900.0000,721.0000,electricity-generation
34.46390,-118.59400,1,0.000,2.000,0.5027,0.0000,0.0000,electricity-generation
40.49600,-80.23310,1,0.000,2.000,0.5027,75893.0000,22.0000,electricity-generation
39.87090,-76.86810,1,0.000,2.000,0.5027,232460.0000,109.5000,electricity-generation
42.71070,-83.45650,2,0.035,2.035,0.5027,5965.6000,27.0000,electricity-generation
41.66440,-71.92420,1,0.000,2.000,0.5027,0.0000,43.0000,electricity-generation
39.86420,-105.22753,3,5.220,7.220,85.6161,198791.0000,232.6000,electricity-generation
32.48680,-92.14960,1,0.000,2.000,0.5027,144910.0000,84.2000,electricity-generation
34.16610,-102.41140,1,0.000,2.000,0.5027,476104.0000,336.4000,electricity-generation
40.85480,-98.34820,1,0.000,2.000,0.5027,471976.0000,109.8000,electricity-generation
42.47760,-87.89500,2,6.762,8.762,143.6307,298469.0000,596.7000,electricity-generation
39.34665,-81.33488,3,4.133,6.133,53.6664,1643760.0000,1751.8000,electricity-generation
43.79940,-92.68290,1,0.000,2.000,0.5027,113406.0000,467.8000,electricity-generation
38.40080,-78.89750,1,0.000,2.000,0.5027,6497.2000,20.5000,electricity-generation
35.66127,-89.94809,3,3.105,5.105,30.2862,4538628.5788,558380.2740,iron-and-steel
44.28050,-87.53720,1,0.000,2.000,0.5027,3011.9600,25.0000,electricity-generation
36.67723,-97.07987,3,4.763,6.763,71.2751,2423506.1841,216835.3000,electricity-generation
36.75960,-90.39010,1,0.000,2.000,0.5027,19786.0000,34.1000,electricity-generation
47.08080,-88.64720,1,0.000,2.000,0.5027,0.0000,0.0000,electricity-generation
21.89960,-159.58500,1,0.000,2.000,0.5027,73955.0000,89.5000,electricity-generation
40.94157,-73.09100,2,4.223,6.223,56.0221,378628.0000,545.0000,electricity-generation
48.09310,-122.79580,1,0.000,2.000,0.5027,0.0000,7.5000,electricity-generation
43.38457,-87.87068,2,6.531,8.531,133.9939,3112619.2504,49640.5589,electricity-generation
38.53670,-77.28060,1,0.000,2.000,0.5027,1207785.0000,709.0000,electricity-generation
39.05780,-77.54260,1,0.000,2.000,0.5027,978870.0000,812.0000,electricity-generation
36.57480,-83.03210,1,0.000,2.000,0.5027,4983.3000,22.0000,electricity-generation
33.17070,-96.12640,1,0.000,2.000,0.5027,162500.0000,112.2000,electricity-generation
37.03390,-88.61590,1,0.000,2.000,0.5027,92766.8000,120.0000,electricity-generation
38.27920,-89.66690,1,0.000,2.000,0.5027,12115800.0000,1766.0000,electricity-generation
37.63576,-98.74408,2,0.083,2.083,0.5027,20134.3000,31.5000,electricity-generation
35.73410,-84.31991,2,1.046,3.046,3.4358,155676.9999,62.4000,electricity-generation
41.37550,-89.46490,1,0.000,2.000,0.5027,21887.0000,37.9000,electricity-generation
45.56950,-93.58720,1,0.000,2.000,0.5027,2841.1000,12.3000,electricity-generation
40.33172,-74.68111,2,2.410,4.410,18.2449,74222.0700,16.5000,electricity-generation
41.57430,-76.04320,1,0.000,2.000,0.5027,240110.0000,120.2000,electricity-generation
19.63160,-155.03130,1,0.000,2.000,0.5027,72890.0000,39.1000,electricity-generation
29.62830,-81.58510,1,0.000,2.000,0.5027,0.0000,0.0000,electricity-generation
32.23630,-108.54940,1,0.000,2.000,0.5027,160225.0000,186.0000,electricity-generation
40.44650,-75.34040,1,0.000,2.000,0.5027,3388.5000,10.8000,electricity-generation
33.37747,-89.21413,2,0.523,2.523,0.8580,3848250.0000,1364.2000,electricity-generation
28.91580,-81.67600,1,0.000,2.000,0.5027,0.0000,0.0000,electricity-generation
28.37460,-82.18890,1,0.000,2.000,0.5027,0.0000,0.0000,electricity-generation
35.18420,-103.73120,1,0.000,2.000,0.5027,6712.5000,22.0000,electricity-generation
39.50250,-83.06560,1,0.000,2.000,0.5027,0.0000,56.0000,electricity-generation
38.69960,-88.53920,1,0.000,2.000,0.5027,20290.0000,456.0000,electricity-generation
37.18053,-80.54140,2,0.124,2.124,0.5027,182770.9992,19.0000,electricity-generation
40.31220,-88.15940,1,0.000,2.000,0.5027,1494.5200,14.4000,electricity-generation
47.23450,-93.53720,1,0.000,2.000,0.5027,28108.0000,26.5000,electricity-generation
32.65470,-88.76220,1,0.000,2.000,0.5027,1525870.0000,840.0000,electricity-generation
47.79410,-116.89724,2,2.508,4.508,19.7536,1270109.0000,467.9000,electricity-generation
40.86090,-105.02120,1,0.000,2.000,0.5027,1556500.0000,800.4000,electricity-generation
33.57740,-96.61540,1,0.000,2.000,0.5027,1601090.0000,803.2000,electricity-generation
33.06810,-96.45250,1,0.000,2.000,0.5027,62463.0000,427.7000,electricity-generation
31.65930,-81.84390,1,0.000,2.000,0.5027,0.0000,69.5000,electricity-generation
31.21860,-89.39400,1,0.000,2.000,0.5027,654610.0000,558.0000,electricity-generation
40.15010,-122.21240,1,0.000,2.000,0.5027,33076.0000,46.4000,electricity-generation
38.21670,-89.99990,1,0.000,2.000,0.5027,3140.5000,13.9000,electricity-generation
35.68560,-97.22640,1,0.000,2.000,0.5027,1824200.0000,1433.6000,electricity-generation
40.50730,-122.42330,1,0.000,2.000,0.5027,138024.0000,183.1000,electricity-generation
26.45110,-98.17750,1,0.000,2.000,0.5027,281200.0000,224.4000,electricity-generation
43.19770,-77.66590,1,0.000,2.000,0.5027,349900.0000,162.4000,electricity-generation
44.56219,-92.49794,2,1.692,3.692,8.9970,55391.0000,24.0000,electricity-generation
46.63340,-68.43610,1,0.000,2.000,0.5027,0.0000,0.0000,electricity-generation
44.03650,-75.77200,1,0.000,2.000,0.5027,0.0000,0.0000,electricity-generation
44.89270,-74.07460,1,0.000,2.000,0.5027,0.0000,0.0000,electricity-generation
46.77290,-67.84850,1,0.000,2.000,0.5027,0.0000,0.0000,electricity-generation
44.43170,-70.16190,1,0.000,2.000,0.5027,0.0000,39.6000,electricity-generation
43.61800,-75.30540,1,0.000,2.000,0.5027,0.0000,0.0000,electricity-generation
45.14060,-70.42560,1,0.000,2.000,0.5027,0.0000,47.0000,electricity-generation
35.17132,-106.59991,2,0.597,2.597,1.1185,187511.6000,155.0000,electricity-generation
36.65730,-114.63330,1,0.000,2.000,0.5027,0.0000,0.0000,electricity-generation
29.84840,-95.01640,1,0.000,2.000,0.5027,258818.0000,484.0000,electricity-generation
43.18640,-84.84290,1,0.000,2.000,0.5027,770240.0000,782.0000,electricity-generation
40.93950,-87.15450,1,0.000,2.000,0.5027,0.0000,0.0000,electricity-generation
43.09561,-79.01834,6,3.619,5.619,41.1350,589925.0000,54.0000,electricity-generation
40.09191,-75.31633,4,2.022,4.022,12.8499,44945.1000,35.1000,other-chemicals
34.51360,-91.53310,1,0.000,2.000,0.5027,0.0000,0.0000,electricity-generation
41.30182,-84.33517,4,4.195,6.195,55.2855,412686.0000,21530785.7690,glass
39.81461,-84.91790,2,4.938,6.938,76.6043,111352.1000,176.7000,electricity-generation
37.94579,-122.39712,4,3.742,5.742,43.9988,4267178.3414,245446.5000,electricity-generation
39.51730,-107.72990,1,0.000,2.000,0.5027,0.0000,0.0000,electricity-generation
38.79281,-121.38109,2,7.280,9.280,166.4784,214185.0000,192.9000,electricity-generation
31.80470,-106.54720,1,0.000,2.000,0.5027,619836.0000,398.3000,electricity-generation
26.26970,-97.86700,1,0.000,2.000,0.5027,0.0000,0.0000,electricity-generation
29.59303,-97.97650,3,6.484,8.484,132.0657,1899858.2041,81199.4110,electricity-generation
28.54150,-81.25410,1,0.000,2.000,0.5027,0.0000,0.0000,electricity-generation
40.87000,-73.82440,1,0.000,2.000,0.5027,60297.0000,43.5000,electricity-generation
45.64098,-122.74520,3,3.522,5.522,38.9705,892649.3789,15493.2260,electricity-generation
42.58250,-89.03904,3,1.078,3.078,3.6499,2763030.0000,1398.1000,electricity-generation
33.96360,-117.45280,1,0.000,2.000,0.5027,17827.0000,196.0000,electricity-generation
37.06859,-94.64460,3,4.820,6.820,72.9973,1692207.5000,975.4000,electricity-generation
35.19310,-94.64580,1,0.000,2.000,0.5027,1143830.0000,350.0000,electricity-generation
26.76530,-80.05250,1,0.000,2.000,0.5027,2621700.0000,1295.0000,electricity-generation
46.85286,-100.88374,2,1.561,3.561,7.6545,915041.0283,71176.4000,electricity-generation
41.21638,-87.02630,2,0.548,2.548,0.9427,1778241.0000,1106.0000,electricity-generation
44.33310,-69.20190,1,0.000,2.000,0.5027,491.3800,12.0000,electricity-generation
40.92970,-84.73920,1,0.000,2.000,0.5027,218492.0000,596.7000,electricity-generation
32.58076,-83.58418,2,0.975,2.975,2.9857,260647.0000,14633402.0809,electricity-generation
42.97670,-89.04920,1,0.000,2.000,0.5027,317636.0000,561.0000,electricity-generation
45.80540,-92.97180,1,0.000,2.000,0.5027,896.2300,25.0000,electricity-generation
37.92626,-87.03707,2,6.594,8.594,136.5932,9686130.0000,2601.0000,electricity-generation
37.70360,-77.66390,1,0.000,2.000,0.5027,0.0000,0.0000,electricity-generation
38.04920,-103.71360,1,0.000,2.000,0.5027,2209.5000,10.0000,electricity-generation
40.09080,-104.59530,1,0.000,2.000,0.5027,983234.0000,685.1000,electricity-generation
40.73160,-96.73640,1,0.000,2.000,0.5027,22409.0000,266.1000,electricity-generation
39.08390,-82.33280,1,0.000,2.000,0.5027,1307090.0000,977.5000,electricity-generation
45.80150,-120.16720,1,0.000,2.000,0.5027,0.0000,0.0000,electricity-generation
40.39010,-91.39520,1,0.000,2.000,0.5027,100073.0000,74.4000,electricity-generation
41.43560,-122.37690,1,0.000,2.000,0.5027,0.0000,13.4000,electricity-generation
44.86048,-89.65526,3,3.645,5.645,41.7376,5201890.0000,1134.6000,electricity-generation
41.65750,-76.04880,1,0.000,2.000,0.5027,37183.0000,22.0000,electricity-generation
35.73105,-80.60210,2,2.174,4.174,14.8539,1967306.9998,1193.0000,electricity-generation
36.48333,-79.07303,2,1.701,3.701,9.0924,9012702.0000,2559.2000,electricity-generation
37.55870,-101.10310,1,0.000,2.000,0.5027,124064.0000,120.0000,electricity-generation
42.61167,-113.75742,2,6.055,8.055,115.1716,274266.0000,19003.1111,electricity-generation
38.11143,-90.25824,2,2.241,4.241,15.7717,613652.6085,383433.7808,electricity-generation
37.63470,-122.13380,1,0.000,2.000,0.5027,635160.0000,655.0000,electricity-generation
38.89696,-98.84688,2,0.958,2.958,2.8830,16906.8000,30.7000,electricity-generation
43.60300,-72.99230,1,0.000,2.000,0.5027,100.2200,13.2000,electricity-generation
32.65810,-98.31030,1,0.000,2.000,0.5027,837760.0000,537.6000,electricity-generation
44.21310,-72.05720,1,0.000,2.000,0.5027,0.0000,21.5000,electricity-generation
39.90490,-95.80340,1,0.000,2.000,0.5027,6345.3000,21.8000,electricity-generation
37.90749,-87.92827,3,0.379,2.379,0.5027,1171689.1855,34609.0000,electricity-generation
42.09330,-79.24780,1,0.000,2.000,0.5027,215570.0000,96.3000,electricity-generation
32.55170,-111.30000,1,0.000,2.000,0.5027,429790.0000,184.5000,electricity-generation
35.95150,-120.86790,1,0.000,2.000,0.5027,199910.0000,38.9000,electricity-generation
28.89470,-97.13500,1,0.000,2.000,0.5027,287880.0000,192.8000,electricity-generation
30.20980,-97.61290,1,0.000,2.000,0.5027,941620.0000,696.4000,electricity-generation
30.56590,-97.06400,1,0.000,2.000,0.5027,0.0000,0.0000,electricity-generation
30.41930,-95.01180,1,0.000,2.000,0.5027,201130.0000,170.0000,electricity-generation
37.81075,-121.28575,3,0.913,2.913,2.6176,7210.0000,1928933.8699,electricity-generation
36.80060,-108.43860,1,0.000,2.000,0.5027,0.0000,0.0000,electricity-generation
28.70440,-98.47750,1,0.000,2.000,0.5027,1828848.0000,410.0000,electricity-generation
33.33250,-111.75030,1,0.000,2.000,0.5027,1965900.0000,1326.0000,electricity-generation
46.72444,-92.46857,2,2.955,4.955,27.4394,62354.0000,89.3000,electricity-generation
44.71320,-73.45570,1,0.000,2.000,0.5027,183057.4000,285.6000,electricity-generation
41.17060,-95.97060,1,0.000,2.000,0.5027,142929.0000,334.9000,electricity-generation
33.28330,-81.66670,1,0.000,2.000,0.5027,0.0000,20.8000,electricity-generation
33.06060,-83.80750,1,0.000,2.000,0.5027,8093600.0000,2673.0000,electricity-generation
21.47850,-158.05810,1,0.000,2.000,0.5027,0.0000,50.4000,electricity-generation
30.66920,-84.88690,1,0.000,2.000,0.5027,0.0000,0.0000,electricity-generation
45.71310,-121.46920,1,0.000,2.000,0.5027,0.0000,0.0000,electricity-generation
35.03190,-117.34715,2,0.842,2.842,2.2275,0.0000,0.0000,electricity-generation
41.80220,-70.78750,1,0.000,2.000,0.5027,87401.0000,98.5000,electricity-generation
34.96650,-96.72580,1,0.000,2.000,0.5027,1688520.0000,1701.0000,electricity-generation
34.68750,-82.95250,1,0.000,2.000,0.5027,2856.5000,10.0000,electricity-generation
42.92810,-76.84080,1,0.000,2.000,0.5027,46771.0000,17.6000,electricity-generation
44.06109,-123.17934,2,6.116,8.116,117.5296,6504.0000,20.8000,electricity-generation
60.13090,-149.43500,1,0.000,2.000,0.5027,3684.7000,15.6000,electricity-generation
33.94860,-85.27690,1,0.000,2.000,0.5027,289455.0000,570.0000,electricity-generation
38.27500,-95.68390,1,0.000,2.000,0.5027,5255.8000,20.0000,electricity-generation
37.15170,-88.77500,2,2.674,4.674,22.4665,8427443.0000,1576.0000,electricity-generation
41.06120,-75.05820,1,0.000,2.000,0.5027,5722.1000,20.0000,electricity-generation
41.06760,-78.36620,1,0.000,2.000,0.5027,903453.0000,626.0000,electricity-generation
43.75180,-87.87810,1,0.000,2.000,0.5027,289412.0000,346.8000,electricity-generation
42.83470,-89.11080,1,0.000,2.000,0.5027,0.0000,0.0000,electricity-generation
39.27940,-88.47720,1,0.000,2.000,0.5027,168659.0000,483.0000,electricity-generation
40.77070,-95.37680,1,0.000,2.000,0.5027,4468.4000,20.0000,electricity-generation
45.38080,-93.89310,1,0.000,2.000,0.5027,7044600.0000,1704.0000,electricity-generation
42.23816,-71.76767,5,7.916,9.916,196.8524,485140.0998,83.6000,electricity-generation
41.88180,-110.09120,1,0.000,2.000,0.5027,496710.0000,144.0000,electricity-generation
39.17830,-94.18450,1,0.000,2.000,0.5027,0.0000,0.0000,electricity-generation
40.27920,-84.19100,1,0.000,2.000,0.5027,2540.2000,10.8000,electricity-generation
46.97128,-123.77776,2,0.341,2.341,0.5027,1858.0000,19.0000,electricity-generation
48.44806,-122.43366,2,0.369,2.369,0.5027,2740.0000,29.0000,electricity-generation
38.90320,-121.30970,1,0.000,2.000,0.5027,0.0000,19.2000,electricity-generation
39.66990,-120.23940,1,0.000,2.000,0.5027,0.0000,0.0000,electricity-generation
39.94120,-120.90920,1,0.000,2.000,0.5027,0.0000,35.2000,electricity-generation
33.86290,-98.58950,1,0.000,2.000,0.5027,30937.0000,80.0000,electricity-generation
36.87910,-89.62090,1,0.000,2.000,0.5027,1606740.0000,261.0000,electricity-generation
25.91310,-97.52140,1,0.000,2.000,0.5027,32816.1000,136.0000,electricity-generation
31.60040,-89.94680,1,0.000,2.000,0.5027,203124.0000,250.5000,electricity-generation
42.90874,-112.52566,2,0.307,2.307,0.5027,174715.0500,16.9000,electricity-generation
41.54104,-109.13131,2,0.144,2.144,0.5027,63853.9900,12.5000,electricity-generation
38.91550,-90.29030,1,0.000,2.000,0.5027,4141300.0000,1099.4000,electricity-generation
29.55080,-96.53870,1,0.000,2.000,0.5027,76610.0000,51.0000,electricity-generation
42.10247,-83.24356,3,5.601,7.601,98.5531,44667.9998,1.0000,electricity-generation
33.54488,-86.81882,4,5.796,7.796,105.5327,246804.3370,97927.0274,iron-and-steel
32.98420,-83.84640,1,0.000,2.000,0.5027,112943.0000,242.0000,electricity-generation
64.50590,-165.42940,1,0.000,2.000,0.5027,24776.0000,16.6000,electricity-generation
60.49940,-150.99720,1,0.000,2.000,0.5027,33645.0000,50.0000,electricity-generation
47.54460,-95.12970,1,0.000,2.000,0.5027,84028.0000,50.0000,electricity-generation
43.35640,-78.60360,1,0.000,2.000,0.5027,0.0000,0.0000,electricity-generation
44.70350,-69.64740,1,0.000,2.000,0.5027,0.0000,107.1000,electricity-generation
34.38530,-80.06780,1,0.000,2.000,0.5027,0.0000,38.0000,electricity-generation
36.45310,-97.05280,1,0.000,2.000,0.5027,2974960.0000,1138.0000,electricity-generation
30.16230,-84.20070,1,0.000,2.000,0.5027,356460.0000,270.1000,electricity-generation
36.65250,-76.99530,1,0.000,2.000,0.5027,0.0000,71.1000,electricity-generation
35.43860,-119.70750,1,0.000,2.000,0.5027,325320.0000,94.2000,electricity-generation
42.29130,-73.98650,1,0.000,2.000,0.5027,0.0000,0.0000,electricity-generation
40.63342,-80.67456,3,4.565,6.565,65.4820,1967019.6669,23511.4000,electricity-generation
43.73631,-88.49542,2,3.731,5.731,43.7337,917214.9998,382.6000,electricity-generation
40.90000,-72.38200,1,0.000,2.000,0.5027,3365.9000,11.5000,electricity-generation
38.68030,-94.48240,1,0.000,2.000,0.5027,135599.0000,351.0000,electricity-generation
42.73259,-92.47079,2,0.358,2.358,0.5027,12162.2000,37.1000,electricity-generation
34.86780,-114.53170,1,0.000,2.000,0.5027,828016.0000,708.0000,electricity-generation
27.86330,-82.51740,1,0.000,2.000,0.5027,83858.0000,75.2000,electricity-generation
35.10090,-98.35240,1,0.000,2.000,0.5027,418430.0000,656.0000,electricity-generation
43.14460,-95.14430,1,0.000,2.000,0.5027,7592.0000,23.8000,electricity-generation
45.28790,-122.96270,1,0.000,2.000,0.5027,0.0000,0.0000,electricity-generation
40.44391,-122.29517,2,3.999,5.999,50.2499,0.0000,85.1000,electricity-generation
42.89770,-96.99050,1,0.000,2.000,0.5027,22891.0000,135.0000,electricity-generation
46.92640,-98.49970,1,0.000,2.000,0.5027,262590.0000,106.2000,electricity-generation
47.62630,-117.50420,1,0.000,2.000,0.5027,159110.0000,22.0000,electricity-generation
35.74220,-97.65500,1,0.000,2.000,0.5027,100020.0000,346.0000,electricity-generation
34.31860,-109.16390,1,0.000,2.000,0.5027,6110600.0000,1765.8000,electricity-generation
33.93080,-117.29330,1,0.000,2.000,0.5027,22987.0000,40.0000,electricity-generation
41.31580,-96.09390,1,0.000,2.000,0.5027,62890.0000,162.9000,electricity-generation
28.48390,-81.16660,1,0.000,2.000,0.5027,5866500.0000,1950.3000,electricity-generation
44.90500,-93.82080,1,0.000,2.000,0.5027,68849.0000,61.2000,electricity-generation
43.08030,-75.60100,1,0.000,2.000,0.5027,96481.0000,65.3000,electricity-generation
36.58520,-90.17790,1,0.000,2.000,0.5027,678132.0000,506.6000,electricity-generation
43.98820,-94.61560,1,0.000,2.000,0.5027,2692.1000,12.0000,electricity-generation
41.69885,-86.47856,2,0.941,2.941,2.7796,1037983.0000,781.0000,electricity-generation
29.68460,-91.47060,1,0.000,2.000,0.5027,185030.0000,50.9000,electricity-generation
24.56330,-81.73420,1,0.000,2.000,0.5027,136760.0000,126.5000,electricity-generation
42.18610,-93.60050,1,0.000,2.000,0.5027,4099.5000,13.9000,electricity-generation
45.76690,-84.75660,1,0.000,2.000,0.5027,0.0000,0.0000,electricity-generation
41.50140,-84.42830,1,0.000,2.000,0.5027,5514.7000,19.0000,electricity-generation
31.93990,-94.98980,1,0.000,2.000,0.5027,982300.0000,713.4000,electricity-generation
30.45980,-84.26040,1,0.000,2.000,0.5027,20182.0000,18.6000,electricity-generation
39.39310,-87.51080,1,0.000,2.000,0.5027,1589204.0000,665.0000,electricity-generation
39.59670,-88.61190,1,0.000,2.000,0.5027,1247.3300,11.2000,electricity-generation
48.99050,-122.27330,1,0.000,2.000,0.5027,187880.0000,125.5000,electricity-generation
41.11396,-94.34793,2,0.389,2.389,0.5027,315351.5399,2930.7822,electricity-generation
41.14310,-81.34080,1,0.000,2.000,0.5027,22702.0000,13.2000,electricity-generation
42.15727,-83.52658,2,6.172,8.172,119.6914,251184.0000,351.2000,electricity-generation
40.83760,-76.82530,1,0.000,2.000,0.5027,3013500.0000,1194.4000,electricity-generation
32.92850,-111.58990,1,0.000,2.000,0.5027,230083.0000,695.0000,electricity-generation
39.54720,-110.39170,1,0.000,2.000,0.5027,318812.0000,58.1000,electricity-generation
42.27848,-83.72010,2,6.611,8.611,137.3190,117872.0000,111.5000,electricity-generation
30.37508,-83.17353,2,6.629,8.629,138.0517,183695.9999,198.7000,electricity-generation
55.35740,-131.69700,1,0.000,2.000,0.5027,5722.9000,25.9000,electricity-generation
32.29310,-88.74550,1,0.000,2.000,0.5027,92618.0000,41.9000,electricity-generation
29.07274,-95.74762,4,1.139,3.139,4.0766,7607538.6333,428908.6164,electricity-generation
47.53060,-92.16190,1,0.000,2.000,0.5027,159579.0000,116.0000,electricity-generation
33.82640,-80.62280,2,6.864,8.864,148.0282,2583300.0000,881.4000,electricity-generation
31.98210,-89.41270,1,0.000,2.000,0.5027,160557.0000,141.0000,electricity-generation
47.53140,-90.91140,1,0.000,2.000,0.5027,0.0000,0.0000,electricity-generation
32.58920,-84.69170,1,0.000,2.000,0.5027,308959.0000,726.0000,electricity-generation
40.60840,-75.45600,1,0.000,2.000,0.5027,0.0000,0.0000,electricity-generation
40.63293,-76.18791,2,6.794,8.794,145.0076,67862.0000,1.0000,electricity-generation
41.28240,-75.81640,1,0.000,2.000,0.5027,0.0000,0.0000,electricity-generation
41.11890,-77.47090,1,0.000,2.000,0.5027,0.0000,0.0000,electricity-generation
40.19080,-76.94580,1,0.000,2.000,0.5027,0.0000,0.0000,electricity-generation
41.23610,-77.00760,1,0.000,2.000,0.5027,0.0000,0.0000,electricity-generation
41.06966,-76.66516,2,1.430,3.430,6.4282,4202252.0000,1758.9000,electricity-generation
42.63130,-71.31270,1,0.000,2.000,0.5027,1688.0000,85.0000,electricity-generation
29.70350,-95.39830,1,0.000,2.000,0.5027,148600.0000,98.0000,electricity-generation
39.05336,-95.55755,2,0.982,2.982,3.0282,43981.9998,1.0000,electricity-generation
30.33490,-84.81820,1,0.000,2.000,0.5027,0.0000,0.0000,electricity-generation
31.05607,-97.31751,2,6.460,8.460,131.1059,3833438.9999,1607.4000,electricity-generation
30.59240,-95.91780,1,0.000,2.000,0.5027,1549966.0000,939.7000,electricity-generation
32.01780,-94.61970,1,0.000,2.000,0.5027,1858610.0000,939.6000,electricity-generation
37.86670,-78.38130,1,0.000,2.000,0.5027,2011910.0000,1011.4000,electricity-generation
40.17520,-79.69670,1,0.000,2.000,0.5027,2346140.0000,1134.0000,electricity-generation
40.90970,-96.61310,1,0.000,2.000,0.5027,348530.0000,216.3000,electricity-generation
29.26390,-95.89970,1,0.000,2.000,0.5027,8643.3000,101.9000,electricity-generation
31.85940,-97.35860,1,0.000,2.000,0.5027,1610730.0000,807.0000,electricity-generation
28.16872,-82.14220,3,0.428,2.428,0.5766,137016.0000,2.0000,other-chemicals
30.52728,-88.12537,4,1.833,3.833,10.5583,924731.9634,127716.6603,electricity-generation
37.71151,-121.49078,3,0.950,2.950,2.8367,483941.0000,24054145.2838,electricity-generation
40.44060,-104.68630,1,0.000,2.000,0.5027,0.0000,0.0000,electricity-generation
43.15670,-83.62860,1,0.000,2.000,0.5027,0.0000,0.0000,electricity-generation
34.71058,-84.91959,6,10.846,12.846,369.5634,3505161.9991,1197.0000,other-manufacturing
30.55800,-98.37210,1,0.000,2.000,0.5027,724270.0000,574.6000,electricity-generation
35.46240,-93.80490,1,0.000,2.000,0.5027,220497.0000,185.0000,electricity-generation
39.55220,-92.63810,1,0.000,2.000,0.5027,6996400.0000,1181.7000,electricity-generation
29.94170,-95.53060,1,0.000,2.000,0.5027,2220400.0000,1189.9000,electricity-generation
27.56852,-97.82826,3,0.671,2.671,1.4134,900309.9983,46.2000,electricity-generation
43.89140,-73.39700,1,0.000,2.000,0.5027,104102.0000,42.1000,electricity-generation
40.10610,-87.65380,1,0.000,2.000,0.5027,40675.0000,188.0000,electricity-generation
29.87500,-97.80700,1,0.000,2.000,0.5027,166560.0000,180.0000,electricity-generation
41.77170,-91.13210,1,0.000,2.000,0.5027,2108.6000,9.3000,electricity-generation
70.24543,-148.38073,2,1.111,3.111,3.8759,78854.1305,6525.4000,electricity-generation
34.18650,-102.57000,1,0.000,2.000,0.5027,3002220.0000,1135.8000,electricity-generation
39.76060,-76.63530,1,0.000,2.000,0.5027,60748.0000,54.0000,electricity-generation
26.61280,-80.06770,1,0.000,2.000,0.5027,81696.0000,64.2000,electricity-generation
41.59327,-71.42655,2,0.105,2.105,0.5027,147132.9994,21.0000,electricity-generation
45.36280,-84.29500,1,0.000,2.000,0.5027,6214.6000,21.3000,electricity-generation
39.56217,-119.52286,3,1.054,3.054,3.4912,1960430.0000,1150.5000,electricity-generation
46.75590,-122.85980,1,0.000,2.000,0.5027,3193982.0000,729.9000,electricity-generation
27.38390,-80.37750,1,0.000,2.000,0.5027,740830.0000,411.4000,electricity-generation
40.07279,-93.61941,2,1.476,3.476,6.8418,6221.8000,27.5000,electricity-generation
28.67736,-96.95299,5,2.445,4.445,18.7731,1405641.0000,304.4000,electricity-generation
38.58460,-85.41370,1,0.000,2.000,0.5027,8792700.0000,2594.1000,electricity-generation
32.12748,-96.09537,3,8.542,10.542,229.2522,326160.4311,299.5055,electricity-generation
27.48340,-82.54830,1,0.000,2.000,0.5027,133644.0000,46.8000,electricity-generation
41.47150,-83.39923,4,5.868,7.868,108.1808,2434195.0001,25560384.8885,lime
40.74610,-116.52970,1,0.000,2.000,0.5027,1224990.0000,242.0000,electricity-generation
36.12747,-96.00957,3,2.066,4.066,13.4145,1819476.9135,155648.2000,oil-and-gas-refining
25.43560,-80.33080,1,0.000,2.000,0.5027,2507320.0000,1224.0000,electricity-generation
41.09220,-96.16830,1,0.000,2.000,0.5027,178884.0000,528.0000,electricity-generation
39.79820,-88.34980,1,0.000,2.000,0.5027,0.0000,0.0000,electricity-generation
34.99390,-90.03780,1,0.000,2.000,0.5027,2264530.0000,903.9000,electricity-generation
39.74500,-86.49470,1,0.000,2.000,0.5027,18776.0000,12.8000,electricity-generation
32.48710,-100.35139,3,1.585,3.585,7.8968,119418.0000,2.0000,other-metals
43.72170,-82.93880,1,0.000,2.000,0.5027,2748.7000,12.4000,electricity-generation
34.06740,-118.44630,1,0.000,2.000,0.5027,50606.0000,46.8000,electricity-generation
41.80920,-72.25420,1,0.000,2.000,0.5027,54543.9000,25.7000,electricity-generation
28.51050,-96.77060,1,0.000,2.000,0.5027,433730.0000,162.0000,electricity-generation
33.29610,-92.58940,1,0.000,2.000,0.5027,4281100.0000,2428.0000,electricity-generation
40.45930,-93.02180,1,0.000,2.000,0.5027,16015.0000,53.2000,electricity-generation
40.01913,-105.20627,2,5.510,7.510,95.3832,74550.0000,233.5000,electricity-generation
40.11022,-88.24024,2,0.649,2.649,1.3216,382771.1789,15324.5260,electricity-generation
41.70158,-86.24856,2,4.602,6.602,66.5361,81229.9999,38.6000,electricity-generation
35.20890,-97.44240,1,0.000,2.000,0.5027,4582.4000,18.6000,electricity-generation
41.44188,-87.75210,2,0.143,2.143,0.5027,307188.0000,1079.4000,electricity-generation
35.90690,-79.06170,1,0.000,2.000,0.5027,105033.0000,28.0000,electricity-generation
33.32810,-86.35680,1,0.000,2.000,0.5027,0.0000,25.9000,electricity-generation
35.03290,-117.70100,1,0.000,2.000,0.5027,190043.0000,48.2000,electricity-generation
40.91550,-112.73424,2,0.247,2.247,0.5027,264186.0999,49.0000,electricity-generation
61.13030,-146.36470,1,0.000,2.000,0.5027,7474.6000,8.6000,electricity-generation
31.36350,-110.93130,1,0.000,2.000,0.5027,32805.0000,54.0000,electricity-generation
34.24500,-118.39130,1,0.000,2.000,0.5027,472146.0000,690.5000,electricity-generation
33.62810,-96.36760,1,0.000,2.000,0.5027,0.0000,0.0000,electricity-generation
36.17541,-86.86192,2,6.164,8.164,119.3517,114393.0000,24293649.1727,electricity-generation
27.52360,-81.92400,1,0.000,2.000,0.5027,404247.0000,728.0000,electricity-generation
27.63340,-80.37760,1,0.000,2.000,0.5027,0.0000,0.0000,electricity-generation
43.40130,-84.91360,1,0.000,2.000,0.5027,15065.0000,23.7000,electricity-generation
29.25690,-98.38330,1,0.000,2.000,0.5027,1212270.0000,819.0000,electricity-generation
28.78751,-97.00982,2,0.251,2.251,0.5027,666198.9000,476.9000,electricity-generation
30.53220,-88.55530,1,0.000,2.000,0.5027,5339000.0000,2229.0000,electricity-generation
38.48780,-75.82080,1,0.000,2.000,0.5027,23229.7000,180.6000,electricity-generation
40.91720,-76.81460,1,0.000,2.000,0.5027,0.0000,0.0000,electricity-generation
32.77510,-97.14210,1,0.000,2.000,0.5027,15901.4200,10.6000,electricity-generation
42.16970,-92.02220,1,0.000,2.000,0.5027,9327.1000,16.9000,electricity-generation
47.52240,-92.54100,1,0.000,2.000,0.5027,0.0000,0.0000,electricity-generation
36.78580,-76.20190,1,0.000,2.000,0.5027,0.0000,0.0000,electricity-generation
36.91640,-82.33810,1,0.000,2.000,0.5027,2359100.0000,668.0000,electricity-generation
44.91840,-73.10110,1,0.000,2.000,0.5027,14389.0000,47.2000,electricity-generation
39.53230,-87.42580,2,0.273,2.273,0.5027,198643.0000,192.0000,electricity-generation
39.10620,-122.10960,1,0.000,2.000,0.5027,188647.0000,29.1000,electricity-generation
40.95850,-72.86940,1,0.000,2.000,0.5027,461230.0000,410.0000,electricity-generation
40.97868,-81.77460,2,6.662,8.662,139.4470,84331.2000,11.8000,electricity-generation
41.08630,-81.72740,1,0.000,2.000,0.5027,3320.7000,10.8000,electricity-generation
41.21180,-96.61150,1,0.000,2.000,0.5027,7934.5000,14.2000,electricity-generation
37.48789,-120.89592,2,0.794,2.794,1.9829,776097.0000,350.4000,electricity-generation
38.99170,-84.29810,1,0.000,2.000,0.5027,0.0000,0.0000,electricity-generation
41.18000,-95.84080,1,0.000,2.000,0.5027,5840000.0000,1648.3000,electricity-generation
30.91100,-84.54730,1,0.000,2.000,0.5027,1333.7000,80.0000,electricity-generation
32.54100,-85.03890,1,0.000,2.000,0.5027,4026.1000,103.0000,electricity-generation
39.19920,-96.30860,1,0.000,2.000,0.5027,8638.7000,15.2000,electricity-generation
41.83249,-79.12965,3,4.907,6.907,75.6328,635999.4993,67054.1000,electricity-generation
38.96970,-78.17760,1,0.000,2.000,0.5027,3288000.0000,1472.2000,electricity-generation
39.27920,-75.62390,1,0.000,2.000,0.5027,48415.2000,96.0000,electricity-generation
39.73060,-96.97950,1,0.000,2.000,0.5027,12613.4000,11.4000,electricity-generation
33.09220,-82.98000,1,0.000,2.000,0.5027,332933.0000,795.6000,electricity-generation
45.57390,-120.29690,1,0.000,2.000,0.5027,30794.7300,12.8000,electricity-generation
41.54440,-73.04170,1,0.000,2.000,0.5027,32696.6000,96.0000,electricity-generation
38.33480,-90.15890,1,0.000,2.000,0.5027,8289.1000,19.0000,electricity-generation
44.90170,-97.10830,1,0.000,2.000,0.5027,23656.0000,67.5000,electricity-generation
42.22780,-97.01830,1,0.000,2.000,0.5027,4747.1000,20.8000,electricity-generation
42.47100,-93.81500,1,0.000,2.000,0.5027,7389.2000,21.3000,electricity-generation
35.32330,-96.13520,1,0.000,2.000,0.5027,262000.0000,110.0000,electricity-generation
37.26431,-97.38026,2,2.732,4.732,23.4503,29047.7000,44.0000,electricity-generation
33.05520,-94.84000,1,0.000,2.000,0.5027,4200400.0000,1116.0000,electricity-generation
40.79280,-77.86470,1,0.000,2.000,0.5027,28329.0000,14.0000,electricity-generation
26.69860,-80.37470,1,0.000,2.000,0.5027,7193800.0000,4263.0000,electricity-generation
32.96070,-87.65540,1,0.000,2.000,0.5027,0.0000,0.0000,electricity-generation
38.78750,-94.98610,1,0.000,2.000,0.5027,179855.0000,408.0000,electricity-generation
41.42940,-82.26440,1,0.000,2.000,0.5027,905830.0000,555.6000,electricity-generation
45.08690,-87.68870,1,0.000,2.000,0.5027,139206.0000,270.1000,electricity-generation
33.44170,-112.15830,1,0.000,2.000,0.5027,1777700.0000,1207.4000,electricity-generation
40.21499,-75.30077,2,0.374,2.374,0.5027,423641.0000,71.7000,electricity-generation
32.45371,-87.96165,2,1.338,3.338,5.6226,28722.9998,48.4000,electricity-generation
32.27520,-92.72770,1,0.000,2.000,0.5027,0.0000,66.4000,electricity-generation
30.16760,-85.62089,3,2.847,4.847,25.4575,134787.9996,2.0000,electricity-generation
32.50360,-82.84430,1,0.000,2.000,0.5027,42936.3000,82.1000,electricity-generation
30.34190,-94.06560,1,0.000,2.000,0.5027,0.0000,57.7000,electricity-generation
47.25921,-122.39689,5,2.491,4.491,19.4949,353272.6941,43657.6515,other-metals
37.53920,-76.80530,1,0.000,2.000,0.5027,0.0000,96.0000,electricity-generation
40.61910,-76.45000,1,0.000,2.000,0.5027,212959.0000,36.0000,electricity-generation
38.67160,-87.29310,1,0.000,2.000,0.5027,126074.0000,500.4000,electricity-generation
43.28660,-71.57690,1,0.000,2.000,0.5027,101250.0000,14.0000,electricity-generation
40.58060,-98.31120,1,0.000,2.000,0.5027,1492160.0000,324.3000,electricity-generation
34.42160,-92.13780,1,0.000,2.000,0.5027,3927230.0000,1800.0000,electricity-generation
46.76440,-89.56690,1,0.000,2.000,0.5027,0.0000,0.0000,electricity-generation
42.85550,-88.72990,1,0.000,2.000,0.5027,313074.0000,283.5000,electricity-generation
40.53130,-80.63170,1,0.000,2.000,0.5027,0.0000,0.0000,electricity-generation
38.83611,-84.24694,2,3.824,5.824,45.9415,1119183.0001,77545.0070,electricity-generation
34.88300,-85.75530,1,0.000,2.000,0.5027,0.0000,0.0000,electricity-generation
32.84820,-94.54800,1,0.000,2.000,0.5027,850690.0000,882.0000,electricity-generation
41.65339,-88.04813,5,3.646,5.646,41.7720,2542681.5041,188026.0000,other-chemicals
43.75080,-70.15670,1,0.000,2.000,0.5027,144476.0000,846.0000,electricity-generation
45.12170,-95.05320,1,0.000,2.000,0.5027,0.0000,0.0000,electricity-generation
43.45660,-83.18890,1,0.000,2.000,0.5027,1767.3100,13.5000,electricity-generation
33.13770,-81.74830,1,0.000,2.000,0.5027,356620.0000,317.6000,electricity-generation
30.02480,-96.99330,1,0.000,2.000,0.5027,41151.0000,242.0000,electricity-generation
42.11560,-87.73100,1,0.000,2.000,0.5027,14777.0000,24.0000,electricity-generation
28.02780,-82.01640,1,0.000,2.000,0.5027,11056.9000,50.0000,electricity-generation
41.33720,-94.01260,1,0.000,2.000,0.5027,6591.4000,17.6000,electricity-generation
44.39530,-89.82600,1,0.000,2.000,0.5027,0.0000,0.0000,electricity-generation
36.66440,-82.10440,1,0.000,2.000,0.5027,208535.0000,285.0000,electricity-generation
41.61100,-76.29940,1,0.000,2.000,0.5027,42229.0000,22.0000,electricity-generation
38.22850,-122.07530,1,0.000,2.000,0.5027,3759.5000,48.0000,electricity-generation
38.69050,-121.73710,1,0.000,2.000,0.5027,0.0000,28.0000,electricity-generation
45.15540,-67.40120,1,0.000,2.000,0.5027,0.0000,49.8000,electricity-generation
42.29450,-73.25227,3,4.837,6.837,73.5075,224033.1789,15522.6218,lime
38.84499,-90.06834,6,7.815,9.815,191.8662,4775016.5510,402756.4247,other-metals
43.04830,-78.85390,1,0.000,2.000,0.5027,97731.0000,65.7000,electricity-generation
43.63350,-95.60920,1,0.000,2.000,0.5027,3144.0000,14.0000,electricity-generation
39.07050,-87.01600,1,0.000,2.000,0.5027,125834.2000,242.0000,electricity-generation
56.46100,-132.37940,1,0.000,2.000,0.5027,3091.7000,12.0000,electricity-generation
34.60220,-82.43500,1,0.000,2.000,0.5027,1351500.0000,954.7000,electricity-generation
30.43200,-88.18240,1,0.000,2.000,0.5027,23080.0000,12.0000,electricity-generation
44.28854,-105.38371,4,0.480,2.480,0.7242,4544609.0000,833.1000,electricity-generation
33.46220,-84.89860,1,0.000,2.000,0.5027,1036400.0000,807.4000,electricity-generation
32.78003,-90.39621,2,7.674,9.674,185.0193,854195.7886,48107.2438,electricity-generation
45.65889,-108.76652,3,0.459,2.459,0.6609,1223113.1123,62708.0000,electricity-generation
39.94493,-76.82270,3,4.562,6.562,65.3956,650387.3475,52284.2809,lime
40.00170,-76.71830,2,4.008,6.008,50.4743,35503.7000,36.5000,electricity-generation
39.73750,-76.30670,1,0.000,2.000,0.5027,3094800.0000,1449.4000,electricity-generation
37.21440,-76.46110,1,0.000,2.000,0.5027,0.0000,0.0000,electricity-generation
32.72169,-114.70838,2,5.139,7.139,82.9558,244019.3800,485.0000,electricity-generation
40.23096,69.10177,2,1.115,3.115,3.9055,15394300.0000,4700.0000,electricity-generation
41.00490,70.12280,1,0.000,2.000,0.5027,780750.0000,386.0000,electricity-generation
39.76690,64.31200,1,0.000,2.000,0.5027,976600.0000,270.0000,electricity-generation
40.24830,68.76900,1,0.000,2.000,0.5027,795750.0000,220.0000,electricity-generation
41.38201,69.36723,3,0.519,2.519,0.8463,4281130.0000,2541.5000,electricity-generation
40.44828,71.78197,2,0.091,2.091,0.5027,964947.6697,120442.7000,electricity-generation
39.18400,65.28750,1,0.000,2.000,0.5027,252050.0000,63.0000,electricity-generation
40.13148,65.31143,5,8.611,10.611,232.9556,9216612.1224,386509.2151,chemicals
40.92330,69.81740,1,0.000,2.000,0.5027,6071500.0000,2100.0000,electricity-generation
42.31520,59.55480,1,0.000,2.000,0.5027,3348000.0000,1260.0000,electricity-generation
38.47872,65.62793,2,1.940,3.940,11.8178,5263490.0000,2172.0000,electricity-generation
40.99710,71.45830,1,0.000,2.000,0.5027,1496000.0000,900.0000,electricity-generation
41.33050,69.26540,1,0.000,2.000,0.5027,209260.0000,96.8000,electricity-generation
41.34980,60.59340,1,0.000,2.000,0.5027,349680.0000,174.0000,electricity-generation
9.39050,-64.45290,1,0.000,2.000,0.5027,66586.0000,70.0000,electricity-generation
10.40040,-64.16690,1,0.000,2.000,0.5027,124643.0000,170.0000,electricity-generation
10.01120,-69.21390,1,0.000,2.000,0.5027,117182.0000,135.0000,electricity-generation
10.50556,-71.63096,4,7.010,9.010,154.3980,1806106.8312,64258.4000,electricity-generation
10.58691,-67.07889,3,0.352,2.352,0.5027,610383.0000,716.8400,electricity-generation
8.67850,-70.27630,1,0.000,2.000,0.5027,97432.0000,100.0000,electricity-generation
8.41190,-70.12590,1,0.000,2.000,0.5027,75423.0000,100.2000,electricity-generation
8.67940,-72.56610,1,0.000,2.000,0.5027,40338.0000,41.4000,electricity-generation
10.18013,-67.95508,3,1.611,3.611,8.1573,386367.0000,445.0000,electricity-generation
10.75983,-71.53149,2,0.726,2.726,1.6549,685898.6621,53539.5982,electricity-generation
10.07275,-64.87681,2,1.773,3.773,9.8753,574191.0000,135931.8310,electricity-generation
8.55970,-71.76870,1,0.000,2.000,0.5027,316630.0000,500.0000,electricity-generation
9.70080,-63.46780,1,0.000,2.000,0.5027,189080.0000,232.0000,electricity-generation
10.15870,-70.07100,1,0.000,2.000,0.5027,97396.0000,100.0000,electricity-generation
9.84720,-66.26730,1,0.000,2.000,0.5027,76475.0000,90.0000,electricity-generation
10.47200,-66.56710,1,0.000,2.000,0.5027,115257.0000,156.0000,electricity-generation
10.29030,-66.68180,1,0.000,2.000,0.5027,486230.0000,1120.0000,electricity-generation
11.74120,-70.19292,4,6.552,8.552,134.8681,3262248.2204,955529.2000,electricity-generation
10.42090,-66.95490,1,0.000,2.000,0.5027,86123.0000,100.0000,electricity-generation
10.87920,-64.03280,1,0.000,2.000,0.5027,69854.0000,85.0000,electricity-generation
10.56200,-62.31000,1,0.000,2.000,0.5027,126087.0000,175.0000,electricity-generation
10.25420,-67.67630,1,0.000,2.000,0.5027,236050.0000,320.0000,electricity-generation
10.25610,-66.79220,1,0.000,2.000,0.5027,103789.0000,135.0000,electricity-generation
10.19880,-71.33280,1,0.000,2.000,0.5027,103394.0000,111.0000,electricity-generation
10.93870,-63.88980,1,0.000,2.000,0.5027,344900.0000,364.0000,electricity-generation
9.64910,-63.56310,1,0.000,2.000,0.5027,148390.0000,152.4000,electricity-generation
8.83990,-63.10370,1,0.000,2.000,0.5027,103102.0000,140.0000,electricity-generation
11.38120,-69.71440,1,0.000,2.000,0.5027,79486.0000,85.1000,electricity-generation
8.16790,-72.22820,1,0.000,2.000,0.5027,243580.0000,250.0000,electricity-generation
9.97330,-71.19540,1,0.000,2.000,0.5027,77356.0000,80.0000,electricity-generation
10.33670,-71.41920,1,0.000,2.000,0.5027,93171.0000,96.0000,electricity-generation
7.88780,-67.47240,1,0.000,2.000,0.5027,58459.0000,60.0000,electricity-generation
9.78565,-71.06587,2,0.488,2.488,0.7478,74875.0000,85.0000,electricity-generation
8.99480,-71.91360,1,0.000,2.000,0.5027,50746.0000,55.3500,electricity-generation
8.28848,-62.81802,4,4.564,6.564,65.4368,3249737.6460,607055.4795,aluminum
8.91560,-69.89860,1,0.000,2.000,0.5027,70108.0000,80.0000,electricity-generation
10.94710,106.90000,1,0.000,2.000,0.5027,1688.7000,12.8000,electricity-generation
21.60292,105.79244,5,9.491,11.491,283.0079,1691688.6237,100434.1781,electricity-generation
13.98580,108.66100,1,0.000,2.000,0.5027,0.0000,95.0000,electricity-generation
10.48900,107.16650,1,0.000,2.000,0.5027,229300.0000,387.8000,electricity-generation
21.01703,107.09316,5,7.404,9.404,172.2339,8971895.9375,248140.3699,electricity-generation
9.24200,105.06000,1,0.000,2.000,0.5027,1555100.0000,1500.0000,electricity-generation
21.05765,107.35071,2,5.759,7.759,104.2035,15916400.0000,3000.0000,electricity-generation
12.03310,109.18240,1,0.000,2.000,0.5027,0.0000,60.0000,electricity-generation
10.10530,105.70999,2,5.538,7.538,96.3460,527258.0000,848.2000,electricity-generation
9.58350,106.52680,1,0.000,2.000,0.5027,22112000.0000,4378.0000,electricity-generation
21.03350,106.41220,1,0.000,2.000,0.5027,6185000.0000,1200.0000,electricity-generation
20.94705,106.75836,3,1.778,3.778,9.9323,9111966.6382,595720.5479,cement
18.34200,105.89230,1,0.000,2.000,0.5027,0.0000,50.0000,electricity-generation
18.03461,106.43542,2,1.255,3.255,4.9479,13499124.2337,637712.3014,electricity-generation
9.67280,105.54930,1,0.000,2.000,0.5027,0.0000,20.0000,electricity-generation
9.95256,105.85992,3,1.815,3.815,10.3479,5086248.1023,171113.0137,electricity-generation
10.64170,106.74560,1,0.000,2.000,0.5027,1125830.0000,375.0000,electricity-generation
15.38061,108.79581,3,4.774,6.774,71.5977,20000883.3112,1379711.9178,electricity-generation
13.04750,108.99560,1,0.000,2.000,0.5027,0.0000,30.0000,electricity-generation
21.03887,106.55600,6,6.172,8.172,119.6883,7917281.0337,864618.0822,cement
21.69810,106.97590,1,0.000,2.000,0.5027,708060.0000,100.0000,electricity-generation
19.34230,105.31470,1,0.000,2.000,0.5027,0.0000,35.0000,electricity-generation
19.32836,105.79104,4,3.835,5.835,46.1963,11020591.5880,834659.7260,electricity-generation
10.73220,106.93550,1,0.000,2.000,0.5027,2516500.0000,450.0000,electricity-generation
10.64280,106.84000,1,0.000,2.000,0.5027,3317700.0000,2824.0000,electricity-generation
20.25110,106.00433,2,2.356,4.356,17.4391,2365963.0973,43366.9041,electricity-generation
15.71630,108.03100,1,0.000,2.000,0.5027,192980.0000,30.0000,electricity-generation
21.11690,106.30720,1,0.000,2.000,0.5027,5918100.0000,1040.0000,electricity-generation
10.60033,107.04042,15,6.945,8.945,151.5483,7980288.7897,629440.3589,iron-and-steel
16.40888,107.62897,2,7.479,9.479,175.7435,42086.8801,8505.1507,electricity-generation
21.41720,105.31330,1,0.000,2.000,0.5027,0.0000,40.0000,electricity-generation
21.12980,105.42680,1,0.000,2.000,0.5027,0.0000,37.0000,electricity-generation
21.33980,105.83570,1,0.000,2.000,0.5027,0.0000,90.0000,electricity-generation
21.17930,106.78010,1,0.000,2.000,0.5027,1311350.0000,220.0000,electricity-generation
11.46680,106.13150,1,0.000,2.000,0.5027,0.0000,24.0000,electricity-generation
20.48190,106.56190,1,0.000,2.000,0.5027,9250100.0000,1800.0000,electricity-generation
10.82840,106.76000,1,0.000,2.000,0.5027,41279.0000,278.4000,electricity-generation
21.03900,106.78600,1,0.000,2.000,0.5027,3447600.0000,630.0000,electricity-generation
12.47110,109.28830,1,0.000,2.000,0.5027,7097600.0000,1432.0000,electricity-generation
11.31700,108.80800,1,0.000,2.000,0.5027,21092000.0000,4244.0000,electricity-generation
18.09790,106.38120,1,0.000,2.000,0.5027,9136700.0000,1860.0000,electricity-generation
-13.88530,-171.88460,1,0.000,2.000,0.5027,63210.0000,30.2800,electricity-generation
12.83474,44.95456,5,9.338,11.338,273.9464,620182.0000,660.7400,electricity-generation
14.59670,49.19190,1,0.000,2.000,0.5027,127442.0000,75.0000,electricity-generation
15.72330,48.80410,1,0.000,2.000,0.5027,18171.0000,50.0000,electricity-generation
13.36090,43.25170,1,0.000,2.000,0.5027,273780.0000,160.0000,electricity-generation
14.67350,49.33360,1,0.000,2.000,0.5027,118964.0000,70.0000,electricity-generation
15.43050,44.18650,1,0.000,2.000,0.5027,200100.0000,121.0000,electricity-generation
15.24440,44.27020,1,0.000,2.000,0.5027,209020.0000,123.0000,electricity-generation
15.55503,45.77581,2,2.580,4.580,20.9156,222047.8885,10468.0000,electricity-generation
14.78750,49.08110,1,0.000,2.000,0.5027,127442.0000,75.0000,electricity-generation
14.79010,42.97190,1,0.000,2.000,0.5027,334390.0000,195.7500,electricity-generation
15.76060,48.00200,1,0.000,2.000,0.5027,26177.0000,75.0000,electricity-generation
-33.84875,18.53040,3,11.141,13.141,389.9317,973818.9560,100211.0000,electricity-generation
-29.04480,31.52830,1,0.000,2.000,0.5027,0.0000,12.0000,electricity-generation
-33.58950,18.46150,1,0.000,2.000,0.5027,873760.0000,1338.3000,electricity-generation
-25.94380,29.79200,1,0.000,2.000,0.5027,8595000.0000,2352.0000,electricity-generation
-29.41880,31.15750,1,0.000,2.000,0.5027,109359.0000,670.0000,electricity-generation
-26.62150,30.09010,1,0.000,2.000,0.5027,6669200.0000,1600.0000,electricity-generation
-29.27280,31.38000,1,0.000,2.000,0.5027,0.0000,13.0000,electricity-generation
-33.74380,25.67280,1,0.000,2.000,0.5027,218730.0000,335.0000,electricity-generation
-25.96130,29.33970,1,0.000,2.000,0.5027,16769000.0000,3600.0000,electricity-generation
-26.23140,28.04210,1,0.000,2.000,0.5027,0.0000,19.0000,electricity-generation
-28.83500,31.89140,1,0.000,2.000,0.5027,0.0000,31.5000,electricity-generation
-29.36250,31.28930,1,0.000,2.000,0.5027,0.0000,14.3000,electricity-generation
-34.16680,21.96070,1,0.000,2.000,0.5027,483140.0000,740.0000,electricity-generation
-26.76850,28.49780,1,0.000,2.000,0.5027,3437300.0000,1190.0000,electricity-generation
-26.03200,29.60160,1,0.000,2.000,0.5027,7035500.0000,2000.0000,electricity-generation
-26.11580,28.19400,1,0.000,2.000,0.5027,1222940.0000,420.0000,electricity-generation
-26.09030,28.96880,1,0.000,2.000,0.5027,17122000.0000,4116.0000,electricity-generation
-25.61110,31.87030,1,0.000,2.000,0.5027,0.0000,20.0000,electricity-generation
-26.09080,29.47450,1,0.000,2.000,0.5027,0.0000,0.0000,electricity-generation
-26.26865,29.15858,2,2.576,4.576,20.8543,33093000.0000,6600.0000,electricity-generation
-25.92010,28.92490,1,0.000,2.000,0.5027,18867000.0000,4800.0000,electricity-generation
-26.74200,27.97690,1,0.000,2.000,0.5027,18475000.0000,3708.0000,electricity-generation
-29.55120,31.13040,1,0.000,2.000,0.5027,0.0000,21.2000,electricity-generation
-27.10060,29.77100,1,0.000,2.000,0.5027,20468000.0000,4143.0000,electricity-generation
-25.46430,31.56620,1,0.000,2.000,0.5027,0.0000,34.4000,electricity-generation
-23.68799,27.58589,2,3.315,5.315,34.5262,35371000.0000,8758.8000,electricity-generation
-29.35980,30.68680,1,0.000,2.000,0.5027,0.0000,19.0000,electricity-generation
-33.02850,27.88120,1,0.000,2.000,0.5027,111646.0000,171.0000,electricity-generation
-28.76390,32.02130,2,2.731,4.731,23.4232,1661036.9965,61640.1110,electricity-generation
-25.57730,30.65640,1,0.000,2.000,0.5027,0.0000,117.0000,electricity-generation
-26.81445,27.85162,3,1.496,3.496,7.0278,1779461.4702,116376.1438,electricity-generation
-26.56007,29.16454,2,1.328,3.328,5.5366,4108314.7588,44989.5890,electricity-generation
-30.41170,30.67780,1,0.000,2.000,0.5027,0.0000,19.0000,electricity-generation
-26.77720,29.35240,1,0.000,2.000,0.5027,14341000.0000,3654.0000,electricity-generation
-28.44390,32.18400,1,0.000,2.000,0.5027,0.0000,16.0000,electricity-generation
-11.56670,24.13330,1,0.000,2.000,0.5027,2008.8000,40.0000,electricity-generation
-13.13330,28.40000,1,0.000,2.000,0.5027,733.2200,14.6000,electricity-generation
-17.35270,27.18590,1,0.000,2.000,0.5027,2057600.0000,300.0000,electricity-generation
-12.55000,28.23330,1,0.000,2.000,0.5027,502.2200,10.0000,electricity-generation
-15.83150,27.78040,1,0.000,2.000,0.5027,0.0000,52.2400,electricity-generation
-13.02721,28.77904,2,0.029,2.029,0.5027,955728.3250,127427.2603,electricity-generation
-12.98744,28.69374,4,5.951,7.951,111.2749,656859.6702,152983.5123,cement
-12.81670,28.20000,1,0.000,2.000,0.5027,2008.8000,40.0000,electricity-generation
-12.36670,27.82780,1,0.000,2.000,0.5027,1004.4400,20.0000,electricity-generation
-17.84500,31.03170,1,0.000,2.000,0.5027,85802.0000,30.0000,electricity-generation
-21.07080,31.64710,1,0.000,2.000,0.5027,0.0000,39.0000,electricity-generation
-18.38320,26.46960,1,0.000,2.000,0.5027,5639600.0000,1590.0000,electricity-generation
-18.65670,29.78100,1,0.000,2.000,0.5027,143597.0000,100.0000,electricity-generation
-21.02230,31.44230,1,0.000,2.000,0.5027,0.0000,35.0000,electricity-generation
-18.32830,26.40480,1,0.000,2.000,0.5027,213230.0000,75.0000,electricity-generation
35.33010,33.99800,1,0.000,2.000,0.5027,437880.0000,113.0000,electricity-generation
35.33600,33.45960,1,0.000,2.000,0.5027,1167880.0000,285.0000,electricity-generation
-38.38351,141.62875,1,0.000,2.000,0.5027,597919.3111,24290.4110,aluminum
-32.82335,151.71865,1,0.000,2.000,0.5027,1212563.6380,49260.2740,aluminum
40.68981,46.42433,1,0.000,2.000,0.5027,239591.9642,4246.5753,aluminum
44.41832,19.11433,1,0.000,2.000,0.5027,310922.2229,24630.1370,aluminum
-23.53060,-47.27030,2,0.000,2.000,0.5027,1767058.2291,100219.1781,aluminum
-21.84340,-46.59220,1,0.000,2.000,0.5027,173069.2458,10191.7808,aluminum
48.58574,-71.69208,1,0.000,2.000,0.5027,887321.0486,41191.7808,aluminum
49.25232,-68.14998,1,0.000,2.000,0.5027,574471.7716,26668.4932,aluminum
49.08731,-66.69815,1,0.000,2.000,0.5027,203308.3365,45863.0137,aluminum
46.69158,-71.94369,1,0.000,2.000,0.5027,530563.1012,24630.1370,aluminum
48.30544,-70.92605,1,0.000,2.000,0.5027,420791.4251,19534.2466,aluminum
48.42913,-71.16772,2,0.005,2.005,0.5027,967241.5248,146082.1918,aluminum
54.00591,-128.70368,1,0.000,2.000,0.5027,609933.0475,36520.5479,aluminum
48.30146,-71.13052,1,0.000,2.000,0.5027,457381.9838,21232.8767,aluminum
50.16007,-66.43770,1,0.000,2.000,0.5027,1190495.6648,53931.5068,aluminum
30.99629,103.45525,1,0.000,2.000,0.5027,0.0000,0.0000,aluminum
23.90536,106.61488,1,0.000,2.000,0.5027,3473688.5280,27178.0822,aluminum
27.37402,106.98001,4,4.803,6.803,72.4669,5959137.3477,224855.2795,aluminum
30.39320,103.71980,1,0.000,2.000,0.5027,4070.4000,254.7945,aluminum
42.39180,119.28580,1,0.000,2.000,0.5027,9659915.2000,552054.7945,aluminum
29.57452,106.55747,1,0.000,2.000,0.5027,0.0000,0.0000,aluminum
29.11530,107.06022,2,5.718,7.718,102.7187,1625312.2854,119910.7027,lime
30.01046,107.09389,1,0.000,2.000,0.5027,4038162.9138,31594.5205,aluminum
29.49117,115.45659,1,0.000,2.000,0.5027,3799346.8275,29726.0274,aluminum
29.52002,103.33217,1,0.000,2.000,0.5027,3853623.2107,30150.6849,aluminum
25.72852,103.92252,4,4.948,6.948,76.9167,720230.3288,62848.2665,lime
34.98422,104.63569,1,0.000,2.000,0.5027,0.0000,0.0000,aluminum
32.43716,105.84675,1,0.000,2.000,0.5027,0.0000,0.0000,aluminum
34.89389,110.84072,2,0.079,2.079,0.5027,3818161.4192,37369.8630,aluminum
30.00231,103.74323,1,0.000,2.000,0.5027,4559216.1930,35671.2329,aluminum
26.68290,106.66120,1,0.000,2.000,0.5027,0.0000,0.0000,aluminum
31.81647,117.21536,1,0.000,2.000,0.5027,0.0000,0.0000,aluminum
23.61282,102.87428,2,6.735,8.735,142.4851,275853.3157,63698.6301,cement
35.44976,116.94100,2,0.152,2.152,0.5027,2171664.5421,72102.6027,chemicals
26.64537,107.77094,1,0.000,2.000,0.5027,1783368.9600,101917.8082,aluminum
36.61400,111.43150,1,0.000,2.000,0.5027,2442240.0000,152876.7123,aluminum
36.72288,111.74347,2,2.466,4.466,19.1069,4545038.7662,298262.0228,lime
22.43660,106.82130,1,0.000,2.000,0.5027,1486140.8000,84931.5068,aluminum
36.89440,111.47450,1,0.000,2.000,0.5027,3256320.0000,203835.6164,aluminum
37.07196,111.47955,1,0.000,2.000,0.5027,949760.0000,59452.0548,aluminum
30.07914,103.84931,1,0.000,2.000,0.5027,0.0000,0.0000,aluminum
34.79268,111.65194,1,0.000,2.000,0.5027,1588100.9333,67945.2055,aluminum
26.64485,118.19054,1,0.000,2.000,0.5027,0.0000,0.0000,aluminum
38.02799,107.06080,1,0.000,2.000,0.5027,0.0000,0.0000,aluminum
37.00000,106.00000,1,0.000,2.000,0.5027,4016452.3605,31424.6575,aluminum
34.60318,98.26832,1,0.000,2.000,0.5027,5427638.3250,42465.7534,aluminum
36.15624,102.77473,1,0.000,2.000,0.5027,4884874.4925,38219.1781,aluminum
36.61888,101.77261,3,0.448,2.448,0.6314,10312512.8175,80684.9315,aluminum
36.51061,101.53120,1,0.000,2.000,0.5027,9769748.9850,76438.3562,aluminum
34.77271,111.20005,4,7.360,9.360,170.1835,268512.2854,34979.1959,aluminum
33.51522,113.86771,1,0.000,2.000,0.5027,0.0000,0.0000,aluminum
35.13535,109.11735,1,0.000,2.000,0.5027,0.0000,0.0000,aluminum
23.37654,104.22977,2,2.010,4.010,12.6914,4036527.7572,373698.6301,cement
28.70397,107.86191,1,0.000,2.000,0.5027,1085440.0000,67945.2055,aluminum
44.16492,87.54112,3,3.926,5.926,48.4298,15312214.3118,251340.5109,chemicals
33.11564,111.48910,3,3.870,5.870,47.0487,843540.5112,187428.7423,cement
36.54380,101.66860,1,0.000,2.000,0.5027,2713.6000,169.8630,aluminum
48.24613,134.10339,1,0.000,2.000,0.5027,10355933.9241,81024.6575,aluminum
36.09944,110.12833,1,0.000,2.000,0.5027,6078954.9240,47561.6438,aluminum
21.44836,109.13844,1,0.000,2.000,0.5027,0.0000,0.0000,aluminum
33.93116,116.44408,1,0.000,2.000,0.5027,5427638.3250,42465.7534,aluminum
24.30507,101.45724,1,0.000,2.000,0.5027,0.0000,0.0000,aluminum
23.45559,103.25226,2,2.677,4.677,22.5068,0.0000,0.0000,iron-and-steel
29.09903,119.31201,1,0.000,2.000,0.5027,0.0000,0.0000,aluminum
41.12241,123.97432,1,0.000,2.000,0.5027,0.0000,0.0000,aluminum
37.42253,105.65773,3,8.478,10.478,225.7866,1157894.9997,237808.2192,cement
24.03267,109.95701,1,0.000,2.000,0.5027,4450663.4265,34821.9178,aluminum
3.81954,10.12427,1,0.000,2.000,0.5027,71250.0000,4246.5753,aluminum
25.99186,32.33566,1,0.000,2.000,0.5027,456000.0000,27178.0822,aluminum
43.70251,-7.43033,3,3.565,5.565,39.9257,2016901.0277,136664.2877,aluminum
45.93640,6.06686,1,0.000,2.000,0.5027,20019.8938,1698.6301,aluminum
42.95553,0.37917,1,0.000,2.000,0.5027,29896.4328,2547.9452,aluminum
45.61801,6.45422,1,0.000,2.000,0.5027,33882.6238,2887.6712,aluminum
45.25448,6.37424,5,5.341,7.341,89.6166,1123140.7238,12319.0685,other-metals
56.82851,-5.07293,1,0.000,2.000,0.5027,47344.3130,2972.6027,aluminum
10.38869,-13.57860,1,0.000,2.000,0.5027,958890.5830,55205.4795,aluminum
47.19000,18.14460,2,5.131,7.131,82.7216,518690.7921,23013.7205,chemicals
-2.23676,110.10669,1,0.000,2.000,0.5027,1429605.6722,84931.5068,aluminum
3.35008,99.45344,1,0.000,2.000,0.5027,801941.9944,23356.1644,aluminum
0.51551,108.95447,1,0.000,2.000,0.5027,1522096.5553,84931.5068,aluminum
-0.06042,110.14203,1,0.000,2.000,0.5027,456628.9666,25479.4521,aluminum
15.90841,74.53328,1,0.000,2.000,0.5027,500361.9853,29726.0274,aluminum
18.77302,82.91295,1,0.000,2.000,0.5027,3436475.5803,193219.1781,aluminum
30.80231,75.95819,1,0.000,2.000,0.5027,86997.4441,764.3836,aluminum
13.02571,80.18280,1,0.000,2.000,0.5027,57998.2961,509.5890,aluminum
23.37999,85.87300,1,0.000,2.000,0.5027,604215.4867,33972.6027,aluminum
24.22311,83.03012,1,0.000,2.000,0.5027,3963216.8987,34821.9178,aluminum
34.07809,49.75987,2,0.267,2.267,0.5027,2473099.1552,45013.6986,aluminum
34.15202,49.97085,1,0.000,2.000,0.5027,344575.2127,5095.8904,aluminum
36.99542,56.43820,1,0.000,2.000,0.5027,58643.7664,3397.2603,aluminum
32.18289,49.04903,1,0.000,2.000,0.5027,63172.1223,934.2466,aluminum
27.38871,53.25669,1,0.000,2.000,0.5027,1401272.5315,20723.2877,aluminum
65.03229,-14.10685,2,0.375,2.375,0.5027,609655.0470,29387.3014,other-metals
64.36399,-21.77284,3,0.959,2.959,2.8919,1032548.9146,27180.0822,other-metals
64.04648,-22.02826,2,0.038,2.038,0.5027,653289.7367,17411.9589,other-metals
35.01003,138.50729,1,0.000,2.000,0.5027,600434.3823,35671.2329,aluminum
52.20780,77.19390,1,0.000,2.000,0.5027,1715526.8067,101917.8082,aluminum
34.76660,126.42144,3,7.001,9.001,153.9846,434199.8348,25795.3973,aluminum
15.46657,107.28483,1,0.000,2.000,0.5027,1273902.0219,84931.5068,aluminum
42.39076,19.22560,1,0.000,2.000,0.5027,106875.0000,6369.8630,aluminum
-25.91466,32.40761,1,0.000,2.000,0.5027,1044059.4240,48835.6164,aluminum
3.55538,113.32123,1,0.000,2.000,0.5027,948014.9488,81534.2466,aluminum
61.31220,7.82396,2,0.085,2.085,0.5027,659133.8387,17327.0274,other-metals
61.21869,6.06828,2,0.006,2.006,0.5027,191925.1525,5521.5479,other-metals
59.86828,5.76918,2,0.054,2.054,0.5027,541818.1504,16987.3014,other-metals
59.31408,5.31329,3,0.238,2.238,0.5027,822970.0757,30576.3425,aluminum
58.07316,6.78371,2,0.056,2.056,0.5027,246572.4577,5436.6164,other-metals
65.84713,13.19006,2,0.012,2.012,0.5027,777091.9985,16987.3014,other-metals
62.67930,8.54806,2,0.328,2.328,0.5027,1387790.7231,33973.6027,other-metals
-46.58894,168.38364,1,0.000,2.000,0.5027,655763.0258,28452.0548,aluminum
24.41589,56.54575,2,2.375,4.375,17.7197,3385727.3048,135890.4110,iron-and-steel
44.44603,24.39040,2,0.132,2.132,0.5027,481867.0692,5266.7534,other-metals
45.18124,28.76881,1,0.000,2.000,0.5027,500497.3457,42465.7534,aluminum
58.00380,97.38220,1,0.000,2.000,0.5027,304300.6458,25479.4521,aluminum
59.46170,33.82270,1,0.000,2.000,0.5027,79270.9543,6624.6575,aluminum
56.12980,101.44452,1,0.000,2.000,0.5027,3043431.1385,86630.1370,aluminum
67.19400,32.43400,1,0.000,2.000,0.5027,231827.2758,6115.0685,aluminum
53.19475,91.45099,2,0.594,2.594,1.1099,2580948.9557,73465.7534,aluminum
59.52182,34.16771,3,1.127,3.127,3.9889,1615569.2015,214027.3973,chemicals
52.18633,104.08333,1,0.000,2.000,0.5027,1283015.0878,36520.5479,aluminum
55.98840,98.13860,1,0.000,2.000,0.5027,1283015.0878,36520.5479,aluminum
48.83143,44.59763,1,0.000,2.000,0.5027,186028.0622,5945.2055,aluminum
48.57307,18.85815,2,1.797,3.797,10.1470,422917.9337,5946.2055,other-metals
46.39335,15.79056,2,0.133,2.133,0.5027,132457.1793,1444.8356,other-metals
38.54691,68.22334,2,0.269,2.269,0.5027,146349.8077,12586.8493,aluminum
41.22425,27.92025,1,0.000,2.000,0.5027,9875.1557,849.3151,aluminum
37.43167,31.87564,2,3.225,5.225,32.6787,842249.3236,31849.3151,aluminum
46.77549,31.95240,1,0.000,2.000,0.5027,2159455.8806,152876.7123,aluminum
33.05187,-80.05472,1,0.000,2.000,0.5027,301872.1093,14013.6986,aluminum
11.66219,107.79678,1,0.000,2.000,0.5027,1043612.1407,62000.0000,aluminum
11.96710,107.58329,1,0.000,2.000,0.5027,980709.4912,58263.0137,aluminum
35.96739,68.68687,2,0.182,2.182,0.5027,167440.7833,25479.4521,cement
35.12801,69.23953,1,0.000,2.000,0.5027,167440.7833,25479.4521,cement
-12.53698,13.49837,1,0.000,2.000,0.5027,458687.0108,118904.1096,cement
-8.80130,13.42621,1,0.000,2.000,0.5027,1238903.3995,203835.6164,cement
-9.10010,13.56747,1,0.000,2.000,0.5027,1443300.1585,305753.4247,cement
-11.18393,14.02885,1,0.000,2.000,0.5027,561830.3316,118904.1096,cement
41.52741,19.73452,2,2.735,4.735,23.4913,1087448.6596,280273.9726,cement
25.55427,55.98380,3,0.715,2.715,1.6075,2869484.1531,636986.3014,cement
25.38703,55.96714,1,0.000,2.000,0.5027,538684.4774,101917.8082,cement
24.00208,55.43787,1,0.000,2.000,0.5027,2549715.1742,424657.5342,cement
25.55286,56.22679,1,0.000,2.000,0.5027,860170.6811,203835.6164,cement
25.96919,56.06750,4,0.765,2.765,1.8408,4055244.8297,900273.9726,cement
25.15837,55.24294,1,0.000,2.000,0.5027,452011.8774,127397.2603,cement
-32.86160,-66.85270,1,0.000,2.000,0.5027,317241.1845,84931.5068,cement
-28.46772,-65.22812,1,0.000,2.000,0.5027,509244.5746,186849.3151,cement
-24.49084,-64.95717,1,0.000,2.000,0.5027,330416.7815,111260.2740,cement
-32.73918,-68.84398,1,0.000,2.000,0.5027,156690.6949,56054.7945,cement
-46.78971,-67.92782,1,0.000,2.000,0.5027,64342.5665,40767.1233,cement
-31.48184,-64.35271,1,0.000,2.000,0.5027,1866293.3960,399178.0822,cement
-38.89650,-70.03534,1,0.000,2.000,0.5027,61980.5729,33972.6027,cement
39.85692,44.73045,1,0.000,2.000,0.5027,432248.9046,101917.8082,cement
-34.51014,150.33322,1,0.000,2.000,0.5027,162389.4266,127397.2603,cement
-41.33474,146.41677,1,0.000,2.000,0.5027,672844.8086,118904.1096,cement
47.72353,13.04929,1,0.000,2.000,0.5027,416566.8901,93424.6575,cement
47.90876,14.11638,1,0.000,2.000,0.5027,149791.4886,42465.7534,cement
47.98369,16.60706,1,0.000,2.000,0.5027,311567.9789,101917.8082,cement
46.73753,15.57336,1,0.000,2.000,0.5027,246907.2113,53082.1918,cement
47.55237,10.63846,1,0.000,2.000,0.5027,132458.7532,25479.4521,cement
46.85088,14.53348,1,0.000,2.000,0.5027,74591.1527,42465.7534,cement
47.87305,16.08569,1,0.000,2.000,0.5027,198593.1633,42465.7534,cement
41.16699,45.25370,1,0.000,2.000,0.5027,441147.5760,110410.9589,cement
40.22469,49.55794,1,0.000,2.000,0.5027,397863.4358,144383.5616,cement
39.27803,45.28670,1,0.000,2.000,0.5027,90133.3676,25479.4521,cement
50.59969,3.48378,2,3.804,5.804,45.4600,1485402.0321,263287.6712,cement
50.76335,5.67733,2,2.376,4.376,17.7288,357919.0036,18850862.5846,cement
7.14903,2.65060,1,0.000,2.000,0.5027,220703.0367,50958.9041,cement
7.14185,2.54525,1,0.000,2.000,0.5027,625325.2707,144383.5616,cement
25.03785,91.65108,2,1.333,3.333,5.5785,514648.9194,142684.9315,cement
43.28202,23.46537,1,0.000,2.000,0.5027,628919.2062,144383.5616,cement
43.08793,24.17509,1,0.000,2.000,0.5027,784002.8600,127397.2603,cement
53.39159,32.01372,1,0.000,2.000,0.5027,840807.2292,178356.1644,cement
53.26438,24.44410,1,0.000,2.000,0.5027,944485.3267,135890.4110,cement
53.73078,31.72442,1,0.000,2.000,0.5027,401445.4123,127397.2603,cement
-17.39992,-67.27324,1,0.000,2.000,0.5027,324754.8934,110410.9589,cement
-21.24779,-65.20889,1,0.000,2.000,0.5027,124974.9580,28027.3973,cement
-17.72573,-66.29204,1,0.000,2.000,0.5027,381519.0094,93424.6575,cement
-19.47994,-65.70564,1,0.000,2.000,0.5027,358856.5662,110410.9589,cement
-16.64743,-68.31689,1,0.000,2.000,0.5027,451700.1069,169863.0137,cement
-18.95069,-58.27783,1,0.000,2.000,0.5027,267153.9937,80684.9315,cement
-24.66944,-48.97979,1,0.000,2.000,0.5027,474942.4853,144383.5616,cement
-7.37688,-34.88558,1,0.000,2.000,0.5027,637244.5933,127397.2603,cement
-1.32372,-48.35343,1,0.000,2.000,0.5027,158752.1618,42465.7534,cement
-24.51928,-48.85551,1,0.000,2.000,0.5027,880323.0132,271780.8219,cement
-25.45852,-49.60981,1,0.000,2.000,0.5027,633913.2843,237808.2192,cement
-5.05998,-37.74078,2,4.257,6.257,56.9389,1573896.4210,327920.5479,cement
-21.18020,-43.98161,1,0.000,2.000,0.5027,1460208.6551,271780.8219,cement
-20.47353,-56.72973,1,0.000,2.000,0.5027,268350.2430,67945.2055,cement
-23.12491,-45.74129,1,0.000,2.000,0.5027,445963.2524,137980.5042,cement
-24.70964,-48.11807,1,0.000,2.000,0.5027,207860.9646,78986.3014,cement
-10.51799,-40.33059,1,0.000,2.000,0.5027,590155.6811,146082.1918,cement
-20.89936,-43.81896,1,0.000,2.000,0.5027,1086194.8207,288767.1233,cement
-17.00933,-49.78039,1,0.000,2.000,0.5027,527571.9871,178356.1644,cement
-1.21566,-47.18865,1,0.000,2.000,0.5027,396618.4188,137980.5042,cement
-20.31687,-45.58182,3,7.955,9.955,198.7904,1471360.2434,280273.9726,cement
-15.57735,-47.86319,2,1.525,3.525,7.3025,1814433.2618,541013.6986,cement
-19.00313,-57.62404,1,0.000,2.000,0.5027,72295.4894,18684.9315,cement
-21.94309,-42.27318,3,4.134,6.134,53.6838,1580176.0056,259890.4110,cement
-19.58329,-44.06306,3,5.205,7.205,85.1201,1769588.4726,346520.5479,cement
-15.33257,-56.13679,1,0.000,2.000,0.5027,288339.0437,110410.9589,cement
-17.25834,-49.78659,1,0.000,2.000,0.5027,346450.9973,84931.5068,cement
-21.19448,-44.93923,1,0.000,2.000,0.5027,340829.7925,161369.8630,cement
-4.52538,-44.04074,1,0.000,2.000,0.5027,393327.1837,137980.5042,cement
-5.20394,-37.39289,1,0.000,2.000,0.5027,436097.8251,137980.5042,cement
-20.76472,-46.76934,1,0.000,2.000,0.5027,542338.5286,186849.3151,cement
-19.68297,-43.92583,1,0.000,2.000,0.5027,1586345.2489,416164.3836,cement
-10.82467,-37.16518,1,0.000,2.000,0.5027,849009.9547,152876.7123,cement
-9.68021,-35.83012,1,0.000,2.000,0.5027,152402.0754,40767.1233,cement
-23.44208,-46.24243,1,0.000,2.000,0.5027,174627.3780,46712.3288,cement
-16.68161,-43.88336,1,0.000,2.000,0.5027,277123.4169,76438.3562,cement
-14.64370,-56.26493,1,0.000,2.000,0.5027,243802.2883,101917.8082,cement
-10.41624,-36.69863,1,0.000,2.000,0.5027,38532.9237,25479.4521,cement
-7.80266,-37.82620,1,0.000,2.000,0.5027,25400.3459,6794.5205,cement
-31.51358,-53.55917,1,0.000,2.000,0.5027,180341.9041,38219.1781,cement
-26.81846,-49.15727,1,0.000,2.000,0.5027,119807.0429,33972.6027,cement
-0.98005,-47.11669,1,0.000,2.000,0.5027,440754.4225,101917.8082,cement
-25.19260,-49.32585,1,0.000,2.000,0.5027,3459983.3190,594520.5479,cement
-23.62017,-47.48238,2,5.390,7.390,91.2655,2698672.5852,577534.2466,cement
-19.51334,-44.27703,1,0.000,2.000,0.5027,857463.1186,203835.6164,cement
-3.68573,-40.37370,1,0.000,2.000,0.5027,809814.6182,186849.3151,cement
-27.35890,-49.34270,1,0.000,2.000,0.5027,369781.4182,98341.7448,cement
-6.43356,-48.42847,1,0.000,2.000,0.5027,153760.3263,33972.6027,cement
26.87200,91.23303,1,0.000,2.000,0.5027,700122.9728,128030.0000,cement
26.81809,89.18665,2,0.541,2.541,0.9209,335402.0883,69750.0000,cement
45.23943,-63.33416,1,0.000,2.000,0.5027,61812.0717,16986.3014,cement
53.57983,-113.60295,1,0.000,2.000,0.5027,235717.5176,118904.1096,cement
43.08696,-80.87755,2,2.577,4.577,20.8699,784040.0536,133091.5974,cement
51.06243,-115.17281,3,3.390,5.390,36.0945,1169778.2940,215629.1638,cement
46.02868,-73.40807,2,4.185,6.185,55.0141,383207.2106,92745.8985,cement
43.49422,-79.62184,3,1.025,3.025,3.3017,700076.6337,185864.0137,oil-and-gas-refining
44.05334,-77.12295,1,0.000,2.000,0.5027,228805.0326,67095.8904,cement
48.18755,-64.91995,1,0.000,2.000,0.5027,1286210.4611,263287.6712,cement
46.74330,-71.81237,1,0.000,2.000,0.5027,495197.9938,133342.4658,cement
45.33941,-73.52427,1,0.000,2.000,0.5027,318195.9362,84931.5068,cement
43.24346,-81.14759,1,0.000,2.000,0.5027,842901.2751,178356.1644,cement
46.65529,6.54560,1,0.000,2.000,0.5027,299983.9966,59452.0548,cement
47.18297,7.24806,1,0.000,2.000,0.5027,255415.8622,76438.3562,cement
46.91711,9.55104,1,0.000,2.000,0.5027,276944.4417,67945.2055,cement
47.52098,8.23901,1,0.000,2.000,0.5027,236500.3560,76438.3562,cement
-23.78182,-70.31906,1,0.000,2.000,0.5027,166856.4752,42465.7534,cement
-33.15072,-70.83204,1,0.000,2.000,0.5027,133263.5534,89178.0822,cement
-32.79061,-71.19830,1,0.000,2.000,0.5027,356857.5511,93424.6575,cement
30.67180,117.12000,1,0.000,2.000,0.5027,418072.4826,67945.2055,cement
43.91137,120.11728,1,0.000,2.000,0.5027,168811.1871,42465.7534,cement
30.45263,117.23766,1,0.000,2.000,0.5027,679524.1904,186849.3151,cement
31.04903,119.56906,9,6.742,8.742,142.7912,3209953.0230,613991.8697,lime
31.23034,118.38105,1,0.000,2.000,0.5027,586421.3744,203835.6164,cement
30.60986,116.90908,3,5.543,7.543,96.5130,2126441.2403,467207.8652,cement
32.70888,117.29649,21,6.458,8.458,131.0035,6586846.3551,932202.4010,lime
31.52988,118.00057,1,0.000,2.000,0.5027,1913571.7721,382191.7808,cement
30.78801,118.97298,1,0.000,2.000,0.5027,1253788.4462,271780.8219,cement
30.74401,117.39264,1,0.000,2.000,0.5027,346829.9186,93424.6575,cement
32.83381,109.29484,1,0.000,2.000,0.5027,522254.1635,101917.8082,cement
36.12410,119.02698,1,0.000,2.000,0.5027,658583.6336,135890.4110,cement
36.08536,114.05622,5,5.436,7.436,92.8374,1710280.2099,327058.8512,lime
36.14271,114.14189,4,4.784,6.784,71.8943,4489186.4960,392698.1177,iron-and-steel
36.17450,114.06467,8,6.244,8.244,122.4722,2896576.5926,545043.4904,lime
41.82656,126.26083,2,2.549,4.549,20.4159,1723851.8877,395264.0378,cement
34.53681,107.07735,1,0.000,2.000,0.5027,838649.2757,169863.0137,cement
34.48182,107.79247,5,5.286,7.286,87.7815,1385616.4264,250174.3047,lime
24.92441,99.08601,3,1.452,3.452,6.6234,2062993.1993,388562.4691,cement
41.87819,110.10687,1,0.000,2.000,0.5027,263682.5108,67945.2055,cement
32.40534,106.77007,1,0.000,2.000,0.5027,883266.1858,186849.3151,cement
31.67754,104.42957,2,3.218,5.218,32.5413,705229.9299,116558.1432,cement
40.18701,116.16551,1,0.000,2.000,0.5027,403607.1704,166465.7534,cement
39.67541,115.86783,1,0.000,2.000,0.5027,259358.0546,65263.1579,cement
40.80322,120.72909,1,0.000,2.000,0.5027,574385.8031,127397.2603,cement
44.71473,82.08183,4,4.531,6.531,64.5013,1186890.8701,189869.0944,lime
28.43430,104.84544,1,0.000,2.000,0.5027,610897.7573,135890.4110,cement
28.11891,113.34217,1,0.000,2.000,0.5027,761090.2339,191428.4214,cement
31.10065,119.70909,5,5.322,7.322,88.9703,3697905.1224,716287.1588,cement
31.48983,117.90425,5,7.013,9.013,154.4890,4692945.0508,1000407.6286,cement
41.44896,120.03978,1,0.000,2.000,0.5027,1179258.6191,254794.5205,cement
40.65715,118.52541,1,0.000,2.000,0.5027,552279.6733,152876.7123,cement
41.17915,117.96977,1,0.000,2.000,0.5027,283453.4743,81578.9474,cement
33.72403,105.67854,2,6.015,8.015,113.6717,1473845.3404,340732.6205,cement
44.45781,118.92605,1,0.000,2.000,0.5027,280873.7303,65263.1579,cement
31.29415,117.94261,1,0.000,2.000,0.5027,634191.1253,196478.8732,cement
23.24458,111.57486,1,0.000,2.000,0.5027,4839383.2394,1019178.0822,cement
22.93504,109.55634,2,5.068,7.068,80.7062,1802394.5612,340732.6205,cement
21.73540,109.57275,1,0.000,2.000,0.5027,925886.4894,195342.4658,cement
23.21005,109.15552,1,0.000,2.000,0.5027,773381.1753,195342.4658,cement
23.62678,114.36796,5,8.944,10.944,251.3220,2443740.8163,601556.4953,cement
22.56311,110.23695,5,4.874,6.874,74.6255,1583585.6478,275807.1944,lime
22.61322,111.74048,2,4.371,6.371,60.0114,896685.7274,175965.4972,cement
25.28501,100.55053,2,4.634,6.634,67.4712,2152146.4390,442650.4287,cement
23.48713,110.49964,5,5.857,7.857,107.7644,4222995.0950,806331.7695,lime
26.66956,100.19588,1,0.000,2.000,0.5027,605693.9364,169863.0137,cement
27.51973,106.55127,1,0.000,2.000,0.5027,1621074.6749,339726.0274,cement
22.16376,107.93968,2,4.713,6.713,69.7752,1277925.6575,294020.2917,cement
23.51727,109.70576,1,0.000,2.000,0.5027,856906.0302,184301.3699,cement
24.88550,117.07074,6,9.278,11.278,270.4255,2478884.1731,523675.2896,lime
31.78666,104.44724,1,0.000,2.000,0.5027,814572.0313,169863.0137,cement
33.08364,112.21036,1,0.000,2.000,0.5027,812550.3371,305753.4247,cement
30.19032,107.98172,1,0.000,2.000,0.5027,2246478.1077,560547.9452,cement
29.43767,108.77308,1,0.000,2.000,0.5027,488491.6955,101917.8082,cement
29.30979,105.72371,1,0.000,2.000,0.5027,652719.7755,169863.0137,cement
29.94956,106.33845,2,2.222,4.222,15.5048,1723918.8021,316794.5205,cement
29.47893,106.59268,1,0.000,2.000,0.5027,657937.0944,152876.7123,cement
30.10139,108.14501,1,0.000,2.000,0.5027,899076.3875,191428.4214,cement
29.84898,106.14151,1,0.000,2.000,0.5027,1014191.2486,254794.5205,cement
28.38176,109.06386,1,0.000,2.000,0.5027,353936.7046,77287.6712,cement
22.36654,107.29791,1,0.000,2.000,0.5027,491000.6705,186849.3151,cement
32.19721,118.23429,2,4.594,6.594,66.3128,1922383.9860,542712.3288,cement
27.91659,103.90449,1,0.000,2.000,0.5027,963923.7876,191428.4214,cement
39.10234,112.81512,1,0.000,2.000,0.5027,746352.5334,169863.0137,cement
39.26185,121.69607,2,2.209,4.209,15.3236,1501951.8914,360958.9041,cement
39.43141,121.72598,3,5.900,7.900,109.3656,1194240.8071,209725.5116,oil-and-gas-refining
39.47321,121.62730,1,0.000,2.000,0.5027,438865.9125,169863.0137,cement
39.58087,121.43147,1,0.000,2.000,0.5027,747865.7142,169863.0137,cement
39.66450,121.77062,2,4.002,6.002,50.3150,408949.1506,67610.7748,cement
39.64224,122.06972,1,0.000,2.000,0.5027,553174.1899,152876.7123,cement
40.78588,123.90411,1,0.000,2.000,0.5027,702184.3259,163157.8947,cement
25.77465,117.72944,2,3.525,5.525,39.0442,879637.0400,228623.0315,cement
39.82565,113.00089,1,0.000,2.000,0.5027,729395.0426,169863.0137,cement
30.85093,107.32631,1,0.000,2.000,0.5027,2299093.9725,373698.6301,cement
32.65905,112.03948,1,0.000,2.000,0.5027,438624.7296,101917.8082,cement
27.90521,99.73977,1,0.000,2.000,0.5027,365520.6080,84931.5068,cement
29.83257,107.60834,1,0.000,2.000,0.5027,3038371.5337,849315.0685,cement
26.99646,110.64165,1,0.000,2.000,0.5027,766014.6671,169863.0137,cement
24.09246,114.97971,3,4.241,6.241,56.5104,508184.9771,75813.9812,lime
31.04667,103.66073,3,2.175,4.175,14.8592,1729288.9351,400184.6753,cement
30.06656,114.93175,3,1.984,3.984,12.3649,3988924.9754,269232.8767,iron-and-steel
33.93564,106.73521,1,0.000,2.000,0.5027,365520.6080,84931.5068,cement
27.85872,114.74951,1,0.000,2.000,0.5027,996890.6303,237808.2192,cement
26.02710,117.15372,2,0.530,2.530,0.8833,959187.7532,204842.2096,cement
26.78191,117.77665,1,0.000,2.000,0.5027,1151077.8761,181753.4247,cement
26.28540,116.93541,1,0.000,2.000,0.5027,703158.6879,176657.5342,cement
25.54661,118.02906,1,0.000,2.000,0.5027,464909.9261,152876.7123,cement
25.43130,118.01935,1,0.000,2.000,0.5027,1408046.0510,254794.5205,cement
24.86803,116.21034,2,3.830,5.830,46.0838,1027260.4099,260047.6890,cement
29.93714,119.81940,1,0.000,2.000,0.5027,381374.8843,95972.6027,cement
29.99268,119.67742,1,0.000,2.000,0.5027,496001.5200,124849.3151,cement
39.59200,94.30860,1,0.000,2.000,0.5027,596622.5958,135890.4110,cement
35.76739,104.13319,2,3.378,5.378,35.8540,962741.8205,204842.2096,cement
35.79077,103.72114,1,0.000,2.000,0.5027,479318.7567,101917.8082,cement
25.45460,114.89056,1,0.000,2.000,0.5027,1523670.7532,343972.6027,cement
28.15203,115.50652,1,0.000,2.000,0.5027,812193.4089,210630.1370,cement
30.86570,111.64195,1,0.000,2.000,0.5027,2314385.4769,424657.5342,cement
31.14474,112.18877,1,0.000,2.000,0.5027,832156.9669,169863.0137,cement
32.46119,111.65794,1,0.000,2.000,0.5027,356804.0825,84931.5068,cement
29.60384,111.29114,3,3.139,5.139,30.9477,4298026.0846,629499.7438,cement
30.07282,111.51564,2,3.365,5.365,35.5658,857471.1488,136897.0041,cement
31.17742,110.74782,1,0.000,2.000,0.5027,379779.3846,84931.5068,cement
31.74091,112.42210,1,0.000,2.000,0.5027,713930.1553,169863.0137,cement
31.28183,112.29436,2,2.202,4.202,15.2354,3404767.8813,254794.5205,chemicals
36.26965,100.57685,1,0.000,2.000,0.5027,265745.9031,65263.1579,cement
24.16768,112.76623,2,4.288,6.288,57.7539,1668392.8720,357718.9219,cement
31.03264,104.23121,1,0.000,2.000,0.5027,365520.6080,84931.5068,cement
39.81865,114.34284,2,5.617,7.617,99.1112,946030.6720,192951.7986,cement
23.54243,107.11732,3,1.274,3.274,5.1018,2883981.7367,560207.3797,cement
23.84641,108.15097,2,1.301,3.301,5.3141,1171667.2362,252915.4042,cement
22.72258,109.83884,11,6.571,8.571,135.6676,6072058.4787,924449.9668,lime
22.72699,109.39509,2,6.160,8.160,119.1994,1220081.0504,518082.1918,cement
24.20464,106.60336,1,0.000,2.000,0.5027,461176.9746,101917.8082,cement
25.06041,109.21336,1,0.000,2.000,0.5027,676907.1652,191428.4214,cement
24.37518,109.24465,2,2.930,4.930,26.9749,1120360.2269,214452.8801,cement
32.61497,105.86104,1,0.000,2.000,0.5027,2048591.4759,373698.6301,cement
32.49015,105.63813,1,0.000,2.000,0.5027,506346.2303,127397.2603,cement
26.61950,107.24431,2,3.350,5.350,35.2597,2103684.6682,408677.8260,cement
24.92864,110.82852,1,0.000,2.000,0.5027,973157.9570,203835.6164,cement
25.00204,105.77671,1,0.000,2.000,0.5027,498993.8779,127397.2603,cement
25.95271,105.57516,1,0.000,2.000,0.5027,462299.0314,116356.1644,cement
27.70002,107.37021,1,0.000,2.000,0.5027,622032.4861,169863.0137,cement
26.95886,106.65999,3,3.731,5.731,43.7283,1225653.7385,261386.8131,lime
26.63154,107.99663,1,0.000,2.000,0.5027,793184.7985,169863.0137,cement
27.46888,109.12184,2,1.214,3.214,4.6314,598592.1072,144468.1392,cement
27.36923,108.93458,1,0.000,2.000,0.5027,684008.4605,180904.1096,cement
27.29132,106.78896,1,0.000,2.000,0.5027,337464.8084,84931.5068,cement
25.82961,104.61977,1,0.000,2.000,0.5027,787399.6958,203835.6164,cement
25.20036,106.10492,1,0.000,2.000,0.5027,372757.1842,101917.8082,cement
26.77962,104.39406,1,0.000,2.000,0.5027,811918.2574,191428.4214,cement
26.70258,105.82567,1,0.000,2.000,0.5027,760522.8767,191428.4214,cement
40.81962,122.67948,1,0.000,2.000,0.5027,405331.1778,101917.8082,cement
42.53513,94.23091,1,0.000,2.000,0.5027,319830.5320,74315.0685,cement
36.51346,113.61926,1,0.000,2.000,0.5027,528202.8105,122301.3699,cement
32.94277,107.75651,1,0.000,2.000,0.5027,425722.0073,101917.8082,cement
33.19505,107.45497,1,0.000,2.000,0.5027,420508.7565,101917.8082,cement
42.01322,118.97286,2,0.587,2.587,1.0813,880229.0633,176814.8123,cement
45.30249,127.27798,1,0.000,2.000,0.5027,332841.2092,81578.9474,cement
39.84820,114.78474,1,0.000,2.000,0.5027,278703.8771,75991.3482,cement
39.28448,115.35719,6,2.914,4.914,26.6813,2197635.0387,337216.4360,lime
37.37506,114.68979,3,7.628,9.628,182.8111,2796942.5108,561554.5383,cement
50.08474,125.65247,1,0.000,2.000,0.5027,1055664.9304,191428.4214,cement
45.72186,127.16880,3,2.943,4.943,27.2060,2135004.8149,494615.9260,lime
34.73097,111.40081,1,0.000,2.000,0.5027,2204685.1882,424657.5342,cement
34.69115,112.93256,3,5.186,7.186,84.5073,816783.6576,169863.0137,iron-and-steel
27.12336,113.11067,1,0.000,2.000,0.5027,834853.5101,169863.0137,cement
39.09407,111.38070,1,0.000,2.000,0.5027,424003.9053,98520.5479,cement
34.32774,112.88251,5,4.276,6.276,57.4535,1298307.2869,200602.7264,lime
24.17230,102.92898,2,1.930,3.930,11.7078,1448270.1431,238234.7406,cement
30.52096,111.22908,1,0.000,2.000,0.5027,1167464.4101,220821.9178,cement
25.71644,112.89428,1,0.000,2.000,0.5027,788441.2826,186849.3151,cement
29.74267,113.98610,1,0.000,2.000,0.5027,526597.8766,135890.4110,cement
29.59153,107.43199,1,0.000,2.000,0.5027,770383.6355,186849.3151,cement
25.60778,111.42199,1,0.000,2.000,0.5027,705930.4899,140136.9863,cement
27.54137,99.55691,1,0.000,2.000,0.5027,535445.4694,101917.8082,cement
22.02594,112.35639,1,0.000,2.000,0.5027,723466.5222,169863.0137,cement
32.03747,110.56149,1,0.000,2.000,0.5027,435951.0306,93424.6575,cement
25.22629,102.56519,2,3.724,5.724,43.5713,887168.7773,154732.6205,cement
29.82606,109.90863,1,0.000,2.000,0.5027,201838.5153,50958.9041,cement
31.91702,114.02470,1,0.000,2.000,0.5027,622204.5772,169863.0137,cement
26.58798,99.93286,1,0.000,2.000,0.5027,490677.5363,101917.8082,cement
21.90612,101.05106,1,0.000,2.000,0.5027,361728.2227,84931.5068,cement
26.13067,103.16870,1,0.000,2.000,0.5027,442258.4517,84931.5068,cement
23.89980,99.68825,1,0.000,2.000,0.5027,452344.9003,101917.8082,cement
29.40557,110.24877,1,0.000,2.000,0.5027,364672.9344,84931.5068,cement
29.26392,91.92705,1,0.000,2.000,0.5027,584053.0046,186849.3151,cement
31.79494,111.89663,1,0.000,2.000,0.5027,550810.5424,169863.0137,cement
30.12418,115.25581,2,1.967,3.967,12.1515,5255350.0649,851429.5069,cement
25.61986,99.09602,1,0.000,2.000,0.5027,388497.9004,97671.2329,cement
27.44182,103.78148,2,1.522,3.522,7.2793,1029803.1003,254794.5205,cement
27.55340,113.12705,1,0.000,2.000,0.5027,891098.6706,178356.1644,cement
30.92085,110.70936,1,0.000,2.000,0.5027,595642.5823,152876.7123,cement
32.13618,108.06701,1,0.000,2.000,0.5027,411051.6032,93424.6575,cement
32.75062,110.83585,2,4.197,6.197,55.3388,1027127.3633,229315.0685,cement
31.36191,113.51618,1,0.000,2.000,0.5027,498198.8658,135890.4110,cement
28.42339,104.72047,2,0.851,2.851,2.2760,960311.1370,170869.6068,cement
25.84891,115.88035,5,8.973,10.973,252.9668,2987652.1149,586091.1275,lime
26.63907,102.61009,1,0.000,2.000,0.5027,666408.7572,112958.9041,cement
26.55313,113.30748,2,1.572,3.572,7.7600,502284.8048,105715.6903,cement
27.83627,111.17274,1,0.000,2.000,0.5027,687911.7942,186849.3151,cement
25.60802,113.01609,3,3.945,5.945,48.8804,1483725.5136,340732.6205,cement
28.22492,112.68236,1,0.000,2.000,0.5027,994180.7705,271780.8219,cement
26.75000,112.08238,1,0.000,2.000,0.5027,405010.9392,101917.8082,cement
27.73234,112.21554,1,0.000,2.000,0.5027,1013481.0297,254794.5205,cement
28.28053,112.26789,6,4.796,6.796,72.2526,2710164.6796,509654.4053,lime
28.21652,111.66132,1,0.000,2.000,0.5027,729552.6834,186849.3151,cement
26.68775,110.67289,1,0.000,2.000,0.5027,1245408.4486,271780.8219,cement
44.15748,80.75987,2,2.022,4.022,12.8489,1009130.3321,226407.6173,cement
43.67246,81.17490,1,0.000,2.000,0.5027,563590.0964,191428.4214,cement
42.44185,121.27471,2,2.870,4.870,25.8768,1208734.7571,255801.1137,cement
41.03197,111.46359,2,0.706,2.706,1.5665,1023931.6502,251441.9611,cement
41.44313,113.15439,2,3.521,5.521,38.9381,689822.8809,132873.9327,cement
38.38132,105.69086,1,0.000,2.000,0.5027,313550.7977,81578.9474,cement
43.64394,112.00934,1,0.000,2.000,0.5027,561747.4607,130526.3158,cement
39.90901,111.70357,2,1.468,3.468,6.7734,2329739.8373,628493.1507,cement
46.23178,130.59707,1,0.000,2.000,0.5027,372968.4782,101917.8082,cement
46.14574,130.86607,2,3.442,5.442,37.2140,651619.2468,136897.0041,cement
29.30069,119.00953,10,9.292,11.292,271.2512,2459480.9223,419427.9823,lime
29.42321,119.15177,1,0.000,2.000,0.5027,833611.1817,180904.1096,cement
29.43223,119.24335,1,0.000,2.000,0.5027,674852.1717,169863.0137,cement
25.17218,111.53873,1,0.000,2.000,0.5027,565238.6442,186849.3151,cement
26.69741,117.47756,3,10.520,12.520,347.6504,2951561.7893,738031.5864,cement
28.71431,118.58831,2,1.721,3.721,9.3046,2530624.2535,636986.3014,cement
32.78276,120.37909,1,0.000,2.000,0.5027,3146713.9909,849315.0685,cement
31.37931,119.30450,3,4.496,6.496,63.5176,6724426.3174,2073335.3602,cement
31.24459,119.80166,1,0.000,2.000,0.5027,533165.0910,134191.7808,cement
31.53394,119.58565,2,3.944,5.944,48.8585,1136051.4240,191222.7567,cement
28.70231,118.32667,3,1.335,3.335,5.5951,2237473.2693,738904.1096,cement
29.92536,116.56618,1,0.000,2.000,0.5027,981292.6042,185150.6849,cement
27.40769,116.66993,2,1.062,3.062,3.5456,701332.5520,171570.1016,cement
28.18022,114.62996,1,0.000,2.000,0.5027,399702.2900,84931.5068,cement
26.81573,114.85989,1,0.000,2.000,0.5027,172594.9846,32631.5789,cement
28.70246,117.08205,1,0.000,2.000,0.5027,699630.3162,191428.4214,cement
26.39855,115.77159,1,0.000,2.000,0.5027,549640.4064,173260.2740,cement
27.07112,115.70270,9,8.580,10.580,231.2938,4701830.2105,862899.5794,lime
25.81669,115.46730,2,1.128,3.128,3.9985,535034.2688,135800.6723,cement
43.62819,115.85476,1,0.000,2.000,0.5027,239978.9825,101917.8082,cement
29.66736,106.16715,1,0.000,2.000,0.5027,849305.0237,169863.0137,cement
29.22532,106.01071,1,0.000,2.000,0.5027,1075878.1923,254794.5205,cement
34.53833,107.50145,1,0.000,2.000,0.5027,426093.5157,118904.1096,cement
39.85773,118.19266,3,6.129,8.129,118.0051,1539437.2908,472983.5616,iron-and-steel
39.93956,118.23242,2,2.095,4.095,13.7826,3370484.7641,783157.8947,cement
39.90555,118.37156,5,7.085,9.085,157.6792,1061041.3100,213125.5658,lime
42.87224,126.15309,1,0.000,2.000,0.5027,240202.7173,67945.2055,cement
43.53290,126.26845,1,0.000,2.000,0.5027,714254.9415,171561.6438,cement
34.53743,107.99798,2,4.005,6.005,50.3889,960108.0789,204842.2096,cement
43.18759,126.01210,2,3.257,5.257,33.3216,2509741.4550,280273.9726,cement
36.57917,116.90823,3,5.371,7.371,90.6333,922398.8612,241290.2740,cement
38.51461,102.30463,1,0.000,2.000,0.5027,823852.4851,191428.4214,cement
35.37066,112.43873,2,1.208,3.208,4.5864,418204.1613,128284.6352,cement
43.30803,124.58493,5,4.850,6.850,73.9079,1597147.6761,257926.8771,lime
41.21488,120.78479,1,0.000,2.000,0.5027,561747.4607,130526.3158,cement
29.60914,115.86317,1,0.000,2.000,0.5027,320551.3505,84931.5068,cement
35.94487,118.93402,2,5.032,7.032,79.5384,944411.6656,203835.6164,cement
25.45716,113.01785,2,2.963,4.963,27.5888,925367.6361,204842.2096,cement
41.44243,119.83006,3,2.803,4.803,24.6805,900739.4198,169204.8077,lime
39.64955,75.90014,1,0.000,2.000,0.5027,789087.0915,191428.4214,cement
37.38191,114.52541,6,8.702,10.702,237.8933,2185074.6704,453199.0544,lime
24.87416,103.39772,2,2.202,4.202,15.2312,639712.7392,128403.8534,cement
41.76282,83.27062,1,0.000,2.000,0.5027,627909.3328,195342.4658,cement
39.40580,115.61754,19,3.430,5.430,36.9694,5083326.1151,717954.1615,lime
38.24807,111.58109,1,0.000,2.000,0.5027,337763.9045,84931.5068,cement
29.27417,119.29765,1,0.000,2.000,0.5027,432871.3067,124849.3151,cement
36.80844,103.21817,3,5.720,7.720,102.8013,1355150.2715,220063.6549,lime
30.50553,107.45533,1,0.000,2.000,0.5027,938348.6103,186849.3151,cement
42.08539,121.74501,1,0.000,2.000,0.5027,842580.2848,261052.6316,cement
41.36365,123.48964,6,3.571,5.571,40.0524,2833633.2413,629786.3002,cement
41.22676,123.33924,1,0.000,2.000,0.5027,580213.3848,169863.0137,cement
41.28413,123.30101,2,6.459,8.459,131.0705,2096581.6860,436726.7484,cement
42.79044,125.28869,1,0.000,2.000,0.5027,1608489.6272,339726.0274,cement
37.57851,114.44463,8,10.997,12.997,379.9172,3918314.9151,628602.8002,lime
35.84180,113.30589,5,4.676,6.676,68.7010,1453042.8453,211345.6268,lime
29.67828,111.52815,4,6.236,8.236,122.1688,1554294.0631,274800.6013,lime
36.42751,118.39711,1,0.000,2.000,0.5027,423779.0454,84931.5068,cement
30.18851,106.82688,1,0.000,2.000,0.5027,1926095.6846,382191.7808,cement
35.30427,103.26882,1,0.000,2.000,0.5027,549320.5599,186849.3151,cement
29.53192,113.38046,2,3.852,5.852,46.6195,2207504.2454,386849.3151,oil-and-gas-refining
34.96886,117.89297,1,0.000,2.000,0.5027,935643.8124,169863.0137,cement
31.47471,119.18225,5,4.834,6.834,73.4034,1710015.7581,335951.2862,lime
34.04714,113.15309,1,0.000,2.000,0.5027,1012322.2856,254794.5205,cement
28.64407,117.37602,5,6.763,8.763,143.6778,2354746.5594,520475.9769,lime
28.79337,117.29388,4,6.489,8.489,132.2840,772900.0126,100685.9737,lime
23.12617,107.65724,1,0.000,2.000,0.5027,650422.3912,169863.0137,cement
24.62822,98.76407,1,0.000,2.000,0.5027,371202.2056,93424.6575,cement
26.53993,106.89258,1,0.000,2.000,0.5027,424273.3019,130526.3158,cement
33.40856,104.89272,1,0.000,2.000,0.5027,392817.6605,78136.9863,cement
36.99877,80.19377,1,0.000,2.000,0.5027,959337.3461,191428.4214,cement
35.21202,117.02648,2,5.038,7.038,79.7526,664490.4709,153009.8652,cement
34.15922,112.40238,1,0.000,2.000,0.5027,450440.0604,84931.5068,cement
28.08012,105.53858,3,1.064,3.064,3.5573,627474.8058,126312.2823,lime
37.62514,111.01219,1,0.000,2.000,0.5027,305581.0958,84931.5068,cement
24.73826,116.18691,2,1.205,3.205,4.5651,913629.0712,226407.6173,cement
24.55630,116.15767,8,11.362,13.362,405.5751,1757148.2419,263309.3239,lime
24.53035,115.86279,1,0.000,2.000,0.5027,467983.0962,127397.2603,cement
23.30266,103.37601,1,0.000,2.000,0.5027,511679.8991,129945.2055,cement
36.34056,102.81132,1,0.000,2.000,0.5027,199685.8143,59452.0548,cement
37.73462,110.20768,1,0.000,2.000,0.5027,351092.1629,81578.9474,cement
42.86514,120.70045,1,0.000,2.000,0.5027,611630.9773,130526.3158,cement
23.08747,108.20918,1,0.000,2.000,0.5027,545738.2296,163917.8082,cement
25.31153,114.35058,1,0.000,2.000,0.5027,622909.4659,169863.0137,cement
38.50614,105.99811,2,6.070,8.070,115.7565,4060640.2888,677534.2466,oil-and-gas-refining
38.20412,105.96662,1,0.000,2.000,0.5027,925145.2274,178356.1644,cement
50.56265,123.21056,1,0.000,2.000,0.5027,198429.8899,50958.9041,cement
31.72110,119.39348,1,0.000,2.000,0.5027,2165652.4147,424657.5342,cement
27.07969,102.16713,1,0.000,2.000,0.5027,388914.4764,84931.5068,cement
33.88374,112.89847,1,0.000,2.000,0.5027,1210714.6176,277144.9171,cement
41.02302,118.79567,1,0.000,2.000,0.5027,318651.5597,84931.5068,cement
27.08906,113.92219,1,0.000,2.000,0.5027,464150.4547,127397.2603,cement
36.08549,119.95619,1,0.000,2.000,0.5027,1096561.8239,254794.5205,cement
35.40457,117.62756,1,0.000,2.000,0.5027,865167.9231,182602.7397,cement
34.96006,117.47563,2,5.539,7.539,96.3726,1020433.5649,221828.5109,cement
34.65603,108.21722,1,0.000,2.000,0.5027,737464.1315,186849.3151,cement
25.11633,105.35582,1,0.000,2.000,0.5027,502857.5398,127397.2603,cement
34.72418,107.02720,1,0.000,2.000,0.5027,935211.8686,186849.3151,cement
36.44003,101.60268,1,0.000,2.000,0.5027,1442494.8033,322739.7260,cement
36.75963,118.40636,1,0.000,2.000,0.5027,1093519.0861,372000.0000,cement
40.00686,119.52056,1,0.000,2.000,0.5027,451781.3521,117205.4795,cement
40.08114,119.59784,1,0.000,2.000,0.5027,780495.3359,169863.0137,cement
26.72025,111.83425,1,0.000,2.000,0.5027,2368592.9250,424657.5342,cement
34.84119,117.72081,1,0.000,2.000,0.5027,1476487.0699,254794.5205,cement
35.60421,117.08388,4,2.141,4.141,14.4042,1281452.8393,224691.0122,lime
38.80423,114.64485,3,2.181,4.181,14.9447,1269062.6648,239821.4054,lime
34.82244,109.04036,1,0.000,2.000,0.5027,672041.7588,169863.0137,cement
34.95565,109.21680,2,2.424,4.424,18.4539,2455972.9607,561441.9611,cement
32.33587,109.44478,1,0.000,2.000,0.5027,793656.4921,163157.8947,cement
34.66675,108.76313,2,5.123,7.123,82.4492,970696.6113,198137.0906,cement
34.18602,107.66067,1,0.000,2.000,0.5027,144732.8202,25479.4521,cement
34.20083,107.76990,1,0.000,2.000,0.5027,655824.3025,169863.0137,cement
35.06812,109.54906,6,8.922,10.922,250.0833,2908517.5042,423671.6638,lime
36.40367,118.48374,3,2.654,4.654,22.1236,724287.1173,112424.1451,lime
34.56453,117.34768,3,5.410,7.410,91.9509,6713255.3460,548814.8123,cement
34.51778,117.48006,3,4.757,6.757,71.0976,1028625.5143,243956.4107,lime
41.53024,113.59106,1,0.000,2.000,0.5027,352328.4029,109154.9296,cement
33.72166,110.22860,1,0.000,2.000,0.5027,1215299.0054,254794.5205,cement
33.89740,110.25636,1,0.000,2.000,0.5027,272913.0749,48947.3684,cement
33.40027,109.19357,1,0.000,2.000,0.5027,247321.6367,50958.9041,cement
38.72541,111.60960,1,0.000,2.000,0.5027,731041.2160,169863.0137,cement
38.03273,113.38090,3,0.482,2.482,0.7288,756336.9356,120917.2958,lime
37.84627,112.01870,1,0.000,2.000,0.5027,840697.3984,195342.4658,cement
35.80059,111.47643,1,0.000,2.000,0.5027,168722.7402,42465.7534,cement
37.13654,111.59045,2,1.437,3.437,6.4834,707137.0150,136897.0041,cement
27.13116,111.49413,1,0.000,2.000,0.5027,492293.6856,127397.2603,cement
37.96525,112.94568,1,0.000,2.000,0.5027,361865.4019,84082.1918,cement
27.39930,111.99174,2,4.077,6.077,52.2272,2096115.3253,459636.7301,cement
39.34527,76.09566,1,0.000,2.000,0.5027,425013.9407,84931.5068,cement
29.90320,104.61659,1,0.000,2.000,0.5027,377156.3310,81578.9474,cement
31.31838,104.52238,1,0.000,2.000,0.5027,850345.2792,214027.3973,cement
29.47652,104.39535,1,0.000,2.000,0.5027,4248621.9463,1019178.0822,cement
29.23370,103.90050,1,0.000,2.000,0.5027,369502.4942,84931.5068,cement
28.03495,105.84002,1,0.000,2.000,0.5027,324395.6338,81578.9474,cement
31.77976,104.62356,6,2.642,4.642,21.9257,2919768.4830,590392.0799,lime
30.02822,102.82233,2,1.327,3.327,5.5312,1159361.9830,289323.1582,cement
30.34441,106.76299,1,0.000,2.000,0.5027,552374.1962,118054.7945,cement
30.39421,106.84065,1,0.000,2.000,0.5027,577369.3331,119753.4247,cement
28.31581,102.19448,1,0.000,2.000,0.5027,841631.4519,169863.0137,cement
32.25001,106.46432,1,0.000,2.000,0.5027,354264.2150,84931.5068,cement
31.00129,103.78035,1,0.000,2.000,0.5027,2487467.4993,424657.5342,cement
31.26028,104.04109,1,0.000,2.000,0.5027,1451930.7849,297260.2740,cement
30.06436,106.75138,1,0.000,2.000,0.5027,520015.8114,130794.5205,cement
31.43400,104.22577,2,1.459,3.459,6.6864,892189.5251,204842.2096,cement
28.75137,102.60445,1,0.000,2.000,0.5027,324432.5188,84931.5068,cement
32.04869,105.09201,1,0.000,2.000,0.5027,731041.2160,169863.0137,cement
29.78678,104.58761,2,4.236,6.236,56.3637,4814027.1335,1210606.5036,cement
30.08284,102.73183,1,0.000,2.000,0.5027,462509.4813,90876.7123,cement
30.97706,103.90791,1,0.000,2.000,0.5027,1868149.4087,509589.0411,cement
28.11887,104.55637,1,0.000,2.000,0.5027,833309.9402,169863.0137,cement
29.74212,104.78485,1,0.000,2.000,0.5027,388655.1671,89178.0822,cement
23.23175,112.81869,1,0.000,2.000,0.5027,703115.4079,152876.7123,cement
31.51934,117.75256,1,0.000,2.000,0.5027,848309.7395,212328.7671,cement
29.31158,111.31514,1,0.000,2.000,0.5027,337514.3307,84931.5068,cement
33.09831,106.99292,1,0.000,2.000,0.5027,674865.9646,169863.0137,cement
22.74146,111.77851,6,6.634,8.634,138.2744,1893614.4823,344758.9930,lime
27.69711,113.82578,1,0.000,2.000,0.5027,1181287.8004,297260.2740,cement
27.97185,112.85376,4,1.481,3.481,6.8945,1206675.9377,248356.8449,lime
27.96393,113.21685,1,0.000,2.000,0.5027,674832.0000,169863.0137,cement
33.97111,117.11357,1,0.000,2.000,0.5027,1526194.6432,373698.6301,cement
38.18296,112.67817,2,1.984,3.984,12.3615,787622.3195,195342.4658,cement
38.85760,114.81448,11,4.802,6.802,72.4330,2987346.2471,474517.8266,lime
39.87746,117.92478,1,0.000,2.000,0.5027,1357384.9019,305753.4247,cement
26.39562,106.27032,1,0.000,2.000,0.5027,660483.8351,130526.3158,cement
27.59647,110.09544,1,0.000,2.000,0.5027,622648.4743,195342.4658,cement
30.19618,106.68467,1,0.000,2.000,0.5027,631606.9958,141835.6164,cement
26.54347,109.60164,1,0.000,2.000,0.5027,589943.3359,127397.2603,cement
25.38119,98.46543,1,0.000,2.000,0.5027,346308.6322,76438.3562,cement
34.26997,112.62289,1,0.000,2.000,0.5027,342731.5742,101917.8082,cement
31.94897,114.62929,1,0.000,2.000,0.5027,973175.9872,169863.0137,cement
33.40895,112.32130,1,0.000,2.000,0.5027,493983.7560,84931.5068,cement
34.13157,117.01867,1,0.000,2.000,0.5027,926967.5249,169863.0137,cement
34.29907,113.41664,1,0.000,2.000,0.5027,913636.7398,169863.0137,cement
34.62105,105.39889,1,0.000,2.000,0.5027,553769.9852,169863.0137,cement
34.80736,104.76480,1,0.000,2.000,0.5027,731041.2160,169863.0137,cement
34.55049,105.80402,1,0.000,2.000,0.5027,290784.2609,81578.9474,cement
42.22316,123.92851,2,2.766,4.766,24.0422,1311683.5137,293684.2105,cement
43.16590,88.84910,1,0.000,2.000,0.5027,337909.6074,84931.5068,cement
32.26036,106.06053,1,0.000,2.000,0.5027,980237.6336,169863.0137,cement
36.67604,118.98438,1,0.000,2.000,0.5027,731041.2160,169863.0137,cement
35.43347,114.03420,2,1.209,3.209,4.5953,1322855.0848,289773.7164,cement
35.13377,116.73689,2,0.352,2.352,0.5027,728818.1202,119910.7027,cement
23.76435,103.66719,1,0.000,2.000,0.5027,1539759.5607,339726.0274,cement
37.45297,110.68235,1,0.000,2.000,0.5027,351131.7342,88328.7671,cement
30.27149,114.32475,1,0.000,2.000,0.5027,354389.0530,118904.1096,cement
41.70855,113.11917,3,3.495,5.495,38.3679,1148481.3571,250016.0229,lime
36.79455,113.14110,1,0.000,2.000,0.5027,418078.1521,84931.5068,cement
35.89748,111.36484,7,8.198,10.198,211.1391,1591003.6291,263233.1387,lime
34.05148,109.26457,1,0.000,2.000,0.5027,624537.7728,157123.2877,cement
27.74747,102.20799,2,4.648,6.648,67.8605,7328603.8610,416164.3836,cement
25.63466,110.64640,3,6.821,8.821,146.1465,2193253.4862,414652.6336,lime
40.55594,117.75060,1,0.000,2.000,0.5027,340274.7423,123150.6849,cement
42.34863,86.30445,2,5.333,7.333,89.3524,4117420.1339,444191.7808,cement
41.92981,86.35252,1,0.000,2.000,0.5027,585694.4082,127397.2603,cement
44.13120,88.72107,1,0.000,2.000,0.5027,576315.2678,101917.8082,cement
35.79239,117.76949,2,3.252,5.252,33.2318,986339.1065,164075.0863,cement
40.76113,114.99563,2,0.196,2.196,0.5027,754522.2534,200013.0137,oil-and-gas-refining
22.37238,111.95990,1,0.000,2.000,0.5027,3041909.7776,560547.9452,cement
45.83130,126.71503,1,0.000,2.000,0.5027,1407499.1087,322739.7260,cement
42.11820,123.69483,1,0.000,2.000,0.5027,656281.2618,169863.0137,cement
43.34474,125.32726,2,0.556,2.556,0.9708,595427.1261,136059.5660,cement
37.81786,77.45795,1,0.000,2.000,0.5027,411730.3016,84931.5068,cement
46.71739,129.59412,1,0.000,2.000,0.5027,1324544.9080,254794.5205,cement
27.97361,114.39512,1,0.000,2.000,0.5027,963022.2068,173260.2740,cement
25.00470,103.21556,2,1.400,3.400,6.1577,2820098.0950,531154.4488,cement
35.67474,118.28196,1,0.000,2.000,0.5027,412331.4700,84931.5068,cement
24.52233,97.79574,1,0.000,2.000,0.5027,474449.8692,122301.3699,cement
38.65817,76.16915,1,0.000,2.000,0.5027,331902.1216,84931.5068,cement
25.38420,99.31041,2,1.600,3.600,8.0434,748352.3247,144425.8504,cement
26.41705,111.55651,2,1.795,3.795,10.1170,1281136.7630,289773.7164,cement
25.64304,111.94224,1,0.000,2.000,0.5027,844513.2814,212328.7671,cement
25.10109,102.90236,1,0.000,2.000,0.5027,472476.0560,118904.1096,cement
24.37406,102.47923,2,1.282,3.282,5.1633,2486635.5603,308301.3699,cement
22.77897,100.88141,1,0.000,2.000,0.5027,603372.7653,178356.1644,cement
23.52278,104.36812,1,0.000,2.000,0.5027,368938.0583,84931.5068,cement
26.34743,100.63425,1,0.000,2.000,0.5027,731041.2160,169863.0137,cement
23.74337,105.40325,1,0.000,2.000,0.5027,337547.5794,84931.5068,cement
47.99316,122.76030,1,0.000,2.000,0.5027,351092.1629,81578.9474,cement
34.52739,117.63693,2,1.557,3.557,7.6185,1327874.0456,253945.2055,cement
46.74683,122.67558,1,0.000,2.000,0.5027,187026.3721,50958.9041,cement
25.35635,117.36530,2,0.865,2.865,2.3494,2700670.7084,272630.1370,cement
34.84502,104.42338,1,0.000,2.000,0.5027,1081878.2647,271780.8219,cement
38.85284,100.81533,1,0.000,2.000,0.5027,284715.6255,84931.5068,cement
28.06389,102.93302,1,0.000,2.000,0.5027,411397.4609,84931.5068,cement
29.18737,119.16286,1,0.000,2.000,0.5027,349518.0451,84931.5068,cement
29.87841,120.14512,1,0.000,2.000,0.5027,506258.1305,127397.2603,cement
27.50843,104.84312,1,0.000,2.000,0.5027,351092.1629,81578.9474,cement
40.14239,115.26631,1,0.000,2.000,0.5027,689568.0289,169863.0137,cement
36.65580,117.75498,6,7.320,9.320,168.3436,2442012.0118,437134.8521,lime
27.75911,106.95670,1,0.000,2.000,0.5027,1558608.3966,373698.6301,cement
27.60950,106.96124,3,1.426,3.426,6.3869,619480.4206,295136.9863,iron-and-steel
27.54246,106.85750,4,6.952,8.952,151.8418,1153223.5815,412924.4013,iron-and-steel
5.43384,-4.14660,1,0.000,2.000,0.5027,857521.6561,171970.6430,cement
9.76463,13.96549,1,0.000,2.000,0.5027,479227.1159,135890.4110,cement
-9.94232,25.96064,1,0.000,2.000,0.5027,34862.0348,7389.0411,cement
-5.55685,29.33907,1,0.000,2.000,0.5027,602991.0730,127397.2603,cement
-5.50905,14.52598,1,0.000,2.000,0.5027,132788.1033,30575.3425,cement
-5.63121,14.20497,1,0.000,2.000,0.5027,490996.0624,110410.9589,cement
-5.53910,14.33595,1,0.000,2.000,0.5027,376401.1286,92575.3425,cement
-4.15547,13.54524,1,0.000,2.000,0.5027,617667.9368,127397.2603,cement
-4.16501,12.61535,1,0.000,2.000,0.5027,123533.5874,25479.4521,cement
-4.24236,14.36285,1,0.000,2.000,0.5027,280491.0224,59452.0548,cement
-4.28977,13.85754,1,0.000,2.000,0.5027,131287.6022,25479.4521,cement
4.30963,-75.09967,1,0.000,2.000,0.5027,273074.6383,93000.0000,cement
5.88726,-74.85181,2,3.422,5.422,36.7893,912584.2345,322739.7260,cement
5.76178,-72.90798,4,2.799,4.799,24.6164,1267742.6583,425931.5068,cement
10.81809,-74.77246,1,0.000,2.000,0.5027,115378.9831,33972.6027,cement
7.82599,-72.50071,1,0.000,2.000,0.5027,251732.9249,96336.5949,cement
3.67322,-76.45033,1,0.000,2.000,0.5027,185160.1088,42465.7534,cement
5.10130,-73.80469,1,0.000,2.000,0.5027,131058.5920,42465.7534,cement
9.47183,-75.46582,1,0.000,2.000,0.5027,176592.3301,67945.2055,cement
9.83151,-83.90517,1,0.000,2.000,0.5027,329718.9351,93424.6575,cement
10.20007,-85.18216,1,0.000,2.000,0.5027,203349.1020,76438.3562,cement
22.15767,-80.31696,1,0.000,2.000,0.5027,436013.6442,127397.2603,cement
21.98834,-79.30691,1,0.000,2.000,0.5027,93789.2775,12739.7260,cement
50.48924,14.04426,1,0.000,2.000,0.5027,290024.4609,93424.6575,cement
49.56052,17.76492,1,0.000,2.000,0.5027,539434.7077,93424.6575,cement
49.21401,16.77415,2,0.159,2.159,0.5027,558537.3510,194332.2962,cement
49.89543,15.63920,1,0.000,2.000,0.5027,494581.8212,76438.3562,cement
49.99570,14.33937,1,0.000,2.000,0.5027,398953.6199,67945.2055,cement
51.76306,8.06226,2,0.866,2.866,2.3555,283283.9478,148630.1370,cement
49.21318,12.03001,1,0.000,2.000,0.5027,400798.4276,93424.6575,cement
51.36228,10.48111,1,0.000,2.000,0.5027,319426.2747,169863.0137,cement
48.22757,8.77984,1,0.000,2.000,0.5027,259788.7017,93424.6575,cement
51.61999,8.50801,2,0.434,2.434,0.5909,319073.6475,108712.3288,cement
51.85762,8.03065,1,0.000,2.000,0.5027,207639.7326,84931.5068,cement
49.60199,8.03705,1,0.000,2.000,0.5027,277604.1642,67945.2055,cement
48.77562,10.69904,2,0.206,2.206,0.5027,497031.4132,118180.4804,cement
49.95399,9.77094,1,0.000,2.000,0.5027,379730.2705,101917.8082,cement
51.26963,11.66117,1,0.000,2.000,0.5027,675984.0871,118904.1096,cement
53.87572,9.58237,1,0.000,2.000,0.5027,175319.3298,111260.2740,cement
52.17493,7.88841,1,0.000,2.000,0.5027,932494.2053,150328.7671,cement
49.80792,9.61928,1,0.000,2.000,0.5027,204572.5475,84931.5068,cement
50.58433,9.50973,1,0.000,2.000,0.5027,159560.6318,42465.7534,cement
51.69864,8.74609,1,0.000,2.000,0.5027,155385.5749,33972.6027,cement
47.79168,12.18146,1,0.000,2.000,0.5027,144137.0491,82383.5616,cement
48.88483,10.99797,1,0.000,2.000,0.5027,196349.7324,35671.2329,cement
51.59787,8.33857,3,0.770,2.770,1.8605,1427827.0789,212328.7671,cement
50.33383,6.76669,1,0.000,2.000,0.5027,41371.2890,12739.7260,cement
49.01687,8.61517,1,0.000,2.000,0.5027,283337.2965,67945.2055,cement
11.13003,42.69221,1,0.000,2.000,0.5027,131114.7303,20383.5616,cement
11.54373,43.05940,1,0.000,2.000,0.5027,120188.5028,18684.9315,cement
19.38391,-70.67871,1,0.000,2.000,0.5027,552145.0268,169863.0137,cement
18.50171,-69.55049,1,0.000,2.000,0.5027,261621.5036,101917.8082,cement
31.85401,-1.93163,1,0.000,2.000,0.5027,353733.3080,84931.5068,cement
36.76259,7.30851,1,0.000,2.000,0.5027,193390.4622,76438.3562,cement
35.31156,-1.34335,1,0.000,2.000,0.5027,386198.3688,101917.8082,cement
36.12906,1.24240,1,0.000,2.000,0.5027,1555671.6843,356712.3288,cement
36.43184,6.62203,1,0.000,2.000,0.5027,187074.9828,84931.5068,cement
35.09716,5.64724,1,0.000,2.000,0.5027,748330.0291,229315.0685,cement
34.79915,0.32851,1,0.000,2.000,0.5027,196253.4280,42465.7534,cement
35.23115,8.17449,1,0.000,2.000,0.5027,211199.9092,50958.9041,cement
35.87978,4.44723,1,0.000,2.000,0.5027,1096354.7582,424657.5342,cement
36.63041,3.23308,1,0.000,2.000,0.5027,535714.2053,127397.2603,cement
35.53254,-0.27556,1,0.000,2.000,0.5027,1639361.7761,322739.7260,cement
36.33350,5.48086,1,0.000,2.000,0.5027,1167119.2107,254794.5205,cement
36.08618,6.80476,1,0.000,2.000,0.5027,663155.3192,169863.0137,cement
36.17966,3.75213,1,0.000,2.000,0.5027,364683.0044,84931.5068,cement
35.35067,5.76228,1,0.000,2.000,0.5027,264046.5489,84931.5068,cement
27.25886,1.21641,1,0.000,2.000,0.5027,353733.3080,84931.5068,cement
35.45976,-0.39623,1,0.000,2.000,0.5027,491319.6554,101917.8082,cement
-1.65380,-78.75598,1,0.000,2.000,0.5027,260185.4245,59452.0548,cement
-2.72399,-78.84923,1,0.000,2.000,0.5027,129207.0700,33972.6027,cement
0.24090,-78.31215,1,0.000,2.000,0.5027,261242.2127,118904.1096,cement
28.29704,30.85628,1,0.000,2.000,0.5027,1523361.9418,228465.7534,cement
29.79180,32.13866,4,8.668,10.668,236.0163,6862296.9062,1851506.8493,cement
23.49006,32.23043,1,0.000,2.000,0.5027,412831.5521,63698.6301,cement
28.41179,30.96548,1,0.000,2.000,0.5027,308733.9860,186849.3151,cement
26.96323,31.15113,1,0.000,2.000,0.5027,401857.8521,127397.2603,cement
30.88035,29.46569,1,0.000,2.000,0.5027,2249071.2092,407671.2329,cement
29.91909,31.53142,1,0.000,2.000,0.5027,402773.7635,127397.2603,cement
26.65769,31.32119,1,0.000,2.000,0.5027,666086.5466,169863.0137,cement
30.71256,33.81818,3,4.471,6.471,62.7884,3153625.0196,942739.7260,cement
29.01903,31.20007,2,4.633,6.633,67.4206,4275417.3815,1146575.3425,cement
26.25367,32.97108,1,0.000,2.000,0.5027,373033.4568,127397.2603,cement
26.02574,32.93928,1,0.000,2.000,0.5027,510009.9921,169863.0137,cement
29.12914,31.27419,3,3.841,5.841,46.3516,2249795.4166,461178.0822,cement
15.51267,39.57506,1,0.000,2.000,0.5027,129082.3801,29726.0274,cement
37.35659,-5.86754,4,6.268,8.268,123.4104,503748.9299,8863643.3059,glass
40.57683,0.54275,1,0.000,2.000,0.5027,594535.9053,185575.3425,cement
38.37890,-6.48409,1,0.000,2.000,0.5027,483499.6052,135890.4110,cement
38.37736,-0.54323,1,0.000,2.000,0.5027,357721.8293,115591.7808,cement
39.43697,-0.77564,1,0.000,2.000,0.5027,263826.2169,58602.7397,cement
39.93427,-3.74366,1,0.000,2.000,0.5027,570643.5107,146931.5068,cement
37.90269,-4.76403,1,0.000,2.000,0.5027,229991.9126,80684.9315,cement
40.24545,-3.47416,1,0.000,2.000,0.5027,959890.2202,246301.3699,cement
41.94132,-4.46577,1,0.000,2.000,0.5027,287659.8082,69219.1781,cement
36.61843,-6.07391,1,0.000,2.000,0.5027,218160.0751,84931.5068,cement
36.71465,-4.32714,1,0.000,2.000,0.5027,346959.5684,133767.1233,cement
42.87425,-4.15900,1,0.000,2.000,0.5027,302255.5208,70493.1507,cement
41.32512,1.72185,2,5.565,7.565,97.2891,601278.7205,175421.5144,cement
41.47778,-1.54412,2,4.835,6.835,73.4333,904121.6857,250538.9393,cement
37.35934,-6.67218,1,0.000,2.000,0.5027,263307.3441,59452.0548,cement
42.88306,-2.19020,1,0.000,2.000,0.5027,314393.9045,89602.7397,cement
42.71711,-7.45068,1,0.000,2.000,0.5027,168381.2752,55205.4795,cement
42.55432,-6.76830,1,0.000,2.000,0.5027,460951.6085,135890.4110,cement
9.45460,38.34846,2,3.516,5.516,38.8369,1517994.0938,407671.2329,cement
9.47337,38.65681,1,0.000,2.000,0.5027,735984.0278,212328.7671,cement
9.30208,38.74070,1,0.000,2.000,0.5027,284449.1919,65397.2603,cement
9.11696,38.45496,1,0.000,2.000,0.5027,849297.6326,135890.4110,cement
9.81366,38.88283,1,0.000,2.000,0.5027,2159515.2693,458630.1370,cement
13.56927,39.47705,1,0.000,2.000,0.5027,768083.3621,178356.1644,cement
9.56826,41.85827,1,0.000,2.000,0.5027,477279.8228,110410.9589,cement
60.28703,22.29016,2,1.014,3.014,3.2280,695799.2449,97072.7987,cement
-18.10136,178.38939,1,0.000,2.000,0.5027,91053.7991,18260.2740,cement
46.80965,-0.13769,1,0.000,2.000,0.5027,459183.2693,176657.5342,cement
47.62890,7.23700,1,0.000,2.000,0.5027,215312.0833,38219.1781,cement
47.08333,3.00304,1,0.000,2.000,0.5027,172560.9579,36520.5479,cement
45.22494,-0.36591,1,0.000,2.000,0.5027,184787.6077,46712.3288,cement
48.76804,4.56607,1,0.000,2.000,0.5027,457419.4622,84931.5068,cement
46.25092,3.42519,1,0.000,2.000,0.5027,218499.2483,42465.7534,cement
48.68955,6.96472,1,0.000,2.000,0.5027,418219.7711,76438.3562,cement
43.79357,7.37404,1,0.000,2.000,0.5027,496622.5162,127397.2603,cement
45.37183,5.74963,1,0.000,2.000,0.5027,306146.4317,86244.0847,cement
50.69917,2.11383,1,0.000,2.000,0.5027,508260.4876,67945.2055,cement
43.18523,0.98973,1,0.000,2.000,0.5027,490820.5802,178356.1644,cement
45.80456,5.42064,1,0.000,2.000,0.5027,521205.1542,169863.0137,cement
43.02460,3.02898,1,0.000,2.000,0.5027,187509.0522,42465.7534,cement
49.22354,-0.27527,1,0.000,2.000,0.5027,105979.5974,42465.7534,cement
47.13501,5.55198,1,0.000,2.000,0.5027,268053.5669,42465.7534,cement
45.23070,5.66923,1,0.000,2.000,0.5027,810346.1494,246301.3699,cement
48.10950,-1.03568,1,0.000,2.000,0.5027,376054.4044,135890.4110,cement
45.86614,4.65919,1,0.000,2.000,0.5027,168343.0428,33972.6027,cement
47.58849,0.32899,1,0.000,2.000,0.5027,150580.7354,24630.1370,cement
44.52098,4.68968,1,0.000,2.000,0.5027,201262.6201,79835.6164,cement
48.56723,6.10842,2,4.860,6.860,74.2157,426861.6754,157123.2877,cement
0.37369,9.75084,1,0.000,2.000,0.5027,274084.3530,58602.7397,cement
53.04554,-1.87899,1,0.000,2.000,0.5027,357877.0054,81534.2466,cement
54.61937,-6.76823,1,0.000,2.000,0.5027,195918.0268,38219.1781,cement
53.33818,-1.75194,1,0.000,2.000,0.5027,512392.3867,127397.2603,cement
52.64055,-0.54725,1,0.000,2.000,0.5027,284768.9608,110410.9589,cement
53.88877,-2.38236,1,0.000,2.000,0.5027,534321.9467,110410.9589,cement
52.37733,-1.28463,1,0.000,2.000,0.5027,426734.2514,152876.7123,cement
53.26247,-1.85485,1,0.000,2.000,0.5027,422290.6788,84931.5068,cement
41.81162,44.79511,1,0.000,2.000,0.5027,82120.6209,21232.8767,cement
41.91794,44.41750,1,0.000,2.000,0.5027,464170.1842,93424.6575,cement
8.79054,-1.50156,1,0.000,2.000,0.5027,136111.2489,25479.4521,cement
9.72644,-13.48847,1,0.000,2.000,0.5027,211753.0211,42465.7534,cement
39.35378,22.98660,1,0.000,2.000,0.5027,1993302.3840,339726.0274,cement
38.12967,23.52230,1,0.000,2.000,0.5027,601518.3327,263287.6712,cement
38.33458,21.84804,1,0.000,2.000,0.5027,746521.6826,161369.8630,cement
14.73533,-90.70140,1,0.000,2.000,0.5027,602029.2154,186849.3151,cement
14.51332,-87.65185,1,0.000,2.000,0.5027,281661.8479,84931.5068,cement
44.96608,14.12080,1,0.000,2.000,0.5027,114015.1560,42465.7534,cement
45.45161,18.03639,1,0.000,2.000,0.5027,222222.1475,84931.5068,cement
43.54029,16.44464,2,1.604,3.604,8.0856,1126952.1828,229315.0685,cement
47.80219,19.11100,2,3.542,5.542,39.4085,891728.1232,4115038.5208,cement
47.75020,18.50576,2,0.125,2.125,0.5027,960931.8603,169768.6488,cement
46.01598,17.98389,1,0.000,2.000,0.5027,301404.9857,67945.2055,cement
0.89625,124.08148,1,0.000,2.000,0.5027,1292860.6804,373698.6301,cement
-2.06080,115.57071,1,0.000,2.000,0.5027,567373.5768,127397.2603,cement
-6.70517,108.40132,1,0.000,2.000,0.5027,1601275.2872,348219.1781,cement
-8.34835,113.49309,2,0.000,2.000,0.5027,2295661.0008,509589.0411,cement
-0.99810,134.02449,1,0.000,2.000,0.5027,757261.2509,127397.2603,cement
-4.11576,104.15796,1,0.000,2.000,0.5027,1522140.4938,326986.3014,cement
-4.94662,119.62631,1,0.000,2.000,0.5027,1852344.1517,365205.4795,cement
-6.46035,107.21213,1,0.000,2.000,0.5027,894439.9250,212328.7671,cement
-6.85693,111.90545,2,5.178,7.178,84.2165,7385248.2052,1327479.4521,cement
-7.08919,110.62336,1,0.000,2.000,0.5027,876219.2622,212328.7671,cement
-6.86692,111.45869,1,0.000,2.000,0.5027,689395.8075,254794.5205,cement
-6.97689,106.86083,1,0.000,2.000,0.5027,722199.2678,152876.7123,cement
-0.94757,100.47014,1,0.000,2.000,0.5027,3445156.2352,747397.2603,cement
-4.78751,119.61676,1,0.000,2.000,0.5027,3263720.8587,628493.1507,cement
-7.43751,109.07400,1,0.000,2.000,0.5027,1168987.0613,424657.5342,cement
5.45178,95.24594,1,0.000,2.000,0.5027,359971.0738,156273.9726,cement
24.00941,80.52875,1,0.000,2.000,0.5027,274166.6038,84931.5068,cement
21.37090,83.61669,1,0.000,2.000,0.5027,533932.7573,212328.7671,cement
22.42352,85.75398,1,0.000,2.000,0.5027,359369.4579,101917.8082,cement
31.41255,76.83680,1,0.000,2.000,0.5027,1211888.3687,394082.1918,cement
10.90650,76.95590,1,0.000,2.000,0.5027,258916.7990,84931.5068,cement
27.08044,73.81604,1,0.000,2.000,0.5027,657999.8490,203835.6164,cement
31.25235,76.92841,1,0.000,2.000,0.5027,1983949.8689,577534.2466,cement
25.20945,92.37903,7,5.093,7.093,81.4938,2381721.2484,740900.0000,cement
24.86571,92.58180,1,0.000,2.000,0.5027,170395.6865,31000.0000,cement
16.17756,75.68089,1,0.000,2.000,0.5027,240419.9698,50958.9041,cement
26.02047,93.76588,1,0.000,2.000,0.5027,84012.6080,16816.4384,cement
30.52101,77.66087,1,0.000,2.000,0.5027,114070.9972,21063.0137,cement
16.53276,79.74575,2,2.060,4.060,13.3358,1713542.6236,433150.6849,cement
10.71232,78.09311,1,0.000,2.000,0.5027,2417176.3929,382191.7808,cement
10.93717,78.15215,1,0.000,2.000,0.5027,503832.2695,144383.5616,cement
11.17294,79.09297,4,4.665,6.665,68.3647,3904794.2336,874306.1644,cement
16.20485,75.21022,1,0.000,2.000,0.5027,1360035.9994,339726.0274,cement
10.96819,78.94706,1,0.000,2.000,0.5027,1177418.7549,288767.1233,cement
14.93125,78.34047,1,0.000,2.000,0.5027,782088.7716,212328.7671,cement
24.67076,83.98838,1,0.000,2.000,0.5027,365426.3711,93424.6575,cement
10.94459,78.73244,1,0.000,2.000,0.5027,120507.8069,27900.0000,cement
23.99000,79.39249,1,0.000,2.000,0.5027,834230.3792,254794.5205,cement
13.27017,76.72292,1,0.000,2.000,0.5027,155341.4174,50958.9041,cement
11.35915,79.22659,2,0.457,2.457,0.6563,3785175.5229,659068.4932,cement
11.45352,77.82905,1,0.000,2.000,0.5027,622710.0469,144383.5616,cement
8.78944,77.73209,1,0.000,2.000,0.5027,507901.7775,174109.5890,cement
34.06293,74.98189,3,4.633,6.633,67.4321,497204.3969,96966.3014,cement
26.62420,73.70504,2,3.193,5.193,32.0294,1228245.0118,267534.2466,cement
24.32793,79.96749,1,0.000,2.000,0.5027,733685.2776,169863.0137,cement
21.37256,81.44975,1,0.000,2.000,0.5027,2012916.3856,424657.5342,cement
15.68384,78.45944,1,0.000,2.000,0.5027,1560594.8761,407671.2329,cement
17.18565,80.56475,1,0.000,2.000,0.5027,126018.9120,25224.6575,cement
16.46897,79.43545,1,0.000,2.000,0.5027,371292.4829,67945.2055,cement
10.85005,76.83524,1,0.000,2.000,0.5027,280348.7834,84931.5068,cement
25.26020,91.71072,1,0.000,2.000,0.5027,66176.9564,14013.6986,cement
26.33240,73.84945,1,0.000,2.000,0.5027,669220.0293,193643.8356,cement
21.73059,82.21401,1,0.000,2.000,0.5027,256893.0649,55205.4795,cement
22.20234,84.59029,1,0.000,2.000,0.5027,2744442.0925,530821.9178,cement
19.03390,79.34838,1,0.000,2.000,0.5027,659337.7200,297260.2740,cement
15.50071,78.21072,1,0.000,2.000,0.5027,722785.0762,114742.4658,cement
16.62466,79.50218,1,0.000,2.000,0.5027,537758.6038,107013.6986,cement
15.06213,77.95063,1,0.000,2.000,0.5027,889007.0032,169863.0137,cement
14.95178,78.07596,1,0.000,2.000,0.5027,736682.2375,152876.7123,cement
24.56416,81.00146,1,0.000,2.000,0.5027,1686017.4083,560547.9452,cement
26.06156,91.88284,1,0.000,2.000,0.5027,309743.4538,62000.0000,cement
15.22153,77.93173,1,0.000,2.000,0.5027,1185935.5526,237383.5616,cement
15.07976,78.13920,1,0.000,2.000,0.5027,550263.9582,127397.2603,cement
9.45621,77.92663,1,0.000,2.000,0.5027,1562693.6227,254794.5205,cement
24.16717,80.69527,1,0.000,2.000,0.5027,1370833.0188,424657.5342,cement
19.79898,78.86671,1,0.000,2.000,0.5027,1236740.6253,331232.8767,cement
25.66426,91.91083,1,0.000,2.000,0.5027,138895.4856,37200.0000,cement
22.38967,75.07427,2,3.393,5.393,36.1741,462493.6502,92575.3425,cement
23.49799,68.58040,1,0.000,2.000,0.5027,2301019.3370,518082.1918,cement
21.70459,69.71968,1,0.000,2.000,0.5027,477183.3845,127397.2603,cement
17.04213,77.22141,1,0.000,2.000,0.5027,1174707.2788,339726.0274,cement
27.79138,75.33287,1,0.000,2.000,0.5027,959583.1131,297260.2740,cement
20.86750,70.56706,1,0.000,2.000,0.5027,376571.3865,101917.8082,cement
15.36322,78.21884,1,0.000,2.000,0.5027,1643734.2508,271780.8219,cement
16.38082,79.72447,1,0.000,2.000,0.5027,105547.6949,26328.7671,cement
13.71743,79.62756,1,0.000,2.000,0.5027,28540.1683,7643.8356,cement
9.37459,77.67864,1,0.000,2.000,0.5027,158914.6211,33972.6027,cement
22.40593,69.01149,2,0.973,2.973,2.9741,747907.6839,188632.8767,chemicals
18.40740,82.97349,1,0.000,2.000,0.5027,99719.3423,16986.3014,cement
24.65857,73.87460,1,0.000,2.000,0.5027,1830954.1773,399178.0822,cement
15.01901,78.01485,1,0.000,2.000,0.5027,3373219.6596,764383.5616,cement
31.32833,76.89453,1,0.000,2.000,0.5027,865080.1650,215726.0274,cement
21.49008,81.77617,2,1.130,3.130,4.0095,1544490.1257,246301.3699,cement
22.26604,75.13312,1,0.000,2.000,0.5027,1506835.7501,441643.8356,cement
21.54353,81.94899,1,0.000,2.000,0.5027,1252478.4904,233561.6438,cement
20.86842,71.39774,1,0.000,2.000,0.5027,490084.7649,123150.6849,cement
27.66685,76.13062,1,0.000,2.000,0.5027,1116714.5254,339726.0274,cement
11.10609,79.17207,1,0.000,2.000,0.5027,643903.1829,135892.1096,cement
11.04550,78.70908,1,0.000,2.000,0.5027,45825.0589,9172.6027,cement
54.13651,-7.58073,2,2.535,4.535,20.1865,636369.4517,22402910.2893,cement
53.43236,-7.14398,1,0.000,2.000,0.5027,318257.7124,59452.0548,cement
52.64199,-8.68913,1,0.000,2.000,0.5027,223251.4323,67945.2055,cement
30.94596,52.89312,1,0.000,2.000,0.5027,211797.1410,42465.7534,cement
36.01620,50.59239,1,0.000,2.000,0.5027,1747120.1109,263287.6712,cement
33.10728,52.06088,1,0.000,2.000,0.5027,595666.4734,110410.9589,cement
30.34168,56.51320,1,0.000,2.000,0.5027,342648.4761,67945.2055,cement
30.15657,60.73580,1,0.000,2.000,0.5027,231519.1182,84931.5068,cement
26.95774,55.54464,1,0.000,2.000,0.5027,512989.4634,92575.3425,cement
30.66137,50.30721,1,0.000,2.000,0.5027,299992.0315,84931.5068,cement
32.71363,53.10742,2,5.095,7.095,81.5526,305750.4241,65397.2603,cement
35.92830,47.55273,1,0.000,2.000,0.5027,924645.2519,186849.3151,cement
29.30691,51.27120,1,0.000,2.000,0.5027,265819.5752,93000.0000,cement
32.20894,51.15654,2,3.275,5.275,33.6996,1514898.9023,304054.7945,cement
28.69288,54.18902,1,0.000,2.000,0.5027,446686.8512,110410.9589,cement
32.92279,60.23254,1,0.000,2.000,0.5027,309685.5157,84931.5068,cement
32.40944,51.51829,1,0.000,2.000,0.5027,1090328.5715,339726.0274,cement
33.48412,49.07530,1,0.000,2.000,0.5027,464121.1394,135890.4110,cement
35.31557,59.48868,1,0.000,2.000,0.5027,420133.2220,92575.3425,cement
35.22192,48.92655,1,0.000,2.000,0.5027,56257.9625,9172.6027,cement
36.71920,56.84842,1,0.000,2.000,0.5027,420579.5248,124000.0000,cement
36.48116,59.74722,2,0.406,2.406,0.5189,1510923.9261,225917.8082,cement
28.40966,53.22778,1,0.000,2.000,0.5027,511364.5480,107863.0137,cement
31.72977,49.52202,1,0.000,2.000,0.5027,1270271.7927,201287.6712,cement
36.85509,50.01603,1,0.000,2.000,0.5027,700643.3280,105315.0685,cement
31.39331,49.65354,1,0.000,2.000,0.5027,589509.8332,122365.1074,cement
36.81597,46.14984,1,0.000,2.000,0.5027,312452.7522,84931.5068,cement
29.25277,54.47538,1,0.000,2.000,0.5027,89843.6728,16986.3014,cement
33.72009,46.51097,1,0.000,2.000,0.5027,422969.4677,135890.4110,cement
33.94592,51.24128,1,0.000,2.000,0.5027,457737.3324,62000.0000,cement
35.82592,52.82567,2,2.054,4.054,13.2485,789880.3831,186849.3151,cement
30.23410,56.90897,1,0.000,2.000,0.5027,547505.1249,122365.1074,cement
28.20627,61.30586,1,0.000,2.000,0.5027,353260.4589,92575.3425,cement
27.32604,53.44567,1,0.000,2.000,0.5027,354889.7462,101917.8082,cement
27.78862,54.48240,1,0.000,2.000,0.5027,813571.2522,135890.4110,cement
36.24577,53.62125,1,0.000,2.000,0.5027,309299.6771,62000.0000,cement
36.22789,48.62579,1,0.000,2.000,0.5027,364621.0386,59452.0548,cement
36.63716,53.33674,1,0.000,2.000,0.5027,777619.2565,203835.6164,cement
28.58415,51.59264,1,0.000,2.000,0.5027,462531.9876,101917.8082,cement
29.12310,52.64730,1,0.000,2.000,0.5027,735300.4249,192794.5205,cement
34.05529,48.49936,1,0.000,2.000,0.5027,282058.2839,84931.5068,cement
38.43233,48.42224,1,0.000,2.000,0.5027,348864.6088,89178.0822,cement
29.20971,53.82738,1,0.000,2.000,0.5027,122981.5755,29726.0274,cement
34.32544,50.56166,1,0.000,2.000,0.5027,364298.8953,84931.5068,cement
35.30658,49.21067,1,0.000,2.000,0.5027,1392955.9486,259890.4110,cement
35.48833,50.20279,1,0.000,2.000,0.5027,293260.8139,33972.6027,cement
26.90564,56.03395,1,0.000,2.000,0.5027,245407.5277,33972.6027,cement
34.29853,46.87503,1,0.000,2.000,0.5027,1460153.0112,232444.1240,cement
34.19713,50.39537,1,0.000,2.000,0.5027,313055.1124,101917.8082,cement
35.89148,57.06477,1,0.000,2.000,0.5027,652755.3218,101917.8082,cement
35.37440,50.20836,1,0.000,2.000,0.5027,1487156.9865,268204.7585,cement
36.48163,54.90120,1,0.000,2.000,0.5027,741006.0766,161369.8630,cement
29.62495,52.44715,1,0.000,2.000,0.5027,574720.0982,197890.4110,cement
37.45365,57.68563,1,0.000,2.000,0.5027,272718.5653,101917.8082,cement
30.52042,51.54466,1,0.000,2.000,0.5027,111997.9035,16986.3014,cement
37.29487,55.48201,1,0.000,2.000,0.5027,378313.2049,98520.5479,cement
35.57653,51.51134,1,0.000,2.000,0.5027,1803332.3408,442351.5982,cement
31.62261,54.74592,1,0.000,2.000,0.5027,438280.4010,124000.0000,cement
37.75178,45.04466,1,0.000,2.000,0.5027,328122.2709,56904.1096,cement
38.67885,45.02774,1,0.000,2.000,0.5027,563349.7679,84931.5068,cement
36.44196,42.93116,1,0.000,2.000,0.5027,454552.4037,110410.9589,cement
33.37089,43.85235,2,0.298,2.298,0.5027,235171.2811,50194.5205,cement
35.34105,44.47752,1,0.000,2.000,0.5027,473992.4508,169863.0137,cement
33.59094,42.50288,1,0.000,2.000,0.5027,703054.7862,169863.0137,cement
35.72019,43.77196,1,0.000,2.000,0.5027,655706.2119,169863.0137,cement
31.82549,44.12195,1,0.000,2.000,0.5027,655706.2119,169863.0137,cement
32.73812,44.27182,1,0.000,2.000,0.5027,124676.8436,16816.4384,cement
36.35010,42.07398,1,0.000,2.000,0.5027,587887.0066,169863.0137,cement
43.36380,12.54731,1,0.000,2.000,0.5027,398646.1352,97229.5522,cement
40.95280,15.67114,1,0.000,2.000,0.5027,493501.5906,97229.5522,cement
41.31490,16.29247,1,0.000,2.000,0.5027,369454.2377,93424.6575,cement
43.65872,11.83684,1,0.000,2.000,0.5027,498437.2884,119621.8406,cement
42.46399,13.25804,1,0.000,2.000,0.5027,176581.0093,42465.7534,cement
45.68462,9.46573,1,0.000,2.000,0.5027,323522.8588,127397.2603,cement
45.88680,8.66564,1,0.000,2.000,0.5027,248232.3093,106463.4382,cement
43.28443,12.61950,1,0.000,2.000,0.5027,404827.5103,143546.2088,cement
45.79183,8.69977,1,0.000,2.000,0.5027,366551.0741,89401.5862,cement
46.17705,12.74014,1,0.000,2.000,0.5027,361793.2619,84931.5068,cement
40.16691,18.19823,1,0.000,2.000,0.5027,246466.8435,95972.6027,cement
41.45606,14.55070,1,0.000,2.000,0.5027,86645.0184,21232.8767,cement
42.00727,12.71644,1,0.000,2.000,0.5027,516931.0428,161369.8630,cement
38.19005,13.24886,1,0.000,2.000,0.5027,403138.7261,76438.3562,cement
46.04064,10.96385,1,0.000,2.000,0.5027,87055.8801,21232.8767,cement
38.91409,16.44768,1,0.000,2.000,0.5027,324287.8116,97229.5522,cement
40.67163,16.66437,1,0.000,2.000,0.5027,536717.4779,112109.5890,cement
45.25354,11.75178,1,0.000,2.000,0.5027,120411.8221,67945.2055,cement
45.87717,11.96714,1,0.000,2.000,0.5027,328380.8738,80461.4275,cement
44.30284,7.50758,1,0.000,2.000,0.5027,369681.4352,135890.4110,cement
36.90434,14.72817,1,0.000,2.000,0.5027,313156.0070,96893.6909,cement
39.47041,9.02426,1,0.000,2.000,0.5027,358578.2206,80684.9315,cement
40.55640,9.67203,1,0.000,2.000,0.5027,184884.7585,42465.7534,cement
45.71657,10.04690,1,0.000,2.000,0.5027,208934.1122,50958.9041,cement
44.79344,9.81056,1,0.000,2.000,0.5027,307734.6294,110410.9589,cement
32.21518,36.20169,1,0.000,2.000,0.5027,901781.1943,203835.6164,cement
30.67915,35.63188,1,0.000,2.000,0.5027,692360.9184,169863.0137,cement
32.09882,36.30434,1,0.000,2.000,0.5027,267532.3701,26328.7671,cement
31.75248,36.18924,1,0.000,2.000,0.5027,361621.5768,84931.5068,cement
31.33413,36.12806,1,0.000,2.000,0.5027,547426.4413,152876.7123,cement
33.62945,130.76669,1,0.000,2.000,0.5027,840401.4380,161369.8630,cement
38.98399,141.24583,1,0.000,2.000,0.5027,187031.0060,40767.1233,cement
35.98075,139.10384,1,0.000,2.000,0.5027,341755.8428,98520.5479,cement
26.61274,127.92498,1,0.000,2.000,0.5027,297978.7283,55205.4795,cement
35.50112,136.66011,1,0.000,2.000,0.5027,479281.4502,140136.9863,cement
35.15296,136.49723,1,0.000,2.000,0.5027,914472.0779,331232.8767,cement
36.15966,139.31343,1,0.000,2.000,0.5027,269169.2510,169863.0137,cement
33.08586,131.85609,1,0.000,2.000,0.5027,744191.5596,186000.0000,cement
44.37426,78.07096,1,0.000,2.000,0.5027,520102.0549,101917.8082,cement
44.15685,66.80192,1,0.000,2.000,0.5027,323923.2096,84931.5068,cement
49.64319,83.57334,1,0.000,2.000,0.5027,1002057.7050,118904.1096,cement
44.08859,52.12074,1,0.000,2.000,0.5027,334055.8309,67945.2055,cement
45.38847,73.65626,1,0.000,2.000,0.5027,440075.5035,135890.4110,cement
49.65723,81.17689,1,0.000,2.000,0.5027,572006.7507,84931.5068,cement
53.15968,71.21871,1,0.000,2.000,0.5027,935996.7232,169863.0137,cement
43.01640,74.86605,1,0.000,2.000,0.5027,650127.5687,127397.2603,cement
53.05540,63.21639,1,0.000,2.000,0.5027,216709.1896,42465.7534,cement
42.54870,69.99145,1,0.000,2.000,0.5027,207061.7470,39917.8082,cement
50.39897,80.17761,1,0.000,2.000,0.5027,607936.1152,97671.2329,cement
42.35583,69.73484,1,0.000,2.000,0.5027,311956.2971,84931.5068,cement
-4.00734,39.71638,1,0.000,2.000,0.5027,352734.7983,67945.2055,cement
-3.73657,39.84423,1,0.000,2.000,0.5027,615965.0966,84931.5068,cement
-3.84554,39.63399,1,0.000,2.000,0.5027,259014.8271,59452.0548,cement
40.55039,72.56875,4,7.999,9.999,200.9962,2769111.4746,594520.5479,cement
42.91345,74.87382,2,0.317,2.317,0.5027,476480.8094,123915.0685,cement
40.25529,72.19660,1,0.000,2.000,0.5027,227490.5766,84931.5068,cement
12.87184,103.01628,1,0.000,2.000,0.5027,685390.0112,169863.0137,cement
10.68446,104.26729,1,0.000,2.000,0.5027,370215.7390,101917.8082,cement
10.66839,104.51964,2,3.178,5.178,31.7356,1608780.1722,339726.0274,cement
10.71873,104.35491,1,0.000,2.000,0.5027,530638.1279,84931.5068,cement
37.20547,128.31378,3,2.848,4.848,25.4761,4223306.9239,873945.2055,cement
37.59621,129.01531,1,0.000,2.000,0.5027,455031.5832,101917.8082,cement
37.01833,128.32787,2,1.092,3.092,3.7435,9128062.2635,1647671.2329,cement
37.08419,128.28391,1,0.000,2.000,0.5027,393743.5192,127397.2603,cement
35.29042,126.77957,1,0.000,2.000,0.5027,907066.0096,191945.2055,cement
36.52262,127.51329,1,0.000,2.000,0.5027,104047.5272,16986.3014,cement
42.14675,21.29952,1,0.000,2.000,0.5027,268034.3613,58942.4658,cement
20.48710,102.37195,1,0.000,2.000,0.5027,40085.1728,8493.1507,cement
19.99627,102.37468,1,0.000,2.000,0.5027,392719.6081,84931.5068,cement
18.73009,102.29778,1,0.000,2.000,0.5027,647987.3534,140136.9863,cement
17.40389,105.21575,1,0.000,2.000,0.5027,722520.8327,152876.7123,cement
18.14217,104.47552,1,0.000,2.000,0.5027,392719.6081,84931.5068,cement
17.45508,104.99318,1,0.000,2.000,0.5027,715474.9314,161369.8630,cement
18.88136,102.48070,1,0.000,2.000,0.5027,392719.6081,84931.5068,cement
16.70509,105.21172,1,0.000,2.000,0.5027,589079.4122,127397.2603,cement
20.88359,101.78412,1,0.000,2.000,0.5027,647987.3534,140136.9863,cement
15.87592,106.37403,1,0.000,2.000,0.5027,210613.3779,42465.7534,cement
32.42350,14.48560,1,0.000,2.000,0.5027,1289644.7441,169863.0137,cement
32.63380,14.22171,1,0.000,2.000,0.5027,170221.1403,28027.3973,cement
32.52068,14.32513,1,0.000,2.000,0.5027,391535.5836,84931.5068,cement
32.00590,20.13456,1,0.000,2.000,0.5027,691810.3997,135890.4110,cement
32.61697,22.72740,1,0.000,2.000,0.5027,210577.8081,84931.5068,cement
32.38813,13.23612,1,0.000,2.000,0.5027,515821.6373,84931.5068,cement
7.98876,79.86721,1,0.000,2.000,0.5027,420444.8684,110410.9589,cement
56.31314,22.91473,2,0.218,2.218,0.5027,1187138.4151,226548.0529,cement
56.69044,22.59146,1,0.000,2.000,0.5027,306530.4351,135890.4110,cement
33.94562,-5.11603,1,0.000,2.000,0.5027,374239.6387,101917.8082,cement
32.56678,-6.13610,1,0.000,2.000,0.5027,440505.7852,135890.4110,cement
32.55241,-9.10428,1,0.000,2.000,0.5027,444274.4430,84931.5068,cement
30.22041,-9.15396,1,0.000,2.000,0.5027,670991.4614,186849.3151,cement
33.05407,-7.53289,1,0.000,2.000,0.5027,540513.9699,144383.5616,cement
33.36726,-7.74863,1,0.000,2.000,0.5027,1366995.7276,254794.5205,cement
30.23861,-9.03499,1,0.000,2.000,0.5027,564114.0066,135890.4110,cement
32.98891,-7.14769,1,0.000,2.000,0.5027,350014.4798,135890.4110,cement
33.91045,-5.49584,1,0.000,2.000,0.5027,931935.0632,148630.1370,cement
34.59347,-2.34785,1,0.000,2.000,0.5027,342996.1336,110410.9589,cement
31.58404,-8.50133,1,0.000,2.000,0.5027,446291.8186,118904.1096,cement
32.83924,-8.82056,1,0.000,2.000,0.5027,652478.7181,135890.4110,cement
33.89053,-6.94880,1,0.000,2.000,0.5027,404261.4417,118904.1096,cement
47.78548,29.00353,3,3.862,5.862,46.8592,669686.4096,212328.7671,cement
-20.05758,46.99534,1,0.000,2.000,0.5027,84701.2084,16986.3014,cement
16.88772,-99.82989,1,0.000,2.000,0.5027,195072.2631,50958.9041,cement
19.99162,-99.19524,4,2.860,4.860,25.6913,1345342.8824,467123.2877,cement
19.34255,-96.70129,1,0.000,2.000,0.5027,748081.1269,233561.6438,cement
19.58212,-99.19922,2,5.730,7.730,103.1433,392664.1094,161369.8630,cement
22.47453,-100.38023,1,0.000,2.000,0.5027,1138903.8879,229315.0685,cement
28.68569,-106.08564,1,0.000,2.000,0.5027,177799.9040,93424.6575,cement
20.41712,-99.02162,1,0.000,2.000,0.5027,333359.0949,93424.6575,cement
31.84512,-116.58418,1,0.000,2.000,0.5027,246975.3647,84931.5068,cement
20.60318,-103.34329,1,0.000,2.000,0.5027,243380.9488,84931.5068,cement
29.05194,-110.71520,2,0.733,2.733,1.6857,722516.5774,220821.9178,cement
25.97689,-100.45596,1,0.000,2.000,0.5027,51780.9259,16986.3014,cement
20.38322,-99.68961,1,0.000,2.000,0.5027,476590.4180,271780.8219,cement
31.65725,-106.47917,1,0.000,2.000,0.5027,57621.4712,16986.3014,cement
16.80133,-95.06718,1,0.000,2.000,0.5027,861014.1197,288767.1233,cement
17.65150,-92.44330,1,0.000,2.000,0.5027,250182.4219,127397.2603,cement
18.87109,-97.65944,1,0.000,2.000,0.5027,521578.1671,93424.6575,cement
18.98231,-103.87337,1,0.000,2.000,0.5027,552492.8723,212328.7671,cement
18.96797,-97.96186,1,0.000,2.000,0.5027,2306654.8366,645479.4521,cement
18.79751,-99.17962,1,0.000,2.000,0.5027,715530.0009,212328.7671,cement
22.18528,-102.20591,1,0.000,2.000,0.5027,664159.4770,178356.1644,cement
25.48837,-103.39712,1,0.000,2.000,0.5027,288312.7218,84931.5068,cement
21.98324,-98.95881,1,0.000,2.000,0.5027,235804.9397,84931.5068,cement
28.92825,-110.82731,1,0.000,2.000,0.5027,504134.3113,152876.7123,cement
19.64644,-103.42443,1,0.000,2.000,0.5027,260446.2142,84931.5068,cement
21.83993,96.25577,1,0.000,2.000,0.5027,231249.2971,37200.0000,cement
20.79343,96.40323,1,0.000,2.000,0.5027,217916.0993,46500.0000,cement
22.35623,96.70276,1,0.000,2.000,0.5027,1020519.8345,169863.0137,cement
20.71800,97.14225,2,2.917,4.917,26.7314,383373.1266,81806.0274,cement
18.30602,95.18550,1,0.000,2.000,0.5027,614670.5245,127397.2603,cement
19.51665,96.39730,1,0.000,2.000,0.5027,383495.3810,63698.6301,cement
21.51166,96.29562,2,0.680,2.680,1.4524,96741.0129,17793.1507,cement
20.86803,96.39148,1,0.000,2.000,0.5027,406776.7186,86800.0000,cement
19.30694,95.18014,1,0.000,2.000,0.5027,363193.4988,77500.0000,cement
49.09538,105.58004,1,0.000,2.000,0.5027,287197.0027,42465.7534,cement
45.93475,108.95295,1,0.000,2.000,0.5027,275734.1369,90876.7123,cement
45.93145,109.08966,1,0.000,2.000,0.5027,414545.2684,84931.5068,cement
44.72703,110.79490,1,0.000,2.000,0.5027,502450.2001,84931.5068,cement
-26.39436,32.65276,1,0.000,2.000,0.5027,801541.1868,169863.0137,cement
-12.87453,33.72054,1,0.000,2.000,0.5027,396119.8961,76438.3562,cement
4.52306,101.07899,1,0.000,2.000,0.5027,197574.0820,32273.9726,cement
6.51305,100.25751,1,0.000,2.000,0.5027,745732.0891,169863.0137,cement
1.36562,110.34226,1,0.000,2.000,0.5027,351381.7104,84931.5068,cement
4.38827,101.09201,1,0.000,2.000,0.5027,1205564.5259,254794.5205,cement
5.12453,118.15466,1,0.000,2.000,0.5027,80817.7934,19534.2466,cement
4.77023,101.11273,1,0.000,2.000,0.5027,1108109.7911,254794.5205,cement
6.42102,99.76514,1,0.000,2.000,0.5027,1561842.1384,280273.9726,cement
4.78077,100.82371,1,0.000,2.000,0.5027,310525.8572,288767.1233,cement
3.30817,101.57300,1,0.000,2.000,0.5027,1001943.8695,212328.7671,cement
2.73982,102.39437,1,0.000,2.000,0.5027,921178.3218,134191.7808,cement
4.63448,101.10509,1,0.000,2.000,0.5027,487035.3683,195342.4658,cement
3.99525,103.13899,1,0.000,2.000,0.5027,480929.2780,101917.8082,cement
-19.52698,17.44726,1,0.000,2.000,0.5027,508496.9342,84931.5068,cement
13.95161,5.51911,1,0.000,2.000,0.5027,230921.0517,55205.4795,cement
10.93100,11.47583,1,0.000,2.000,0.5027,269443.8582,84931.5068,cement
8.03820,5.94472,1,0.000,2.000,0.5027,954212.3788,186849.3151,cement
6.81439,3.62090,1,0.000,2.000,0.5027,2028007.2391,589000.0000,cement
13.05875,5.17178,1,0.000,2.000,0.5027,4795503.5675,1061643.8356,cement
11.86067,-86.42416,1,0.000,2.000,0.5027,126464.9663,35671.2329,cement
59.10482,9.61533,6,2.535,4.535,20.1958,2136319.6445,338061.6565,other-metals
68.09438,16.37536,1,0.000,2.000,0.5027,219002.1875,42465.7534,cement
26.56646,87.28980,1,0.000,2.000,0.5027,70677.6584,18600.0000,cement
27.53045,83.40227,2,6.156,8.156,119.0444,634860.1946,100431.5068,cement
27.60535,82.86020,3,3.261,5.261,33.4015,293637.9660,57753.4247,cement
27.68010,84.29182,1,0.000,2.000,0.5027,59850.3266,11771.5068,cement
27.91203,83.40425,1,0.000,2.000,0.5027,647730.8073,127397.2603,cement
27.61453,83.68820,2,5.900,7.900,109.3745,579451.0401,96100.0000,cement
26.86918,85.94691,1,0.000,2.000,0.5027,63045.7986,12400.0000,cement
27.99612,82.50883,1,0.000,2.000,0.5027,534677.4315,106164.3836,cement
26.62872,88.06368,1,0.000,2.000,0.5027,39403.6241,7750.0000,cement
27.38195,85.06772,3,6.167,8.167,119.4843,971098.8587,194060.0000,cement
27.67038,83.83825,1,0.000,2.000,0.5027,851927.2772,195342.4658,cement
27.72765,84.81340,1,0.000,2.000,0.5027,431820.5382,84931.5068,cement
27.72697,85.17130,2,2.681,4.681,22.5859,212455.7048,41786.3014,cement
27.02864,84.93186,1,0.000,2.000,0.5027,14318.2600,5350.6849,cement
26.83399,86.24828,2,4.051,6.051,51.5452,752122.3301,170500.0000,cement
27.62428,83.59027,1,0.000,2.000,0.5027,346751.8922,68200.0000,cement
27.85449,82.49167,1,0.000,2.000,0.5027,567412.1872,111600.0000,cement
28.09007,82.37896,1,0.000,2.000,0.5027,416713.1742,71300.0000,cement
26.79004,86.63130,1,0.000,2.000,0.5027,119608.8814,24800.0000,cement
-35.80698,174.33281,1,0.000,2.000,0.5027,368837.7408,84931.5068,cement
23.48490,58.28190,1,0.000,2.000,0.5027,701185.0408,200013.6986,cement
25.13884,66.91376,1,0.000,2.000,0.5027,1814415.0577,365205.4795,cement
32.72177,72.92698,1,0.000,2.000,0.5027,1899232.1886,305753.4247,cement
33.84302,72.85524,3,2.699,4.699,22.8890,3598886.7844,682339.7260,cement
32.72141,72.79613,2,2.039,4.039,13.0578,1500493.2998,391041.6438,cement
32.82804,71.60152,1,0.000,2.000,0.5027,1079268.9064,195342.4658,cement
33.90555,71.91261,1,0.000,2.000,0.5027,2003157.2995,382191.7808,cement
25.15708,67.69869,2,2.708,4.708,23.0367,2025559.8304,373019.1781,cement
32.64374,72.97673,1,0.000,2.000,0.5027,326637.2679,42805.4795,cement
24.90886,67.47482,1,0.000,2.000,0.5027,665546.9247,149819.1781,cement
30.44213,70.56889,1,0.000,2.000,0.5027,831679.9325,174109.5890,cement
33.69035,72.71237,1,0.000,2.000,0.5027,1447380.3740,291315.0685,cement
33.80184,72.09547,1,0.000,2.000,0.5027,2140023.9391,318493.1507,cement
33.81687,72.72208,1,0.000,2.000,0.5027,572478.6753,113808.2192,cement
33.69395,72.85943,1,0.000,2.000,0.5027,380771.8529,84931.5068,cement
32.57483,72.56396,1,0.000,2.000,0.5027,572843.3737,101917.8082,cement
32.72584,73.14323,1,0.000,2.000,0.5027,730967.4157,179205.4795,cement
33.54796,71.54937,1,0.000,2.000,0.5027,1590730.5839,250547.9452,cement
25.05209,67.49283,1,0.000,2.000,0.5027,2048772.5166,428904.1096,cement
32.38842,72.14267,1,0.000,2.000,0.5027,1753566.2867,440794.5205,cement
27.67052,68.89195,1,0.000,2.000,0.5027,856088.8090,152876.7123,cement
24.65068,67.84482,1,0.000,2.000,0.5027,213625.9296,58857.5342,cement
25.34661,68.39679,1,0.000,2.000,0.5027,282441.8138,48920.5479,cement
9.16802,-79.53699,1,0.000,2.000,0.5027,609879.3594,178356.1644,cement
-12.19323,-76.90760,2,6.850,8.850,147.4092,1544849.2778,482623.2877,oil-and-gas-refining
-11.99092,-76.90041,1,0.000,2.000,0.5027,110069.2816,33972.6027,cement
-11.37603,-75.77927,1,0.000,2.000,0.5027,760458.0574,237808.2192,cement
-7.40791,-79.55101,1,0.000,2.000,0.5027,930676.9940,246301.3699,cement
-5.16483,-80.71684,1,0.000,2.000,0.5027,513770.6510,135890.4110,cement
-5.99679,-77.27346,1,0.000,2.000,0.5027,126072.5042,37369.8630,cement
-16.25773,-71.68449,1,0.000,2.000,0.5027,972118.4495,254794.5205,cement
10.24502,123.58806,1,0.000,2.000,0.5027,1343396.1065,238080.0000,cement
15.05459,121.06846,1,0.000,2.000,0.5027,3863344.0393,653972.6027,cement
13.14774,123.61082,1,0.000,2.000,0.5027,196543.4982,84931.5068,cement
7.17650,125.65166,2,7.030,9.030,155.2588,899554.5016,243753.4247,cement
16.76821,120.33481,1,0.000,2.000,0.5027,518921.6589,152876.7123,cement
16.16604,120.56766,1,0.000,2.000,0.5027,691988.2925,101917.8082,cement
13.74386,121.18369,1,0.000,2.000,0.5027,1267088.1626,229279.8826,cement
14.56498,121.20591,2,2.541,4.541,20.2918,2989259.6060,586027.3973,cement
51.13706,23.54694,1,0.000,2.000,0.5027,714994.7416,254794.5205,cement
50.53381,17.97853,1,0.000,2.000,0.5027,435781.2881,254794.5205,cement
50.93085,21.67425,1,0.000,2.000,0.5027,432406.5320,156273.9726,cement
50.82885,20.27278,1,0.000,2.000,0.5027,438223.9247,169863.0137,cement
50.80648,20.52935,1,0.000,2.000,0.5027,609431.5026,135890.4110,cement
50.68012,17.91323,1,0.000,2.000,0.5027,192930.1960,67945.2055,cement
52.83783,17.99056,1,0.000,2.000,0.5027,397917.9571,209780.8219,cement
51.10966,18.94393,1,0.000,2.000,0.5027,1139746.7785,169863.0137,cement
18.39443,-66.29738,1,0.000,2.000,0.5027,239570.0145,67945.2055,cement
39.35948,127.21410,3,1.429,3.429,6.4143,1900068.2616,376388.1279,cement
42.12149,129.69493,1,0.000,2.000,0.5027,829827.2924,169863.0137,cement
38.47269,125.83895,2,1.409,3.409,6.2344,836396.7584,171207.7626,cement
41.17987,126.29056,1,0.000,2.000,0.5027,670431.3000,137235.1598,cement
38.23255,125.75349,1,0.000,2.000,0.5027,1037284.1155,212328.7671,cement
38.99643,125.97573,1,0.000,2.000,0.5027,52285.6416,8068.4932,cement
38.92170,-9.01030,1,0.000,2.000,0.5027,897689.4357,237808.2192,cement
39.68283,-8.93361,8,8.008,10.008,201.4875,2292422.8240,58927739.3180,glass
37.13508,-8.09829,2,0.226,2.226,0.5027,761348.1924,146680.8777,cement
38.50160,-8.93616,1,0.000,2.000,0.5027,873513.2935,169863.0137,cement
40.28898,-8.41818,1,0.000,2.000,0.5027,1117543.4698,297260.2740,cement
-22.29547,-57.86366,1,0.000,2.000,0.5027,360905.8258,84931.5068,cement
-22.17334,-57.95551,1,0.000,2.000,0.5027,425261.1048,90027.3973,cement
-25.10885,-57.53447,1,0.000,2.000,0.5027,197103.4879,63698.6301,cement
25.14532,50.93077,1,0.000,2.000,0.5027,2845172.8952,480712.3288,cement
25.19315,50.84995,1,0.000,2.000,0.5027,3155368.8641,449287.6712,cement
46.90421,26.07440,1,0.000,2.000,0.5027,993340.3441,254794.5205,cement
47.03734,22.33187,1,0.000,2.000,0.5027,740132.2445,161369.8630,cement
45.12313,25.41814,2,0.192,2.192,0.5027,783360.2173,256378.9813,cement
45.95187,25.28206,1,0.000,2.000,0.5027,440609.1676,127397.2603,cement
44.24200,28.30633,1,0.000,2.000,0.5027,1191187.4569,288767.1233,cement
45.29142,25.11111,2,0.437,2.437,0.6010,617113.7804,125514.4337,cement
58.39120,58.32397,2,5.712,7.712,102.4975,917499.0459,173260.2740,cement
51.19905,58.23424,1,0.000,2.000,0.5027,1064564.6739,191095.8904,cement
53.83936,85.52934,1,0.000,2.000,0.5027,238417.8513,33972.6027,cement
53.86990,45.85004,1,0.000,2.000,0.5027,829741.4506,157972.6027,cement
44.83780,37.67495,3,5.234,7.234,86.0679,1630511.5223,420410.9589,cement
56.47729,60.90818,1,0.000,2.000,0.5027,325457.0245,46712.3288,cement
59.12694,31.68079,1,0.000,2.000,0.5027,981414.6190,186849.3151,cement
53.27303,58.85867,1,0.000,2.000,0.5027,144715.5456,21232.8767,cement
50.37956,39.63466,1,0.000,2.000,0.5027,804481.2911,169863.0137,cement
43.07772,45.75711,1,0.000,2.000,0.5027,414218.0312,59452.0548,cement
54.48102,36.80674,1,0.000,2.000,0.5027,883210.0647,205534.2466,cement
54.48252,37.33954,1,0.000,2.000,0.5027,575403.0034,169863.0137,cement
54.65784,83.30821,1,0.000,2.000,0.5027,1254916.7970,178356.1644,cement
54.78435,58.20649,1,0.000,2.000,0.5027,550850.8394,93424.6575,cement
44.12308,42.00657,1,0.000,2.000,0.5027,811808.2438,152876.7123,cement
52.66702,39.62716,1,0.000,2.000,0.5027,246769.2623,59452.0548,cement
53.44631,34.41662,1,0.000,2.000,0.5027,1579573.4761,199419.1781,cement
54.22854,38.89819,2,2.617,4.617,21.5130,1410138.5029,297260.2740,cement
54.44660,45.86359,1,0.000,2.000,0.5027,2087984.8788,424657.5342,cement
57.46950,60.14531,1,0.000,2.000,0.5027,432308.7609,84931.5068,cement
44.73304,37.81260,2,0.981,2.981,3.0222,2569793.7743,408520.5479,cement
44.57751,132.78306,1,0.000,2.000,0.5027,1026024.3744,195342.4658,cement
51.25593,37.76334,1,0.000,2.000,0.5027,2737111.7896,314246.5753,cement
59.08422,28.15830,2,3.709,5.709,43.2133,1222714.4996,246301.3699,cement
50.09293,43.23902,1,0.000,2.000,0.5027,2053663.4381,344821.9178,cement
54.00311,48.73948,1,0.000,2.000,0.5027,472746.0675,84931.5068,cement
55.06220,38.82893,1,0.000,2.000,0.5027,1211760.0389,195342.4658,cement
56.87820,62.05459,2,4.529,6.529,64.4305,1769367.0711,356712.3288,cement
49.00502,131.89791,1,0.000,2.000,0.5027,428805.4881,53506.8493,cement
51.99310,106.59453,1,0.000,2.000,0.5027,395501.7751,67945.2055,cement
55.30386,85.60141,1,0.000,2.000,0.5027,2128696.4137,314246.5753,cement
54.15583,48.35910,1,0.000,2.000,0.5027,265997.0972,42465.7534,cement
52.06042,47.45294,2,3.005,5.005,28.3610,1560431.9000,237808.2192,cement
59.91082,32.36286,1,0.000,2.000,0.5027,199343.0482,20383.5616,cement
55.25700,38.74584,1,0.000,2.000,0.5027,446097.5541,84931.5068,cement
61.40249,128.96366,1,0.000,2.000,0.5027,319539.6241,45863.0137,cement
-2.60829,29.01767,1,0.000,2.000,0.5027,245503.6026,50958.9041,cement
31.41469,38.68263,1,0.000,2.000,0.5027,2047475.8848,297260.2740,cement
21.91645,41.26155,1,0.000,2.000,0.5027,790137.0404,168164.3836,cement
28.27049,43.19647,1,0.000,2.000,0.5027,603405.1541,144383.5616,cement
19.52208,42.53878,1,0.000,2.000,0.5027,1376858.6459,416164.3836,cement
26.49335,43.96482,1,0.000,2.000,0.5027,1822375.8628,339726.0274,cement
22.55177,39.43516,1,0.000,2.000,0.5027,1445954.4909,373698.6301,cement
27.53156,35.54023,1,0.000,2.000,0.5027,1046868.4474,297260.2740,cement
17.47891,43.77350,1,0.000,2.000,0.5027,2211452.5751,475616.4384,cement
24.95705,45.54413,1,0.000,2.000,0.5027,706309.1796,197041.0959,cement
31.43587,39.12910,1,0.000,2.000,0.5027,839590.7362,169863.0137,cement
17.86894,33.83831,1,0.000,2.000,0.5027,602246.1598,135890.4110,cement
17.70649,33.80225,1,0.000,2.000,0.5027,569993.7344,144383.5616,cement
17.93887,34.04628,1,0.000,2.000,0.5027,435372.7814,127397.2603,cement
17.62140,33.99768,2,0.550,2.550,0.9493,1350259.9215,339726.0274,cement
13.16967,32.72902,1,0.000,2.000,0.5027,400900.9285,84931.5068,cement
14.66569,-17.01225,1,0.000,2.000,0.5027,1731219.4764,254794.5205,cement
14.32255,-89.52242,2,2.267,4.267,16.1445,1133830.9118,305753.4247,cement
45.21011,19.70588,1,0.000,2.000,0.5027,392452.6248,84931.5068,cement
44.01105,19.88937,1,0.000,2.000,0.5027,166574.8833,63698.6301,cement
43.90757,21.50826,1,0.000,2.000,0.5027,449369.1837,114657.5342,cement
48.59210,20.84292,1,0.000,2.000,0.5027,315319.3000,83742.4658,cement
48.99536,18.10316,2,3.224,5.224,32.6451,128502.1342,21843468.2853,cement
49.03361,18.29171,2,4.204,6.204,55.5123,306856.0343,21885934.0387,cement
48.45837,17.18934,1,0.000,2.000,0.5027,691078.9795,130794.5205,cement
46.06995,13.62786,1,0.000,2.000,0.5027,537152.6321,110410.9589,cement
58.38493,13.82620,1,0.000,2.000,0.5027,289084.6788,62000.0000,cement
33.71652,37.01274,1,0.000,2.000,0.5027,445880.6848,135890.4110,cement
34.97228,35.89205,1,0.000,2.000,0.5027,582505.7169,135890.4110,cement
6.58315,1.51608,1,0.000,2.000,0.5027,830399.7397,127397.2603,cement
14.67976,100.83784,4,8.656,10.656,235.3854,3369624.6414,834367.1233,cement
12.81749,99.95100,1,0.000,2.000,0.5027,395257.1927,99369.8630,cement
15.21860,100.36221,1,0.000,2.000,0.5027,469451.9715,99369.8630,cement
14.64597,101.36804,1,0.000,2.000,0.5027,44542.2738,10191.7808,cement
18.55479,99.57298,1,0.000,2.000,0.5027,644509.5963,178356.1644,cement
8.10188,99.67815,1,0.000,2.000,0.5027,1906498.8737,586876.7123,cement
14.73718,101.03666,1,0.000,2.000,0.5027,356338.1902,81534.2466,cement
38.39690,69.11500,1,0.000,2.000,0.5027,508207.2506,101917.8082,cement
40.50587,69.63977,1,0.000,2.000,0.5027,508207.2506,101917.8082,cement
38.25723,57.66138,2,0.605,2.605,1.1502,1366062.2958,228126.0274,cement
39.68401,54.30231,1,0.000,2.000,0.5027,611887.9690,84931.5068,cement
37.51674,66.41179,1,0.000,2.000,0.5027,990451.1479,169863.0137,cement
36.15972,10.28734,1,0.000,2.000,0.5027,762008.8030,178356.1644,cement
35.77630,9.89116,1,0.000,2.000,0.5027,621281.8367,124000.0000,cement
36.59283,10.31701,1,0.000,2.000,0.5027,763808.9457,169863.0137,cement
37.25821,9.85931,2,2.692,4.692,22.7626,805474.6577,148899.5342,oil-and-gas-refining
35.84997,8.59319,1,0.000,2.000,0.5027,833503.9958,186849.3151,cement
37.69466,38.08649,1,0.000,2.000,0.5027,453394.5814,110410.9589,cement
40.10480,36.29288,1,0.000,2.000,0.5027,713002.5581,152876.7123,cement
37.33847,40.80254,1,0.000,2.000,0.5027,752362.5090,210630.1370,cement
37.25367,30.44443,1,0.000,2.000,0.5027,1066076.9375,365205.4795,cement
38.41785,43.23756,1,0.000,2.000,0.5027,186523.6114,50958.9041,cement
39.92489,40.67242,1,0.000,2.000,0.5027,656650.9271,152876.7123,cement
41.02530,36.09928,1,0.000,2.000,0.5027,481863.5821,127397.2603,cement
40.76595,29.36333,2,4.012,6.012,50.5554,615511.7921,297260.2740,cement
38.43897,27.23649,2,3.038,5.038,28.9991,901577.0787,365205.4795,cement
40.25984,30.04396,1,0.000,2.000,0.5027,743125.7481,169863.0137,cement
40.57568,43.00858,2,0.042,2.042,0.5027,377318.4060,101068.4932,cement
41.02225,28.55581,1,0.000,2.000,0.5027,548971.4212,186849.3151,cement
38.66342,39.23562,1,0.000,2.000,0.5027,891287.4429,178356.1644,cement
41.79776,26.70022,1,0.000,2.000,0.5027,1298526.9362,178356.1644,cement
37.31161,37.15914,2,4.325,6.325,58.7734,1539437.5077,497698.6301,cement
39.58574,43.90119,1,0.000,2.000,0.5027,376941.6733,110410.9589,cement
39.94837,33.17797,2,3.162,5.162,31.4179,1193238.3185,305753.4247,cement
38.27915,39.74260,1,0.000,2.000,0.5027,388152.5190,118904.1096,cement
38.89144,41.56901,1,0.000,2.000,0.5027,805918.2389,168164.3836,cement
41.63008,27.68680,1,0.000,2.000,0.5027,703135.1734,169863.0137,cement
37.89910,30.49130,1,0.000,2.000,0.5027,1662812.3196,424657.5342,cement
40.41189,39.65798,1,0.000,2.000,0.5027,693816.9995,152876.7123,cement
38.65532,30.61959,1,0.000,2.000,0.5027,343334.0273,178356.1644,cement
40.04957,32.65041,1,0.000,2.000,0.5027,400253.7006,92575.3425,cement
37.27620,38.73220,1,0.000,2.000,0.5027,520303.0432,120602.7397,cement
40.18607,29.22510,1,0.000,2.000,0.5027,1100962.9852,246301.3699,cement
36.79756,37.01910,1,0.000,2.000,0.5027,668813.1733,152876.7123,cement
37.96178,41.70309,1,0.000,2.000,0.5027,518722.2692,101917.8082,cement
40.93592,35.88425,1,0.000,2.000,0.5027,420472.8472,99369.8630,cement
40.94435,31.39542,1,0.000,2.000,0.5027,867354.4478,229315.0685,cement
38.85755,35.76589,1,0.000,2.000,0.5027,292902.8870,93424.6575,cement
37.94744,34.68406,1,0.000,2.000,0.5027,416728.7111,101917.8082,cement
41.63549,27.50562,1,0.000,2.000,0.5027,523903.6524,119753.4247,cement
41.64045,32.30419,1,0.000,2.000,0.5027,1217536.1528,212328.7671,cement
39.69537,34.67392,1,0.000,2.000,0.5027,618205.0387,140986.3014,cement
38.45443,38.72699,1,0.000,2.000,0.5027,1114557.3729,254794.5205,cement
36.26302,33.72992,1,0.000,2.000,0.5027,1773510.1691,594520.5479,cement
39.72406,36.93611,1,0.000,2.000,0.5027,658283.1068,152876.7123,cement
39.18198,27.49986,1,0.000,2.000,0.5027,658445.5980,169863.0137,cement
40.24124,29.92563,1,0.000,2.000,0.5027,461387.3350,127397.2603,cement
39.83736,30.29974,1,0.000,2.000,0.5027,488608.9672,186849.3151,cement
41.10794,37.32425,1,0.000,2.000,0.5027,1070406.8662,237808.2192,cement
24.13448,121.63663,1,0.000,2.000,0.5027,1478938.3478,339726.0274,cement
24.72176,121.13786,1,0.000,2.000,0.5027,400703.1323,84931.5068,cement
24.01088,121.63721,1,0.000,2.000,0.5027,641757.8347,135890.4110,cement
-5.10578,39.00479,2,1.944,3.944,11.8751,1123468.2436,178356.1644,cement
-6.99571,39.52248,1,0.000,2.000,0.5027,203107.5180,50958.9041,cement
-8.94260,33.24101,1,0.000,2.000,0.5027,328092.4411,93424.6575,cement
0.29179,30.18238,1,0.000,2.000,0.5027,287142.2292,76438.3562,cement
47.83279,38.47436,1,0.000,2.000,0.5027,1295637.1545,169863.0137,cement
44.77537,33.86488,1,0.000,2.000,0.5027,167234.5819,30575.3425,cement
50.54641,26.26156,1,0.000,2.000,0.5027,1105035.0409,183452.0548,cement
47.17121,31.75724,1,0.000,2.000,0.5027,625155.0951,107523.2877,cement
48.97619,24.70976,1,0.000,2.000,0.5027,1369277.5594,305753.4247,cement
48.51960,34.63363,3,3.686,5.686,42.6933,2735129.0398,423383.5616,chemicals
47.87114,33.39654,2,3.215,5.215,32.4801,4906609.1896,679282.1918,cement
48.75177,26.60600,1,0.000,2.000,0.5027,526856.8590,174109.5890,cement
-34.38560,-55.28210,2,1.750,3.750,9.6234,313676.9673,75589.0411,cement
-32.26415,-58.07671,1,0.000,2.000,0.5027,58883.5032,20383.5616,cement
34.76761,-96.69676,1,0.000,2.000,0.5027,182275.1754,57923.2877,cement
29.61228,-98.37511,1,0.000,2.000,0.5027,261456.9496,93424.6575,cement
29.96195,-82.85001,1,0.000,2.000,0.5027,309131.0420,84931.5068,cement
37.26775,-89.53785,1,0.000,2.000,0.5027,386070.0568,110410.9589,cement
45.31761,-85.29900,1,0.000,2.000,0.5027,602066.2512,118904.1096,cement
35.10218,-85.33076,3,7.629,9.629,182.8274,291675.2107,69645.8356,cement
34.78054,-112.08398,1,0.000,2.000,0.5027,199669.3187,101917.8082,cement
32.41568,-83.63339,1,0.000,2.000,0.5027,219483.0399,60301.3699,cement
41.46549,-90.68085,3,4.545,6.545,64.9007,658630.7001,121304.5923,other-metals
32.51336,-87.81539,1,0.000,2.000,0.5027,108860.6017,69304.1096,cement
41.06339,-111.53219,1,0.000,2.000,0.5027,258695.0042,67945.2055,cement
44.08464,-69.15667,1,0.000,2.000,0.5027,265233.8949,71773.1044,cement
34.98156,-112.37162,1,0.000,2.000,0.5027,151102.6709,84931.5068,cement
44.54249,-117.42101,1,0.000,2.000,0.5027,215534.3188,92074.2466,cement
38.18267,-90.33758,1,0.000,2.000,0.5027,717126.1214,229315.0685,cement
33.69471,-94.42061,1,0.000,2.000,0.5027,749570.3969,129732.8767,cement
39.61725,-86.86786,1,0.000,2.000,0.5027,391840.2692,110410.9589,cement
39.65224,-77.68125,1,0.000,2.000,0.5027,178062.4258,50958.9041,cement
33.54082,-86.54368,1,0.000,2.000,0.5027,236682.2681,109604.3978,cement
43.17889,-93.21268,1,0.000,2.000,0.5027,323478.3351,65263.1579,cement
40.74035,-75.30375,2,3.077,5.077,29.7534,1058996.5178,326424.0787,cement
39.56043,-77.17162,1,0.000,2.000,0.5027,894030.5524,239243.6813,cement
36.02257,-83.83492,1,0.000,2.000,0.5027,179758.6600,55205.4795,cement
41.26689,-105.60560,1,0.000,2.000,0.5027,177949.0362,67945.2055,cement
39.56411,-112.19749,1,0.000,2.000,0.5027,177717.7567,81704.1096,cement
34.82049,-118.74902,1,0.000,2.000,0.5027,389834.0137,135890.4110,cement
40.20241,-105.23647,1,0.000,2.000,0.5027,115410.8458,33972.6027,cement
41.00655,-96.15500,1,0.000,2.000,0.5027,301759.2361,93424.6575,cement
39.43254,-77.98019,2,4.910,6.910,75.7253,894199.4612,10732696.3261,cement
32.24636,-100.45782,1,0.000,2.000,0.5027,410739.1865,93424.6575,cement
25.78656,-80.42137,1,0.000,2.000,0.5027,329576.0959,93424.6575,cement
34.35462,-116.85383,1,0.000,2.000,0.5027,330127.5627,144383.5616,cement
35.02914,-118.31504,1,0.000,2.000,0.5027,336896.6289,110410.9589,cement
37.79452,-95.43820,1,0.000,2.000,0.5027,320692.8093,84931.5068,cement
46.54342,-111.92197,1,0.000,2.000,0.5027,149047.5855,29726.0274,cement
39.61950,-119.26311,1,0.000,2.000,0.5027,116211.8406,42465.7534,cement
29.69074,-82.58135,1,0.000,2.000,0.5027,487431.4325,135890.4110,cement
31.74606,-102.54992,1,0.000,2.000,0.5027,91369.0473,42465.7534,cement
41.18105,-84.60495,1,0.000,2.000,0.5027,133632.8265,42465.7534,cement
38.38673,-105.01827,1,0.000,2.000,0.5027,419516.9449,152876.7123,cement
38.12741,-104.60655,1,0.000,2.000,0.5027,222396.5072,93424.6575,cement
33.73373,-86.15482,2,0.040,2.040,0.5027,1321576.0441,186850.3151,other-metals
42.49805,-73.81453,1,0.000,2.000,0.5027,570257.4636,186849.3151,cement
40.73705,-122.32232,1,0.000,2.000,0.5027,165833.8959,53931.5068,cement
37.46175,-79.99553,1,0.000,2.000,0.5027,372942.8865,110410.9589,cement
33.09799,-86.80077,3,0.746,2.746,1.7495,1917027.2387,250598.1387,lime
29.54790,-98.41888,1,0.000,2.000,0.5027,278217.9378,76438.3562,cement
47.56275,-122.34566,4,1.853,3.853,10.7901,364065.1311,15832075.5628,other-metals
28.76057,-82.02589,1,0.000,2.000,0.5027,370957.2505,101917.8082,cement
30.05337,-97.85658,1,0.000,2.000,0.5027,569545.5285,109604.3978,cement
35.07146,-106.39268,1,0.000,2.000,0.5027,114890.2990,33972.6027,cement
45.94359,-111.47493,1,0.000,2.000,0.5027,195077.8970,33972.6027,cement
36.19497,-95.81177,1,0.000,2.000,0.5027,197641.5859,59452.0548,cement
35.12293,-118.36932,1,0.000,2.000,0.5027,354626.3539,67945.2055,cement
31.49983,-97.19620,2,4.734,6.734,70.4192,177132.9149,30617063.9646,cement
40.93155,69.65040,1,0.000,2.000,0.5027,1010701.9936,212328.7671,cement
40.28713,70.78892,2,5.597,7.597,98.4013,634140.0320,134011.9259,cement
40.35020,67.59482,1,0.000,2.000,0.5027,470939.8867,114657.5342,cement
37.67062,66.63375,1,0.000,2.000,0.5027,629244.5743,127397.2603,cement
40.22395,69.24116,2,4.386,6.386,60.4389,417792.2695,154065.7534,cement
40.32159,70.63767,1,0.000,2.000,0.5027,282166.5144,76438.3562,cement
40.30672,67.68694,1,0.000,2.000,0.5027,520440.4599,140986.3014,cement
41.40243,71.74457,1,0.000,2.000,0.5027,94055.5048,25479.4521,cement
42.02748,60.45540,2,0.652,2.652,1.3365,376488.7190,135890.4110,cement
40.30457,71.97726,1,0.000,2.000,0.5027,408637.0745,93424.6575,cement
39.20159,66.83595,1,0.000,2.000,0.5027,503395.6595,101917.8082,cement
37.52886,67.37380,1,0.000,2.000,0.5027,467755.5569,93424.6575,cement
40.84413,69.74564,1,0.000,2.000,0.5027,783795.8733,212328.7671,cement
9.98541,-63.31220,1,0.000,2.000,0.5027,482495.6269,84931.5068,cement
11.49986,-69.32414,1,0.000,2.000,0.5027,667623.5952,135041.0959,cement
10.33837,-72.48854,1,0.000,2.000,0.5027,301919.6283,55205.4795,cement
10.12189,-69.31279,1,0.000,2.000,0.5027,240153.9080,41616.4384,cement
9.61889,-70.41973,1,0.000,2.000,0.5027,522524.7458,114657.5342,cement
10.16102,-66.80033,1,0.000,2.000,0.5027,400987.2882,102767.1233,cement
10.23188,-64.57058,2,5.449,7.449,93.2757,2146558.8096,414616.4384,oil-and-gas-refining
9.93161,-67.24110,1,0.000,2.000,0.5027,969744.7844,230164.3836,cement
7.86314,-72.25724,1,0.000,2.000,0.5027,88150.5322,18684.9315,cement
21.44133,106.29665,1,0.000,2.000,0.5027,798235.7223,169188.3562,cement
20.09585,105.89236,4,6.046,8.046,114.8373,5005709.5293,1036164.3836,cement
21.00200,107.25466,1,0.000,2.000,0.5027,718053.4434,195342.4658,cement
19.36375,105.66318,2,1.484,3.484,6.9202,2847446.7144,696438.3562,cement
21.34190,105.34491,1,0.000,2.000,0.5027,420868.8008,84931.5068,cement
16.53980,107.37002,1,0.000,2.000,0.5027,411806.7787,169863.0137,cement
20.19232,105.93914,2,1.106,3.106,3.8444,1619973.5207,407671.2329,cement
11.62668,106.39301,1,0.000,2.000,0.5027,718896.3866,169863.0137,cement
20.40326,105.90430,6,8.949,10.949,251.5869,5661286.5418,1582273.9726,cement
20.51736,105.86663,5,4.921,6.921,76.0685,4008024.6737,945462.3288,cement
20.85829,105.59233,1,0.000,2.000,0.5027,377452.8614,101917.8082,cement
10.24064,104.61089,2,3.641,5.641,41.6410,1165420.5499,318493.1507,cement
16.50756,107.46608,1,0.000,2.000,0.5027,750816.4111,237808.2192,cement
21.21238,104.13206,1,0.000,2.000,0.5027,299798.6081,84931.5068,cement
21.91424,106.66644,1,0.000,2.000,0.5027,96648.7618,29726.0274,cement
21.48689,105.15145,2,1.523,3.523,7.2903,475002.4600,107013.6986,cement
21.01659,106.70498,1,0.000,2.000,0.5027,779728.1283,220821.9178,cement
21.69924,105.88985,2,1.276,3.276,5.1173,780851.5498,215726.0274,cement
17.77520,106.27465,2,2.600,4.600,21.2352,1140651.4222,288767.1233,cement
21.84723,105.21065,2,1.982,3.982,12.3409,548139.2029,119753.4247,cement
20.46765,106.33498,1,0.000,2.000,0.5027,32767.5008,5095.8904,cement
20.77149,105.63772,1,0.000,2.000,0.5027,295158.1792,81534.2466,cement
16.12986,108.12294,1,0.000,2.000,0.5027,323980.3727,87479.4521,cement
11.71425,106.54990,1,0.000,2.000,0.5027,770988.6854,110410.9589,cement
19.27547,105.70518,1,0.000,2.000,0.5027,494331.1704,118904.1096,cement
18.93645,105.06618,1,0.000,2.000,0.5027,302028.7510,77500.0000,cement
18.93882,105.35291,1,0.000,2.000,0.5027,3100424.3183,747397.2603,cement
21.56736,106.49356,1,0.000,2.000,0.5027,408583.8380,84931.5068,cement
20.33601,105.72125,1,0.000,2.000,0.5027,157825.8003,31849.3151,cement
15.76611,107.86051,1,0.000,2.000,0.5027,299739.9710,84931.5068,cement
21.74354,104.96354,2,1.999,3.999,12.5589,438745.2943,107013.6986,cement
14.79707,49.16437,1,0.000,2.000,0.5027,475898.8878,127397.2603,cement
15.64999,43.92167,1,0.000,2.000,0.5027,667781.2305,127397.2603,cement
13.50074,43.72774,1,0.000,2.000,0.5027,200352.3618,42465.7534,cement
15.03246,43.26045,1,0.000,2.000,0.5027,268572.4005,63698.6301,cement
13.36337,45.31383,1,0.000,2.000,0.5027,452448.6273,152876.7123,cement
13.34016,44.75421,1,0.000,2.000,0.5027,773790.6428,135890.4110,cement
-33.91055,25.60311,1,0.000,2.000,0.5027,76882.0328,16986.3014,cement
-32.94167,18.76160,1,0.000,2.000,0.5027,170370.5847,74739.7260,cement
-28.32271,24.21599,1,0.000,2.000,0.5027,524068.9360,106164.3836,cement
-26.18424,25.99532,1,0.000,2.000,0.5027,731703.4917,152876.7123,cement
-24.81245,26.83212,1,0.000,2.000,0.5027,144962.9015,50958.9041,cement
-26.13371,26.18410,1,0.000,2.000,0.5027,1283651.6727,203835.6164,cement
-28.35959,23.50824,1,0.000,2.000,0.5027,300700.3203,80461.4275,cement
-25.72348,28.16932,1,0.000,2.000,0.5027,238960.7137,84931.5068,cement
-30.67523,30.34639,1,0.000,2.000,0.5027,773258.0397,125698.6301,cement
-33.32084,18.84361,1,0.000,2.000,0.5027,140636.7831,45013.6986,cement
-26.14469,25.85141,1,0.000,2.000,0.5027,791185.6518,110410.9589,cement
-25.81551,25.84326,1,0.000,2.000,0.5027,700357.9514,161369.8630,cement
-24.98356,27.54615,1,0.000,2.000,0.5027,441301.7381,101917.8082,cement
-15.54564,28.27078,1,0.000,2.000,0.5027,40557.3957,9342.4658,cement
-15.56198,28.49630,1,0.000,2.000,0.5027,921299.3257,209780.8219,cement
-15.52249,28.16660,1,0.000,2.000,0.5027,270575.3649,77287.6712,cement
-21.00731,29.21313,1,0.000,2.000,0.5027,324275.0077,70493.1507,cement
-19.41811,30.04980,1,0.000,2.000,0.5027,75825.9799,21232.8767,cement
-38.58349,-62.17158,1,0.000,2.000,0.5027,13804.0741,543.2219,chemicals
-35.44682,-65.17536,1,0.000,2.000,0.5027,44495.0837,11630.8603,chemicals
-25.41942,-64.57527,1,0.000,2.000,0.5027,1705826.1518,67128.1644,chemicals
-32.94672,-60.97320,1,0.000,2.000,0.5027,60.0750,15.2877,chemicals
-32.28693,-63.78000,1,0.000,2.000,0.5027,569.7742,22.4219,chemicals
-25.73065,134.50278,1,0.000,2.000,0.5027,113339.2558,29626.4877,chemicals
47.61395,14.07616,1,0.000,2.000,0.5027,59217.6070,15479.2767,chemicals
40.25414,49.96438,1,0.000,2.000,0.5027,18871.5600,4802.3671,chemicals
51.23194,4.72070,1,0.000,2.000,0.5027,923855.5566,68807.7699,chemicals
24.68073,89.82522,1,0.000,2.000,0.5027,552042.1941,40767.1233,chemicals
42.05143,25.61745,1,0.000,2.000,0.5027,392040.0000,65100.0000,chemicals
-10.80677,-53.05434,1,0.000,2.000,0.5027,83270.3735,21766.5863,chemicals
4.74677,114.42606,1,0.000,2.000,0.5027,19879.4850,5058.8603,chemicals
-20.52508,26.05995,1,0.000,2.000,0.5027,123250.0000,55205.4795,chemicals
50.42718,-105.19836,1,0.000,2.000,0.5027,969735.8297,59452.0548,chemicals
61.46908,-98.14238,1,0.000,2.000,0.5027,143181.9977,37427.2767,chemicals
49.82532,-110.78673,1,0.000,2.000,0.5027,688860.0000,175298.6301,chemicals
46.10619,7.84925,1,0.000,2.000,0.5027,39480.0000,3993.1397,chemicals
-52.94029,-70.80802,1,0.000,2.000,0.5027,514712.5875,130982.2192,chemicals
34.49788,107.31010,1,0.000,2.000,0.5027,1708800.0000,50958.9041,chemicals
44.22612,86.30458,1,0.000,2.000,0.5027,137284.8972,4622.8219,chemicals
36.55006,103.88920,2,5.279,7.279,87.5405,9155884.5745,2189699.5233,chemicals
30.61039,116.59349,1,0.000,2.000,0.5027,2539530.9860,85514.1370,chemicals
39.02218,115.16771,1,0.000,2.000,0.5027,137797.6320,4109.3260,chemicals
34.37827,107.20202,1,0.000,2.000,0.5027,357617.6640,10664.6795,chemicals
41.64176,110.21794,1,0.000,2.000,0.5027,5372706.4320,160221.9288,chemicals
41.45313,107.58048,2,0.000,2.000,0.5027,365362.5115,11241.5342,chemicals
38.27812,116.81665,2,0.000,2.000,0.5027,12529424.7452,421269.1068,chemicals
44.35939,88.56928,2,0.000,2.000,0.5027,7425375.7332,235974.5479,chemicals
30.66541,103.84487,1,0.000,2.000,0.5027,641291.7291,21594.3452,chemicals
43.19456,118.90152,1,0.000,2.000,0.5027,1282583.4582,43188.6904,chemicals
32.54495,118.09775,2,0.000,2.000,0.5027,2122498.2172,70409.9178,chemicals
39.90194,113.71894,1,0.000,2.000,0.5027,2479708.0320,73948.5041,chemicals
37.24399,116.64499,1,0.000,2.000,0.5027,7290198.8074,245484.3288,chemicals
37.71340,118.74882,1,0.000,2.000,0.5027,65549.5680,1954.7836,chemicals
32.91605,115.70133,1,0.000,2.000,0.5027,7968779.1626,268334.3014,chemicals
25.94379,119.36037,1,0.000,2.000,0.5027,3591239.7363,120928.5370,chemicals
36.55100,114.54477,2,0.000,2.000,0.5027,1789471.1666,54155.0466,chemicals
29.87365,119.54131,2,5.361,7.361,90.3003,329469.5038,37031.8205,chemicals
35.72551,114.30553,1,0.000,2.000,0.5027,2802.4320,83.5726,chemicals
35.15347,115.68933,1,0.000,2.000,0.5027,3306322.9440,98599.3644,chemicals
40.58108,111.39917,1,0.000,2.000,0.5027,124663.6658,4197.8247,chemicals
23.43808,103.03553,2,0.000,2.000,0.5027,244681.8118,8186.0384,chemicals
29.92819,115.02240,1,0.000,2.000,0.5027,1154313.0057,38869.4137,chemicals
49.64819,121.16043,1,0.000,2.000,0.5027,2693437.3689,90696.6575,chemicals
43.45144,82.09550,1,0.000,2.000,0.5027,2058.1385,69.3041,chemicals
43.57757,126.84008,1,0.000,2.000,0.5027,3655374.9626,123088.1753,chemicals
35.61064,112.70470,2,0.000,2.000,0.5027,2196819.5593,68152.9479,chemicals
35.37868,116.67484,1,0.000,2.000,0.5027,385778.6880,11504.4822,chemicals
29.32715,115.43543,1,0.000,2.000,0.5027,3655374.9626,123088.1753,chemicals
25.38523,102.87526,1,0.000,2.000,0.5027,192405.6788,6478.9151,chemicals
23.84790,109.40127,1,0.000,2.000,0.5027,137797.6320,4109.3260,chemicals
36.23544,111.37390,2,0.000,2.000,0.5027,1695984.1484,51268.7342,chemicals
33.65679,113.90253,1,0.000,2.000,0.5027,4155563.1406,139931.1123,chemicals
34.28612,112.02395,1,0.000,2.000,0.5027,847.4688,28.5370,chemicals
28.43851,105.66797,1,0.000,2.000,0.5027,619918.4640,18486.8712,chemicals
39.40891,108.61804,2,0.000,2.000,0.5027,9930616.6292,330479.7041,chemicals
35.30800,106.65226,1,0.000,2.000,0.5027,1653161.4720,49299.6822,chemicals
30.34261,112.75548,3,5.971,7.971,112.0117,3035041.4190,133747.6672,chemicals
26.01417,107.25137,1,0.000,2.000,0.5027,275561.0880,8217.6329,chemicals
45.89708,130.86163,1,0.000,2.000,0.5027,964344.1920,28758.1479,chemicals
28.93417,118.67702,2,0.000,2.000,0.5027,1186328.3745,39416.7123,chemicals
38.97549,106.51781,1,0.000,2.000,0.5027,2529785.0950,85185.9616,chemicals
33.78428,118.51780,2,0.000,2.000,0.5027,710190.5451,23649.0082,chemicals
33.86041,117.21117,1,0.000,2.000,0.5027,82671.7440,2465.3918,chemicals
37.95950,112.31381,1,0.000,2.000,0.5027,1393415.2229,46920.7507,chemicals
43.82178,121.57286,1,0.000,2.000,0.5027,1923875.1873,64783.0356,chemicals
42.38304,89.84770,1,0.000,2.000,0.5027,275561.0880,8217.6329,chemicals
41.68160,112.45854,1,0.000,2.000,0.5027,688817.2800,20541.5342,chemicals
36.58064,119.08918,2,0.000,2.000,0.5027,1814685.4512,60044.8767,chemicals
39.56696,106.88288,2,0.000,2.000,0.5027,706870.1325,21573.9616,chemicals
37.43613,106.49471,1,0.000,2.000,0.5027,769562.1816,25913.6219,chemicals
44.20078,115.47695,1,0.000,2.000,0.5027,9257492.3520,276071.9014,chemicals
46.21662,121.38307,1,0.000,2.000,0.5027,2116280.8661,71261.9507,chemicals
37.21169,114.81837,1,0.000,2.000,0.5027,27724.3357,933.5671,chemicals
34.36085,117.49968,2,1.341,3.341,5.6518,466733.0854,40890.4287,chemicals
30.74820,111.13574,1,0.000,2.000,0.5027,6558762.6317,220854.5315,chemicals
47.79886,129.19907,2,0.000,2.000,0.5027,714954.1348,23544.0329,chemicals
29.06467,113.25494,1,0.000,2.000,0.5027,3501438.3129,117904.6356,chemicals
38.03754,109.55343,2,0.000,2.000,0.5027,14303480.3256,429514.7671,chemicals
35.19484,111.08629,2,0.000,2.000,0.5027,8868660.4004,282927.9123,chemicals
36.81056,95.30666,2,0.000,2.000,0.5027,18599778.7687,693436.8767,chemicals
26.56700,106.32100,1,0.000,2.000,0.5027,1492579.1585,50259.9178,chemicals
31.48930,112.24392,1,0.000,2.000,0.5027,756668.5495,25479.4521,chemicals
36.34689,116.24233,4,3.832,5.832,46.1208,2143012.9028,123307.9630,chemicals
38.90330,109.59747,1,0.000,2.000,0.5027,8544000.0000,254794.5205,chemicals
37.14339,114.53345,1,0.000,2.000,0.5027,228816.5694,7704.9863,chemicals
30.83107,111.82066,3,4.333,6.333,58.9947,1969718.8848,89436.9463,chemicals
35.12557,110.74918,1,0.000,2.000,0.5027,118051.1651,30858.1644,chemicals
10.40269,-75.60720,1,0.000,2.000,0.5027,376095.5174,16308.8877,chemicals
53.91408,9.11618,1,0.000,2.000,0.5027,4146965.5172,133342.4658,chemicals
51.13372,10.28849,1,0.000,2.000,0.5027,855535.7839,214161.5890,chemicals
35.95283,-0.31536,1,0.000,2.000,0.5027,46237.7250,11766.4110,chemicals
24.06115,32.91619,1,0.000,2.000,0.5027,678001.4877,43918.0822,chemicals
29.51527,32.22718,1,0.000,2.000,0.5027,687802.6800,175029.5671,chemicals
26.50662,29.84446,1,0.000,2.000,0.5027,0.0000,12267.8466,chemicals
8.65400,39.55126,1,0.000,2.000,0.5027,7650.0000,1888.5370,chemicals
53.91477,-2.85314,1,0.000,2.000,0.5027,159553.5891,46437.8301,chemicals
40.95289,24.50479,1,0.000,2.000,0.5027,146520.0000,39068.4932,chemicals
48.30329,20.55086,1,0.000,2.000,0.5027,300403.3168,18139.3315,chemicals
0.09024,117.56907,1,0.000,2.000,0.5027,238433.6700,60675.7479,chemicals
25.53889,82.04774,1,0.000,2.000,0.5027,4221775.2459,144213.6986,chemicals
25.12300,78.45600,1,0.000,2.000,0.5027,3232218.9750,110410.9589,chemicals
23.21500,87.12300,1,0.000,2.000,0.5027,786644.1910,44302.8219,chemicals
22.34698,73.21004,1,0.000,2.000,0.5027,14893.0705,508.7397,chemicals
27.37139,95.05490,1,0.000,2.000,0.5027,5591.6475,1422.9425,chemicals
19.14044,72.78053,1,0.000,2.000,0.5027,26364.9150,6709.2493,chemicals
22.24552,73.24918,1,0.000,2.000,0.5027,23965.9200,6098.7616,chemicals
23.19271,72.55192,1,0.000,2.000,0.5027,1353802.4861,46245.2055,chemicals
31.36886,76.35673,1,0.000,2.000,0.5027,270760.4972,9249.0411,chemicals
26.48132,80.11815,1,0.000,2.000,0.5027,1243036.8281,42461.5068,chemicals
24.04435,78.95748,1,0.000,2.000,0.5027,298358.6746,10191.7808,chemicals
20.84684,70.46550,1,0.000,2.000,0.5027,474985.9367,101917.8082,chemicals
19.07348,73.12348,1,0.000,2.000,0.5027,1488660.6070,50851.8904,chemicals
30.36524,49.42318,1,0.000,2.000,0.5027,206297.5500,52497.8630,chemicals
28.00371,51.51179,1,0.000,2.000,0.5027,953089.8750,242538.9041,chemicals
29.44805,50.49441,1,0.000,2.000,0.5027,437742.4950,111395.1452,chemicals
27.69826,52.34502,1,0.000,2.000,0.5027,1151273.2950,292971.9123,chemicals
35.53335,51.58638,1,0.000,2.000,0.5027,324914.4444,84931.5068,chemicals
34.35472,47.45522,1,0.000,2.000,0.5027,2287628.4442,99200.0000,chemicals
42.75118,12.14079,1,0.000,2.000,0.5027,212500.0000,53843.1781,chemicals
37.66311,138.06496,1,0.000,2.000,0.5027,53814.4036,20896.2082,chemicals
36.04027,140.68837,1,0.000,2.000,0.5027,38821.7670,2232.0000,chemicals
36.57171,137.29562,1,0.000,2.000,0.5027,189269.4090,10881.7644,chemicals
-1.89628,36.29701,1,0.000,2.000,0.5027,114750.0000,29726.0274,chemicals
36.42760,127.82132,1,0.000,2.000,0.5027,128303.5155,33538.0932,chemicals
23.93537,-102.57635,1,0.000,2.000,0.5027,127500.0000,31164.4274,chemicals
5.68682,100.47422,1,0.000,2.000,0.5027,25812.2250,6568.6027,chemicals
5.31460,115.15344,1,0.000,2.000,0.5027,761450.6250,193771.2329,chemicals
52.29870,5.51222,1,0.000,2.000,0.5027,166536.8480,43532.1534,chemicals
63.28596,8.55862,1,0.000,2.000,0.5027,340521.1200,86654.5973,chemicals
63.41219,8.68674,1,0.000,2.000,0.5027,300375.0000,76438.3562,chemicals
-38.99361,174.28410,2,0.858,2.858,2.3138,673032.2400,171270.8384,chemicals
24.33525,56.59681,1,0.000,2.000,0.5027,328442.0400,83580.7562,chemicals
29.97346,69.41400,1,0.000,2.000,0.5027,171847.2497,44920.2740,chemicals
28.27522,70.06775,1,0.000,2.000,0.5027,1633516.9781,53931.5068,chemicals
52.76089,18.25200,2,5.434,7.434,92.7592,223943.3752,7714430.1917,chemicals
52.14826,19.31101,1,0.000,2.000,0.5027,242366.8688,58300.3836,chemicals
46.51579,24.50219,1,0.000,2.000,0.5027,75240.0000,138687.2055,chemicals
45.85710,24.94325,1,0.000,2.000,0.5027,0.0000,50958.9041,chemicals
45.71928,24.69426,1,0.000,2.000,0.5027,83408.1300,21225.4027,chemicals
58.89926,57.58069,4,4.399,6.399,60.7880,632003.0652,89012.9753,chemicals
59.40087,28.47739,1,0.000,2.000,0.5027,1134058.4667,84931.5068,chemicals
50.14542,39.67417,1,0.000,2.000,0.5027,1234558.7280,92458.1370,chemicals
44.67996,44.29304,1,0.000,2.000,0.5027,1133114.9300,84860.8438,chemicals
54.83221,33.42629,1,0.000,2.000,0.5027,1419101.7942,106278.8712,chemicals
55.47640,86.28976,1,0.000,2.000,0.5027,1396193.8131,104563.2548,chemicals
59.69841,28.42837,2,4.915,6.915,75.8865,1404423.1571,212031.7808,chemicals
55.44950,51.70322,1,0.000,2.000,0.5027,106368.7950,27068.3507,chemicals
57.92142,60.02395,2,4.784,6.784,71.9146,6658062.6160,406181.8740,chemicals
58.60030,31.44467,2,0.000,2.000,0.5027,3097307.8225,235783.7918,chemicals
57.77223,56.08628,1,0.000,2.000,0.5027,222964.9670,16698.2137,chemicals
53.90639,37.41297,2,0.000,2.000,0.5027,2101944.5995,183932.7671,chemicals
61.96166,96.80332,1,0.000,2.000,0.5027,255853.5190,56810.6849,chemicals
53.66739,55.74955,2,0.000,2.000,0.5027,680115.0927,154086.4767,chemicals
55.80988,51.88159,1,0.000,2.000,0.5027,1220931.8815,91437.6000,chemicals
27.07225,49.41817,1,0.000,2.000,0.5027,2671150.7700,679744.8986,chemicals
48.18082,17.93786,1,0.000,2.000,0.5027,752400.0000,49600.0000,chemicals
15.32887,18.58133,1,0.000,2.000,0.5027,5060.8674,1322.8932,chemicals
40.94300,54.14272,1,0.000,2.000,0.5027,3752.6850,954.9699,chemicals
39.06837,35.11690,1,0.000,2.000,0.5027,256325.0052,67002.4658,chemicals
40.88509,29.72487,1,0.000,2.000,0.5027,588600.0000,53071.6603,chemicals
23.74096,120.97480,1,0.000,2.000,0.5027,57252.5244,14965.6110,chemicals
46.62650,31.10268,1,0.000,2.000,0.5027,617116.8001,98520.5479,chemicals
50.71801,26.16001,1,0.000,2.000,0.5027,316511.7588,50530.0000,chemicals
49.14882,31.22912,1,0.000,2.000,0.5027,42500.0000,76024.5699,chemicals
34.80541,-87.93343,2,0.635,2.635,1.2660,246249.5062,13869.4658,chemicals
42.49758,-94.01914,2,0.259,2.259,0.5027,452415.0400,25480.4521,chemicals
42.44200,-90.55717,2,0.126,2.126,0.5027,591728.7113,33326.4247,chemicals
33.22843,-92.68570,7,7.599,9.599,181.4321,1479930.9181,120989.7671,other-chemicals
36.39344,-97.87454,1,0.000,2.000,0.5027,1388597.4821,78204.0822,chemicals
40.54059,-97.58079,1,0.000,2.000,0.5027,55043.8299,3100.0000,chemicals
35.48158,-101.04972,1,0.000,2.000,0.5027,27407.5500,6974.5753,chemicals
45.70563,-112.59944,1,0.000,2.000,0.5027,5100000.0000,1166393.2603,chemicals
40.72435,-84.12047,8,5.400,7.400,91.5983,2743965.3239,204268.0932,other-chemicals
29.12359,-95.40096,1,0.000,2.000,0.5027,213265.4337,12010.8438,chemicals
45.94016,-123.09260,1,0.000,2.000,0.5027,61021.7406,3436.6685,chemicals
40.26178,-96.68958,1,0.000,2.000,0.5027,106769.9494,6013.1507,chemicals
29.85069,-95.38101,1,0.000,2.000,0.5027,491956.1775,125191.2493,chemicals
35.84013,-101.35402,1,0.000,2.000,0.5027,249135.9142,14031.0247,chemicals
29.80300,-94.14841,1,0.000,2.000,0.5027,220205.5800,56037.1288,chemicals
42.36713,-90.21185,1,0.000,2.000,0.5027,658444.8492,37082.7945,chemicals
41.30766,-104.68722,1,0.000,2.000,0.5027,156155.5752,8794.4877,chemicals
40.64168,-91.47886,1,0.000,2.000,0.5027,408295.5253,22994.6959,chemicals
41.62110,-83.65628,1,0.000,2.000,0.5027,39028.7250,9931.8904,chemicals
42.38960,-96.04387,1,0.000,2.000,0.5027,919777.8728,51800.7452,chemicals
36.23430,-95.71907,2,0.087,2.087,0.5027,1504883.2279,84754.1507,chemicals
36.43842,-99.47199,2,0.157,2.157,0.5027,1508050.1332,84932.5068,chemicals
43.09992,58.36318,1,0.000,2.000,0.5027,58952.4768,15409.9726,chemicals
9.99993,-64.65390,1,0.000,2.000,0.5027,5326.6500,1355.5068,chemicals
21.27463,106.19662,1,0.000,2.000,0.5027,338398.6540,14641.5123,chemicals
9.39384,104.85834,1,0.000,2.000,0.5027,338398.6540,14641.5123,chemicals
20.18957,106.08775,1,0.000,2.000,0.5027,288767.1655,12494.1041,chemicals
-27.33945,27.71974,1,0.000,2.000,0.5027,52157.1150,13272.7562,chemicals
-26.67118,29.93017,1,0.000,2.000,0.5027,1240800.0000,62008.8329,chemicals
47.29705,11.59146,2,0.545,2.545,0.9337,174706.1155,28340067.3197,glass
48.03389,16.01900,1,0.000,2.000,0.5027,23623.3403,28311438.9044,glass
47.06639,15.07750,1,0.000,2.000,0.5027,23623.3403,28311438.9044,glass
48.05650,14.14422,1,0.000,2.000,0.5027,23623.3403,28311438.9044,glass
48.21084,15.22056,1,0.000,2.000,0.5027,23623.3403,28311438.9044,glass
50.65116,5.80304,1,0.000,2.000,0.5027,45454.5454,18723465.3243,glass
51.18836,5.15545,1,0.000,2.000,0.5027,101000.0000,41603539.9506,glass
50.56860,4.07510,1,0.000,2.000,0.5027,45454.5454,18723465.3243,glass
51.21404,5.29052,1,0.000,2.000,0.5027,45454.5454,18723465.3243,glass
50.02690,4.15170,1,0.000,2.000,0.5027,45454.5454,18723465.3243,glass
43.27528,26.51958,1,0.000,2.000,0.5027,266942.0000,25105614.4872,glass
43.54470,-80.23240,1,0.000,2.000,0.5027,12691.3373,11011682.9532,glass
52.03170,-113.93550,1,0.000,2.000,0.5027,22301.9871,19350396.6120,glass
45.42494,-73.58525,4,5.738,7.738,103.4214,196474.9003,56057792.7559,other-metals
47.32722,8.16667,1,0.000,2.000,0.5027,3541.9395,43004717.3231,glass
46.70084,6.85333,1,0.000,2.000,0.5027,3541.9395,43004717.3231,glass
46.48255,6.45320,1,0.000,2.000,0.5027,3541.9395,43004717.3231,glass
50.14505,15.12730,1,0.000,2.000,0.5027,19624.2857,8693854.8909,glass
49.66592,15.41884,1,0.000,2.000,0.5027,19624.2857,8693854.8909,glass
49.87714,14.90871,1,0.000,2.000,0.5027,19624.2857,8693854.8909,glass
49.87975,16.28993,1,0.000,2.000,0.5027,19624.2857,8693854.8909,glass
50.76055,15.32019,2,0.390,2.390,0.5027,39248.5715,17387709.7819,glass
52.05906,11.57461,2,1.405,3.405,6.1999,133655.1726,55364221.6154,glass
52.53686,13.71360,1,0.000,2.000,0.5027,32655.1725,13526810.5959,glass
51.64941,14.22940,1,0.000,2.000,0.5027,32655.1725,13526810.5959,glass
52.66031,9.21471,1,0.000,2.000,0.5027,32655.1725,13526810.5959,glass
53.94611,10.19424,1,0.000,2.000,0.5027,32655.1725,13526810.5959,glass
52.19225,9.44685,1,0.000,2.000,0.5027,32655.1725,13526810.5959,glass
52.26437,9.14073,1,0.000,2.000,0.5027,143000.0002,59235146.2949,glass
49.23308,8.37495,1,0.000,2.000,0.5027,109000.0002,45151265.3576,glass
52.27441,11.44018,1,0.000,2.000,0.5027,129000.0002,53435901.2031,glass
51.43861,7.08821,1,0.000,2.000,0.5027,32655.1725,13526810.5959,glass
49.98395,9.57894,1,0.000,2.000,0.5027,32655.1725,13526810.5959,glass
50.47385,11.21829,2,3.723,5.723,43.5497,65310.3449,27053621.1918,glass
53.47524,12.02481,1,0.000,2.000,0.5027,32655.1725,13526810.5959,glass
51.57587,14.60482,1,0.000,2.000,0.5027,32655.1725,13526810.5959,glass
49.42755,11.88578,1,0.000,2.000,0.5027,32655.1725,13526810.5959,glass
49.69703,12.16359,1,0.000,2.000,0.5027,32655.1725,13526810.5959,glass
51.77184,9.41355,3,4.588,6.588,66.1215,97965.5174,40580431.7878,glass
48.62958,8.06202,1,0.000,2.000,0.5027,32655.1725,13526810.5959,glass
51.36959,14.06722,1,0.000,2.000,0.5027,32655.1725,13526810.5959,glass
52.19821,9.06518,1,0.000,2.000,0.5027,32655.1725,13526810.5959,glass
49.62009,12.07645,1,0.000,2.000,0.5027,233000.0004,96516007.5994,glass
51.35504,12.73492,1,0.000,2.000,0.5027,32655.1725,13526810.5959,glass
50.87782,6.08951,1,0.000,2.000,0.5027,32655.1725,13526810.5959,glass
51.57964,13.00355,1,0.000,2.000,0.5027,118000.0002,48879351.4881,glass
49.29110,8.46976,1,0.000,2.000,0.5027,32655.1725,13526810.5959,glass
49.94657,12.24356,1,0.000,2.000,0.5027,116000.0002,48050887.9036,glass
48.95497,11.39979,1,0.000,2.000,0.5027,32655.1725,13526810.5959,glass
47.90607,9.87541,1,0.000,2.000,0.5027,110000.0002,45565497.1499,glass
48.73775,11.24015,1,0.000,2.000,0.5027,32655.1725,13526810.5959,glass
50.46930,7.78304,1,0.000,2.000,0.5027,32655.1725,13526810.5959,glass
51.70536,9.03605,1,0.000,2.000,0.5027,32655.1725,13526810.5959,glass
50.58150,10.99471,1,0.000,2.000,0.5027,32655.1725,13526810.5959,glass
50.52369,10.75915,1,0.000,2.000,0.5027,32655.1725,13526810.5959,glass
50.43883,11.38125,1,0.000,2.000,0.5027,105000.0002,43494338.1886,glass
49.01717,13.22681,1,0.000,2.000,0.5027,32655.1725,13526810.5959,glass
55.28653,11.81749,1,0.000,2.000,0.5027,2914.6020,4003207.2155,glass
56.37517,10.04210,1,0.000,2.000,0.5027,2914.6020,4003207.2155,glass
56.71577,9.84106,1,0.000,2.000,0.5027,2914.6020,4003207.2155,glass
55.42914,9.29644,3,0.293,2.293,0.5027,8743.8060,12009621.6465,glass
42.55011,-5.58106,1,0.000,2.000,0.5027,21507.8729,4315040.8310,glass
38.56688,-6.35643,1,0.000,2.000,0.5027,117000.0000,23473254.6583,glass
40.14457,0.00117,3,3.033,5.033,28.9034,64523.6186,12945122.4931,glass
41.59234,2.09316,1,0.000,2.000,0.5027,21507.8729,4315040.8310,glass
39.83033,-0.16657,2,0.358,2.358,0.5027,43015.7458,8630081.6621,glass
38.71490,-0.95780,1,0.000,2.000,0.5027,126000.0000,25278889.6321,glass
36.68510,-6.12432,1,0.000,2.000,0.5027,21507.8729,4315040.8310,glass
40.51014,-3.35151,1,0.000,2.000,0.5027,21507.8729,4315040.8310,glass
41.48394,2.32762,1,0.000,2.000,0.5027,21507.8729,4315040.8310,glass
41.26198,1.58897,1,0.000,2.000,0.5027,21507.8729,4315040.8310,glass
43.55047,-5.86522,3,5.906,7.906,109.5671,4002510.2666,24833098.5281,other-metals
43.35404,-3.94758,1,0.000,2.000,0.5027,21507.8729,4315040.8310,glass
40.56229,-3.25894,2,0.340,2.340,0.5027,122507.8729,24578277.7583,glass
41.35034,1.30143,1,0.000,2.000,0.5027,21507.8729,4315040.8310,glass
41.39473,1.13815,1,0.000,2.000,0.5027,21507.8729,4315040.8310,glass
42.34976,-3.65566,1,0.000,2.000,0.5027,118000.0000,23673880.7665,glass
41.57860,-0.88145,2,5.660,7.660,100.6475,74575.9309,4357506.5845,iron-and-steel
40.90193,-4.01132,1,0.000,2.000,0.5027,21507.8729,4315040.8310,glass
42.08278,-7.72194,1,0.000,2.000,0.5027,21507.8729,4315040.8310,glass
38.88736,-0.58286,1,0.000,2.000,0.5027,21507.8729,4315040.8310,glass
58.77797,24.81392,1,0.000,2.000,0.5027,20320.5729,19262529.6343,glass
60.91265,27.56419,1,0.000,2.000,0.5027,386.9203,7231448.0023,glass
61.08910,24.13313,1,0.000,2.000,0.5027,386.9203,7231448.0023,glass
60.65682,24.85550,1,0.000,2.000,0.5027,386.9203,7231448.0023,glass
50.29000,4.04000,1,0.000,2.000,0.5027,136000.0000,50524507.9472,glass
49.10000,6.83000,1,0.000,2.000,0.5027,137000.0000,50896011.6821,glass
50.73647,2.31034,2,1.946,3.946,11.8982,274069.7674,101817942.2294,glass
48.23500,2.70500,2,1.709,3.709,9.1708,92139.5349,34230181.3418,glass
47.88000,1.82000,1,0.000,2.000,0.5027,46069.7674,17115090.6709,glass
49.03145,3.41243,2,1.388,3.388,6.0537,88927.9364,17124283.8676,glass
49.24000,1.42000,1,0.000,2.000,0.5027,46069.7674,17115090.6709,glass
46.79645,4.85199,2,2.118,4.118,14.0920,179069.7674,66525087.4133,glass
43.11000,0.39000,1,0.000,2.000,0.5027,46069.7674,17115090.6709,glass
48.44000,6.74000,1,0.000,2.000,0.5027,46069.7674,17115090.6709,glass
45.58000,5.90000,1,0.000,2.000,0.5027,46069.7674,17115090.6709,glass
44.89000,-0.32000,1,0.000,2.000,0.5027,104000.0000,38636388.4302,glass
43.34000,3.23000,1,0.000,2.000,0.5027,46069.7674,17115090.6709,glass
49.25000,4.04000,1,0.000,2.000,0.5027,46069.7674,17115090.6709,glass
44.64000,4.35000,1,0.000,2.000,0.5027,46069.7674,17115090.6709,glass
45.96000,3.49000,1,0.000,2.000,0.5027,107000.0000,39750899.6349,glass
48.30000,5.93000,1,0.000,2.000,0.5027,118000.0000,43837440.7189,glass
45.56000,4.28000,1,0.000,2.000,0.5027,46069.7674,17115090.6709,glass
50.49000,2.85000,1,0.000,2.000,0.5027,46069.7674,17115090.6709,glass
43.73000,4.23000,1,0.000,2.000,0.5027,46069.7674,17115090.6709,glass
49.47000,2.88000,1,0.000,2.000,0.5027,46069.7674,17115090.6709,glass
47.22000,-0.73000,1,0.000,2.000,0.5027,46069.7674,17115090.6709,glass
49.64000,1.84000,1,0.000,2.000,0.5027,46069.7674,17115090.6709,glass
50.10000,3.20000,1,0.000,2.000,0.5027,46069.7674,17115090.6709,glass
49.85000,1.69500,2,2.253,4.253,15.9414,92139.5349,34230181.3418,glass
44.10000,4.66000,1,0.000,2.000,0.5027,46069.7674,17115090.6709,glass
45.69000,-0.33000,1,0.000,2.000,0.5027,110000.0000,40865410.8396,glass
45.55000,4.13000,1,0.000,2.000,0.5027,109000.0000,40493907.1047,glass
45.89000,5.32000,1,0.000,2.000,0.5027,114000.0000,42351425.7792,glass
49.40000,3.32000,1,0.000,2.000,0.5027,210999.9999,78387288.0651,glass
49.01873,4.03814,1,0.000,2.000,0.5027,46069.7674,17115090.6709,glass
50.05000,1.37000,1,0.000,2.000,0.5027,118000.0000,43837440.7189,glass
43.92000,2.14000,1,0.000,2.000,0.5027,46069.7674,17115090.6709,glass
53.56848,-1.44627,2,0.604,2.604,1.1444,288999.9999,52787522.8355,glass
53.55234,-1.08569,1,0.000,2.000,0.5027,110000.0000,20092136.7194,glass
53.31370,-1.13790,1,0.000,2.000,0.5027,50766.6666,9272825.5223,glass
53.51790,-2.54970,1,0.000,2.000,0.5027,50766.6666,9272825.5223,glass
51.67432,-3.01473,1,0.000,2.000,0.5027,50766.6666,9272825.5223,glass
53.08970,-1.37684,1,0.000,2.000,0.5027,50766.6666,9272825.5223,glass
46.47098,16.99264,1,0.000,2.000,0.5027,1340000.0000,25790204.2626,glass
46.58025,20.68713,2,0.727,2.727,1.6616,321040.0000,6178871.0272,glass
48.09777,19.80192,1,0.000,2.000,0.5027,207630.0000,3996134.4112,glass
40.63333,14.85000,1,0.000,2.000,0.5027,32848.1815,10569233.2508,glass
42.58639,13.62944,1,0.000,2.000,0.5027,32848.1815,10569233.2508,glass
45.42375,9.08653,2,0.837,2.837,2.2009,65696.3630,21138466.5016,glass
44.34139,8.31454,3,2.037,4.037,13.0379,98544.5445,31707699.7524,glass
44.86417,10.07250,1,0.000,2.000,0.5027,32848.1815,10569233.2508,glass
43.71176,10.38543,2,1.969,3.969,12.1742,135583.1815,43625254.2437,glass
41.68086,15.94360,2,4.017,6.017,50.6966,228050.9999,73377706.1707,glass
45.69639,9.27472,1,0.000,2.000,0.5027,32848.1815,10569233.2508,glass
45.78036,12.40304,2,1.263,3.263,5.0091,134848.1815,43388760.5908,glass
44.90444,8.27083,1,0.000,2.000,0.5027,32848.1815,10569233.2508,glass
37.77944,12.48556,1,0.000,2.000,0.5027,32848.1815,10569233.2508,glass
46.23111,11.12861,1,0.000,2.000,0.5027,32848.1815,10569233.2508,glass
45.86556,12.77222,1,0.000,2.000,0.5027,32848.1815,10569233.2508,glass
44.56667,11.35000,1,0.000,2.000,0.5027,32848.1815,10569233.2508,glass
42.06110,14.74457,3,1.313,3.313,5.4165,323259.9999,104012160.8620,glass
45.51750,9.63389,1,0.000,2.000,0.5027,32848.1815,10569233.2508,glass
40.85056,14.48444,1,0.000,2.000,0.5027,32848.1815,10569233.2508,glass
43.80472,11.24139,1,0.000,2.000,0.5027,32848.1815,10569233.2508,glass
44.44472,8.30889,1,0.000,2.000,0.5027,107158.0000,34479165.7912,glass
45.14361,11.09278,1,0.000,2.000,0.5027,101439.0000,32639019.9396,glass
45.41806,11.37306,1,0.000,2.000,0.5027,104000.0000,33463047.4839,glass
43.86833,10.68639,1,0.000,2.000,0.5027,32848.1815,10569233.2508,glass
42.60690,12.53890,1,0.000,2.000,0.5027,32848.1815,10569233.2508,glass
40.78333,16.91667,1,0.000,2.000,0.5027,32848.1815,10569233.2508,glass
42.96670,12.08330,1,0.000,2.000,0.5027,32848.1815,10569233.2508,glass
40.86861,17.18722,1,0.000,2.000,0.5027,32848.1815,10569233.2508,glass
45.42111,11.16194,1,0.000,2.000,0.5027,32848.1815,10569233.2508,glass
46.05000,11.23333,1,0.000,2.000,0.5027,32848.1815,10569233.2508,glass
45.94395,12.85649,2,2.181,4.181,14.9489,83814.9540,10577221.1615,glass
43.71389,10.89972,1,0.000,2.000,0.5027,32848.1815,10569233.2508,glass
45.77056,12.89722,1,0.000,2.000,0.5027,32848.1815,10569233.2508,glass
54.87564,23.89562,1,0.000,2.000,0.5027,5220.4400,11557517.7806,glass
51.91135,5.44407,1,0.000,2.000,0.5027,119000.0000,21072557.9651,glass
51.61370,4.99483,1,0.000,2.000,0.5027,70154.2208,12422931.8021,glass
51.88821,5.08588,1,0.000,2.000,0.5027,101000.0000,17885112.2225,glass
51.56606,4.60295,1,0.000,2.000,0.5027,70154.2208,12422931.8021,glass
59.59290,11.14539,1,0.000,2.000,0.5027,5199.9558,17129280.3586,glass
63.47586,10.90150,1,0.000,2.000,0.5027,5199.9558,17129280.3586,glass
53.06615,16.71115,1,0.000,2.000,0.5027,33281.2501,7668567.1780,glass
52.60429,21.44473,1,0.000,2.000,0.5027,33281.2501,7668567.1780,glass
51.88716,17.00143,1,0.000,2.000,0.5027,33281.2501,7668567.1780,glass
52.64394,16.08986,1,0.000,2.000,0.5027,33281.2501,7668567.1780,glass
50.70238,18.18598,1,0.000,2.000,0.5027,33281.2501,7668567.1780,glass
51.61972,19.93472,1,0.000,2.000,0.5027,305000.0005,70277197.8005,glass
53.23749,20.17402,1,0.000,2.000,0.5027,33281.2501,7668567.1780,glass
51.94770,21.59768,1,0.000,2.000,0.5027,33281.2501,7668567.1780,glass
51.38694,19.68250,1,0.000,2.000,0.5027,33281.2501,7668567.1780,glass
50.33583,19.60556,1,0.000,2.000,0.5027,33281.2501,7668567.1780,glass
50.80166,16.29318,1,0.000,2.000,0.5027,33281.2501,7668567.1780,glass
50.29781,16.87931,1,0.000,2.000,0.5027,33281.2501,7668567.1780,glass
49.69953,21.73877,2,0.394,2.394,0.5027,66562.5001,15337134.3561,glass
49.42000,21.44000,1,0.000,2.000,0.5027,33281.2501,7668567.1780,glass
53.16722,16.77722,1,0.000,2.000,0.5027,33281.2501,7668567.1780,glass
50.66667,21.75000,1,0.000,2.000,0.5027,100000.0002,23041704.1969,glass
49.97984,18.48548,1,0.000,2.000,0.5027,33281.2501,7668567.1780,glass
50.88975,20.60033,1,0.000,2.000,0.5027,33281.2501,7668567.1780,glass
52.08708,21.04194,1,0.000,2.000,0.5027,33281.2501,7668567.1780,glass
50.26369,18.70436,1,0.000,2.000,0.5027,33281.2501,7668567.1780,glass
50.00235,22.70986,1,0.000,2.000,0.5027,172000.0003,39631731.2187,glass
44.21237,27.31646,2,1.352,3.352,5.7444,137328.4115,30148740.4824,iron-and-steel
43.86322,21.41436,2,0.591,2.591,1.0975,346864.1523,92500000.0000,glass
48.35766,17.56604,1,0.000,2.000,0.5027,8362.3629,21801002.5319,glass
46.22216,15.69748,2,4.027,6.027,50.9581,128400.0002,13438974.1635,glass
45.81259,15.14511,1,0.000,2.000,0.5027,21400.0000,2239829.0272,glass
57.54162,13.35444,1,0.000,2.000,0.5027,44666.6667,18277004.8623,glass
56.05150,12.97125,1,0.000,2.000,0.5027,44666.6667,18277004.8623,glass
31.66851,-98.99827,2,0.414,2.414,0.5378,51401.0000,7663041.2691,other-metals
33.96672,-87.89986,1,0.000,2.000,0.5027,31099.0000,8446618.3217,glass
37.70034,-84.26929,1,0.000,2.000,0.5027,88342.0000,23994056.2647,glass
38.75919,-94.82525,1,0.000,2.000,0.5027,108558.0000,29484806.3207,glass
36.49700,-82.77946,1,0.000,2.000,0.5027,137795.0000,37425697.6636,glass
33.54800,-81.66668,2,0.630,2.630,1.2472,37475.0000,2303204.4267,other-metals
35.44778,-95.96278,1,0.000,2.000,0.5027,96294.0000,26153852.6856,glass
42.12076,-76.81317,1,0.000,2.000,0.5027,95501.0000,25938470.5727,glass
39.71923,-82.61895,1,0.000,2.000,0.5027,92427.0000,25103559.3305,glass
42.66260,-88.29060,1,0.000,2.000,0.5027,76317.0000,20728016.0281,glass
40.37105,-85.19813,1,0.000,2.000,0.5027,116747.0000,31708972.9317,glass
36.29107,-78.39188,1,0.000,2.000,0.5027,79938.0000,21711494.7555,glass
40.15764,-89.35380,1,0.000,2.000,0.5027,15602.0000,4237568.3802,glass
36.92375,-120.10412,1,0.000,2.000,0.5027,78001.0000,21185397.4633,glass
38.29286,-90.39932,2,4.098,6.098,52.7681,88238.0000,22363617.3861,other-metals
41.81787,-78.28699,1,0.000,2.000,0.5027,65391.0000,17760468.7827,glass
32.54026,-92.76213,2,0.620,2.620,1.2078,82620.9998,11622215.3672,glass
39.57491,-75.46949,2,0.000,2.000,0.5027,60325.0000,15941536.6048,other-metals
36.00992,-96.09923,1,0.000,2.000,0.5027,96298.0000,26154939.1023,glass
35.75943,-77.87928,2,0.989,2.989,3.0739,129604.9998,25175535.4376,glass
40.17369,-84.97169,1,0.000,2.000,0.5027,103039.0000,27985822.8641,glass
43.55865,-89.49912,1,0.000,2.000,0.5027,127885.0000,34734100.2627,glass
44.91034,-91.87880,1,0.000,2.000,0.5027,118494.0000,32183465.4301,glass
46.54494,-122.92631,1,0.000,2.000,0.5027,105860.0000,28752018.2493,glass
35.62883,-80.79426,2,2.569,4.569,20.7293,136381.9998,29613819.3051,glass
34.00071,-96.45341,1,0.000,2.000,0.5027,121358.0000,32961339.7950,glass
33.97952,-83.33383,1,0.000,2.000,0.5027,34643.0000,9409183.5274,glass
34.70845,-81.13464,2,2.276,4.276,16.2727,220015.1789,15244.2260,lime
35.32673,-81.62467,1,0.000,2.000,0.5027,98252.0000,26685653.6655,glass
39.77861,-88.89639,1,0.000,2.000,0.5027,203610.0000,55301326.6176,glass
39.55320,-82.39290,1,0.000,2.000,0.5027,18578.0000,5045862.4130,glass
42.08986,-83.36204,1,0.000,2.000,0.5027,153697.0000,41744747.2970,glass
32.06410,-96.42830,1,0.000,2.000,0.5027,116551.0000,31655738.5129,glass
41.81333,-90.52444,1,0.000,2.000,0.5027,120634.0000,32764698.3704,glass
42.88261,-76.97223,1,0.000,2.000,0.5027,116175.0000,31553615.3421,glass
34.70603,-81.00081,1,0.000,2.000,0.5027,129079.0000,35058395.6509,glass
32.29288,-83.47269,1,0.000,2.000,0.5027,30699.0000,8337976.6506,glass
44.55137,-123.25701,1,0.000,2.000,0.5027,21848.0000,5934008.0740,glass
35.36795,-84.51553,2,0.868,2.868,2.3659,203002.0000,31105741.0531,other-metals
41.52623,-83.71340,2,0.742,2.742,1.7284,128749.0000,34968766.2723,glass
39.53614,-85.77769,2,1.143,3.143,4.1034,97834.0000,18021481.3975,other-metals
40.65766,-122.38862,1,0.000,2.000,0.5027,19957.0000,5420404.5740,glass
32.83652,-85.21573,1,0.000,2.000,0.5027,88329.0000,23990525.4104,glass
36.60127,-87.26182,2,0.515,2.515,0.8342,79867.0000,9352962.4626,other-metals
38.04449,-84.75366,1,0.000,2.000,0.5027,21634.0000,5875884.7800,glass
41.74833,-77.28781,1,0.000,2.000,0.5027,32349.0000,8786123.5438,glass
35.95027,-80.21778,1,0.000,2.000,0.5027,65920.0000,17904147.3927,glass
40.06493,-85.85345,1,0.000,2.000,0.5027,73081.0000,19849104.9091,glass
41.12833,-88.82537,1,0.000,2.000,0.5027,70066.0000,19030218.3134,glass
33.66849,-84.41890,1,0.000,2.000,0.5027,41950.0000,11393795.2537,glass
45.56390,-122.56436,1,0.000,2.000,0.5027,15773.0000,4284012.6946,glass
37.38635,-76.79756,1,0.000,2.000,0.5027,56389.0000,15315487.9753,glass
40.46074,-104.85495,2,1.649,3.649,8.5392,150782.0000,31485443.6935,glass
36.57743,-79.35245,2,3.722,5.722,43.5218,115621.9996,13368630.2296,glass
42.96361,-76.55871,1,0.000,2.000,0.5027,75850.0000,20601176.8771,glass
39.95071,-82.01506,2,1.725,3.725,9.3525,96106.0000,22099074.9170,other-metals
41.24968,-78.75179,2,2.991,4.991,28.1010,102868.0000,27939378.5497,glass
35.11540,-101.85690,1,0.000,2.000,0.5027,64100.0000,17409827.7894,glass
33.54292,-84.61327,1,0.000,2.000,0.5027,26683.0000,7247214.2731,glass
40.06970,-82.40188,1,0.000,2.000,0.5027,45435.0000,12340335.8129,glass
32.43603,-96.85025,2,1.011,3.011,3.2091,86599.9998,14929539.4388,glass
35.61975,-88.92251,2,3.209,5.209,32.3546,67972.0000,11585005.5948,other-metals
34.43545,-82.66158,1,0.000,2.000,0.5027,29428.0000,7992767.7408,glass
32.50286,-82.97724,1,0.000,2.000,0.5027,26930.0000,7314300.5050,glass
41.32890,-88.87857,1,0.000,2.000,0.5027,89646.0000,24348228.1124,glass
34.74870,-79.40589,1,0.000,2.000,0.5027,209532.0000,56909766.5579,glass
38.69892,-93.26053,1,0.000,2.000,0.5027,29451.0000,7999014.6369,glass
41.52358,-80.19788,1,0.000,2.000,0.5027,76377.0000,20744312.2787,glass
37.88795,-90.52849,3,3.200,5.200,32.1767,401207.1789,9572792.9761,lime
39.78741,-105.11613,1,0.000,2.000,0.5027,75250.0000,20438214.3705,glass
34.97575,-89.61575,1,0.000,2.000,0.5027,31549.0000,8568840.2017,glass
38.76533,-97.61307,1,0.000,2.000,0.5027,23744.0000,6448969.5949,glass
47.77726,-122.14904,1,0.000,2.000,0.5027,122.0000,33135.7097,glass
36.08290,-95.83218,1,0.000,2.000,0.5027,1064.0000,288986.8451,glass
33.99643,-98.55336,1,0.000,2.000,0.5027,202838.0000,55091648.1925,glass
40.15132,-79.89174,2,5.120,7.120,82.3581,33828.0000,7530226.8262,glass
-8.58260,13.40524,1,0.000,2.000,0.5027,125736.6883,42465.7534,iron-and-steel
41.08629,20.00742,2,1.701,3.701,9.0846,12803.2605,4000.0000,oil-and-gas-refining
-33.25241,-60.29250,1,0.000,2.000,0.5027,538536.3112,169863.0137,iron-and-steel
-34.46084,150.88502,1,0.000,2.000,0.5027,5657286.8118,271780.8219,iron-and-steel
-33.01371,137.58748,1,0.000,2.000,0.5027,1671087.4420,101917.8082,iron-and-steel
-33.76426,150.85060,1,0.000,2.000,0.5027,50061.6959,63698.6301,iron-and-steel
47.38128,15.06266,1,0.000,2.000,0.5027,1967041.5809,133342.4658,iron-and-steel
22.38079,91.76888,1,0.000,2.000,0.5027,102078.9016,97671.2329,iron-and-steel
22.87243,91.54760,1,0.000,2.000,0.5027,70350.0290,65397.2603,iron-and-steel
44.22569,17.89938,1,0.000,2.000,0.5027,883500.0000,164767.1233,iron-and-steel
52.84919,29.98699,1,0.000,2.000,0.5027,194218.0000,254794.5205,iron-and-steel
-19.53234,-42.63995,1,0.000,2.000,0.5027,305214.5756,76438.3562,iron-and-steel
-22.52451,-44.19381,1,0.000,2.000,0.5027,405161.9962,67945.2055,iron-and-steel
-19.83244,-43.13113,1,0.000,2.000,0.5027,1773323.3674,101917.8082,iron-and-steel
-22.49282,-44.51248,1,0.000,2.000,0.5027,311776.0734,84931.5068,iron-and-steel
-20.15455,-44.87928,1,0.000,2.000,0.5027,702523.6863,50958.9041,iron-and-steel
-22.90189,-45.35478,2,5.309,7.309,88.5540,320276.6407,87479.4521,iron-and-steel
-23.43870,-47.08819,1,0.000,2.000,0.5027,181553.4263,80684.9315,iron-and-steel
-20.34574,-40.36050,1,0.000,2.000,0.5027,117540.4767,50958.9041,iron-and-steel
-5.41498,-49.08071,1,0.000,2.000,0.5027,200605.5535,42805.4795,iron-and-steel
-20.58055,-43.96941,1,0.000,2.000,0.5027,477842.1264,84931.5068,iron-and-steel
43.26900,-79.80159,1,0.000,2.000,0.5027,3397365.9307,343972.6027,iron-and-steel
45.83697,-73.25145,1,0.000,2.000,0.5027,723161.6182,203835.6164,iron-and-steel
45.61388,-74.70529,1,0.000,2.000,0.5027,33104.7998,55205.4795,iron-and-steel
50.48727,-104.57929,2,4.993,6.993,78.3090,1339659.1246,240410.9589,oil-and-gas-refining
46.04335,-73.14177,1,0.000,2.000,0.5027,459336.1603,50958.9041,iron-and-steel
47.17283,7.56332,1,0.000,2.000,0.5027,50452.5547,61150.6849,iron-and-steel
47.30818,7.87360,1,0.000,2.000,0.5027,45547.4453,55205.4795,iron-and-steel
-33.29473,-70.72814,1,0.000,2.000,0.5027,39516.1668,44164.3836,iron-and-steel
32.48622,114.03635,1,0.000,2.000,0.5027,5128218.1973,305753.4247,iron-and-steel
30.70837,118.43535,1,0.000,2.000,0.5027,117905.4950,84931.5068,iron-and-steel
31.24662,119.11981,1,0.000,2.000,0.5027,191144.5371,84931.5068,iron-and-steel
32.32259,115.95729,1,0.000,2.000,0.5027,2926615.8657,254794.5205,iron-and-steel
43.84879,87.30817,1,0.000,2.000,0.5027,10733924.2028,620000.0000,iron-and-steel
41.36385,110.99239,1,0.000,2.000,0.5027,0.0000,0.0000,iron-and-steel
40.90190,110.33625,1,0.000,2.000,0.5027,0.0000,0.0000,iron-and-steel
31.72346,120.83407,1,0.000,2.000,0.5027,4169017.1055,272035.6164,iron-and-steel
31.60321,119.72278,2,1.085,3.085,3.6981,2666143.3705,315253.1685,iron-and-steel
29.73228,104.50142,1,0.000,2.000,0.5027,10920250.0000,513835.6164,iron-and-steel
41.82968,119.28595,1,0.000,2.000,0.5027,4682961.6867,229315.0685,iron-and-steel
29.25970,106.21403,1,0.000,2.000,0.5027,67954.4040,44164.3836,iron-and-steel
29.48876,105.86266,1,0.000,2.000,0.5027,33977.2020,22082.1918,iron-and-steel
29.44494,105.74581,1,0.000,2.000,0.5027,131988.3615,85780.8219,iron-and-steel
39.19161,122.05955,1,0.000,2.000,0.5027,2158376.6427,228890.4110,iron-and-steel
24.04097,114.86949,1,0.000,2.000,0.5027,97975.6026,61150.6849,iron-and-steel
30.53219,114.74723,1,0.000,2.000,0.5027,209433.9525,101917.8082,iron-and-steel
28.64296,115.99225,1,0.000,2.000,0.5027,5054000.0000,237808.2192,iron-and-steel
23.74937,116.13102,3,0.608,2.608,1.1628,322503.0251,201287.6712,iron-and-steel
23.72014,115.94945,1,0.000,2.000,0.5027,97975.6026,61150.6849,iron-and-steel
23.89296,113.50093,1,0.000,2.000,0.5027,78244.4048,48835.6164,iron-and-steel
26.96353,119.64427,1,0.000,2.000,0.5027,98835.2918,42465.7534,iron-and-steel
24.46963,117.94872,1,0.000,2.000,0.5027,142322.8202,61150.6849,iron-and-steel
26.87281,117.75940,1,0.000,2.000,0.5027,197670.5836,84931.5068,iron-and-steel
23.52916,116.32925,1,0.000,2.000,0.5027,97975.6026,61150.6849,iron-and-steel
23.74121,113.50173,1,0.000,2.000,0.5027,68038.6129,42465.7534,iron-and-steel
21.69406,111.85079,2,0.717,2.717,1.6138,400067.0438,249698.6301,iron-and-steel
23.53880,113.10724,2,2.563,4.563,20.6320,221805.8780,138438.3562,iron-and-steel
23.45422,116.49846,1,0.000,2.000,0.5027,2504628.4972,169863.0137,iron-and-steel
22.89810,112.24388,2,2.283,4.283,16.3755,815294.9351,509589.0411,iron-and-steel
24.00856,114.79733,1,0.000,2.000,0.5027,125191.0477,78136.9863,iron-and-steel
23.04257,114.96451,1,0.000,2.000,0.5027,68038.6129,42465.7534,iron-and-steel
31.50127,114.00687,1,0.000,2.000,0.5027,150893.6450,73805.4795,iron-and-steel
23.97892,111.73619,4,1.077,3.077,3.6410,5704761.1035,741452.0548,iron-and-steel
23.52215,111.23577,3,0.802,2.802,2.0199,580271.7399,369536.9863,iron-and-steel
24.66793,110.78367,4,0.866,2.866,2.3548,736375.3168,176997.4636,lime
26.50983,107.57227,1,0.000,2.000,0.5027,54669.2529,42465.7534,iron-and-steel
31.43955,107.68104,1,0.000,2.000,0.5027,237701.0027,84931.5068,iron-and-steel
39.22464,118.09302,1,0.000,2.000,0.5027,10936744.6921,653972.6027,iron-and-steel
46.60300,131.07834,1,0.000,2.000,0.5027,3229719.6456,169947.9452,iron-and-steel
33.35793,115.12835,1,0.000,2.000,0.5027,2475153.8234,148630.1370,iron-and-steel
34.46182,113.69718,1,0.000,2.000,0.5027,193588.4423,101917.8082,iron-and-steel
34.26350,113.85417,1,0.000,2.000,0.5027,631311.3741,118904.1096,iron-and-steel
35.87719,114.33198,1,0.000,2.000,0.5027,1865457.4924,169863.0137,iron-and-steel
26.86419,112.57273,1,0.000,2.000,0.5027,1051046.4278,110410.9589,iron-and-steel
24.49723,114.93861,1,0.000,2.000,0.5027,190508.1161,118904.1096,iron-and-steel
23.39423,114.89667,1,0.000,2.000,0.5027,224527.4225,140136.9863,iron-and-steel
31.00723,113.75475,1,0.000,2.000,0.5027,86820.2790,42465.7534,iron-and-steel
32.12598,112.71585,1,0.000,2.000,0.5027,347281.1162,169863.0137,iron-and-steel
23.17865,114.27937,1,0.000,2.000,0.5027,84367.8800,52657.5342,iron-and-steel
31.47137,119.48237,2,0.340,2.340,0.5027,547894.2203,234410.9589,iron-and-steel
28.60402,118.16401,1,0.000,2.000,0.5027,208401.2786,84931.5068,iron-and-steel
44.00643,125.50347,1,0.000,2.000,0.5027,304679.9848,127397.2603,iron-and-steel
40.65306,122.38082,3,4.797,6.797,72.2885,13948184.9226,866301.3699,iron-and-steel
36.13082,113.23334,6,6.823,8.823,146.2673,2583335.1356,219951.0916,lime
31.84992,120.72863,1,0.000,2.000,0.5027,12476079.4669,699835.6164,iron-and-steel
24.18586,114.72324,1,0.000,2.000,0.5027,97975.6026,61150.6849,iron-and-steel
34.60874,119.44822,1,0.000,2.000,0.5027,1025271.4941,52742.4658,iron-and-steel
41.19225,122.87673,1,0.000,2.000,0.5027,4098543.7335,195342.4658,iron-and-steel
36.47410,113.35200,3,4.200,6.200,55.4059,1248285.7523,187898.1970,lime
28.09093,119.52131,1,0.000,2.000,0.5027,255779.0147,101917.8082,iron-and-steel
24.11798,115.21024,1,0.000,2.000,0.5027,126551.8200,78986.3014,iron-and-steel
28.85028,105.70691,1,0.000,2.000,0.5027,475402.0054,169863.0137,iron-and-steel
33.26879,111.53665,1,0.000,2.000,0.5027,4352080.4976,254794.5205,iron-and-steel
30.26857,121.06038,1,0.000,2.000,0.5027,106574.5895,42465.7534,iron-and-steel
40.42901,119.22091,1,0.000,2.000,0.5027,1904549.0982,114657.5342,iron-and-steel
36.96773,118.95350,1,0.000,2.000,0.5027,2476178.7012,118904.1096,iron-and-steel
36.25617,116.17983,1,0.000,2.000,0.5027,0.0000,0.0000,iron-and-steel
40.18364,113.30503,1,0.000,2.000,0.5027,4367287.6027,212328.7671,iron-and-steel
37.38304,111.15644,1,0.000,2.000,0.5027,5478784.9814,305753.4247,iron-and-steel
38.09151,114.08687,3,4.983,6.983,78.0058,489578.8368,221913.0885,lime
26.90548,106.75678,2,4.323,6.323,58.7005,287252.6624,85938.1000,iron-and-steel
31.19074,107.45512,1,0.000,2.000,0.5027,1606237.5017,220821.9178,iron-and-steel
30.83097,105.36732,1,0.000,2.000,0.5027,130735.5515,46712.3288,iron-and-steel
30.05898,102.62582,1,0.000,2.000,0.5027,197291.8323,70493.1507,iron-and-steel
40.18320,118.06636,1,0.000,2.000,0.5027,8205657.6503,476805.4795,iron-and-steel
39.96758,117.85708,1,0.000,2.000,0.5027,110299.9957,59452.0548,iron-and-steel
24.24846,102.52269,1,0.000,2.000,0.5027,0.0000,0.0000,iron-and-steel
35.88263,111.53084,2,6.620,8.620,137.6902,131041.9121,17070.8789,iron-and-steel
42.70655,93.55148,1,0.000,2.000,0.5027,1553947.8078,84931.5068,iron-and-steel
39.14300,76.16159,1,0.000,2.000,0.5027,1535093.7511,84931.5068,iron-and-steel
42.67522,86.28076,1,0.000,2.000,0.5027,1884435.3793,113298.6301,iron-and-steel
44.28900,86.59322,1,0.000,2.000,0.5027,63529.4636,33972.6027,iron-and-steel
43.52613,83.29707,1,0.000,2.000,0.5027,1494456.6629,84931.5068,iron-and-steel
34.49862,116.90963,1,0.000,2.000,0.5027,198512.3987,84931.5068,iron-and-steel
33.21496,120.77203,2,5.662,7.662,100.6962,4066937.7289,312367.4590,iron-and-steel
24.07701,102.76943,1,0.000,2.000,0.5027,1532137.3494,72191.7808,iron-and-steel
25.45419,103.54723,1,0.000,2.000,0.5027,4693000.0000,220821.9178,iron-and-steel
26.27509,104.16921,1,0.000,2.000,0.5027,372466.9041,118904.1096,iron-and-steel
25.30351,103.88731,2,1.143,3.143,4.1012,1623394.4772,136897.0041,iron-and-steel
25.54707,103.77545,1,0.000,2.000,0.5027,0.0000,0.0000,iron-and-steel
24.80971,104.04206,1,0.000,2.000,0.5027,133023.8943,42465.7534,iron-and-steel
24.44625,102.55378,2,3.597,5.597,40.6398,268512.2854,424814.8123,iron-and-steel
24.01717,102.18365,1,0.000,2.000,0.5027,4794098.1597,253095.8904,iron-and-steel
28.13591,120.38175,1,0.000,2.000,0.5027,106574.5895,42465.7534,iron-and-steel
30.94355,120.97180,1,0.000,2.000,0.5027,255779.0147,101917.8082,iron-and-steel
28.78688,120.24894,1,0.000,2.000,0.5027,234464.0968,93424.6575,iron-and-steel
30.70712,120.93450,2,3.722,5.722,43.5161,408166.9981,100038.6919,iron-and-steel
23.35774,114.77015,1,0.000,2.000,0.5027,97975.6026,61150.6849,iron-and-steel
50.65509,11.43520,1,0.000,2.000,0.5027,69636.6333,93424.6575,iron-and-steel
50.91554,8.01641,1,0.000,2.000,0.5027,37983.6182,50958.9041,iron-and-steel
51.31309,13.27701,1,0.000,2.000,0.5027,88628.4424,118904.1096,iron-and-steel
52.20947,8.04645,1,0.000,2.000,0.5027,41148.9197,55205.4795,iron-and-steel
48.59828,7.82206,1,0.000,2.000,0.5027,158265.0758,212328.7671,iron-and-steel
48.51174,10.85563,1,0.000,2.000,0.5027,88628.4424,118904.1096,iron-and-steel
52.65583,13.21479,1,0.000,2.000,0.5027,63306.0303,84931.5068,iron-and-steel
52.31667,10.24469,1,0.000,2.000,0.5027,63306.0303,84931.5068,iron-and-steel
35.47853,-0.62131,1,0.000,2.000,0.5027,565156.9949,33123.2877,iron-and-steel
30.39068,30.58298,3,2.078,4.078,13.5721,2784832.4030,433150.6849,iron-and-steel
43.03769,-2.21882,1,0.000,2.000,0.5027,79811.8910,123150.6849,iron-and-steel
38.32042,-6.71619,1,0.000,2.000,0.5027,64175.3260,110410.9589,iron-and-steel
43.51411,-8.16427,1,0.000,2.000,0.5027,74295.2812,59452.0548,iron-and-steel
65.76493,24.16491,2,0.912,2.912,2.6115,278887.1162,117891.4073,iron-and-steel
61.12287,28.82904,2,3.281,5.281,33.8234,130247.1867,61964.0317,iron-and-steel
43.53016,-1.50035,1,0.000,2.000,0.5027,48373.2751,101917.8082,iron-and-steel
50.32966,3.49072,1,0.000,2.000,0.5027,34264.4032,72191.7808,iron-and-steel
49.24081,6.15343,1,0.000,2.000,0.5027,32994.3331,70068.4932,iron-and-steel
49.03378,1.56184,1,0.000,2.000,0.5027,22171.0844,46712.3288,iron-and-steel
48.38662,2.98111,1,0.000,2.000,0.5027,29023.9651,61150.6849,iron-and-steel
50.39797,3.56106,1,0.000,2.000,0.5027,29427.0757,62000.0000,iron-and-steel
39.38687,22.80878,1,0.000,2.000,0.5027,34082.5397,84931.5068,iron-and-steel
39.16988,22.84076,1,0.000,2.000,0.5027,46011.4286,114657.5342,iron-and-steel
-3.33930,115.92713,1,0.000,2.000,0.5027,1761455.9976,84931.5068,iron-and-steel
-6.18360,106.92090,2,0.579,2.579,1.0515,439696.8147,246301.3699,iron-and-steel
-7.35513,112.70373,1,0.000,2.000,0.5027,165804.1401,59452.0548,iron-and-steel
22.31265,84.76904,1,0.000,2.000,0.5027,1187500.0000,42465.7534,iron-and-steel
14.87640,78.04316,1,0.000,2.000,0.5027,471790.4550,32698.6301,iron-and-steel
23.78292,86.83461,1,0.000,2.000,0.5027,443177.2800,17665.7534,iron-and-steel
23.63195,86.29284,1,0.000,2.000,0.5027,1727622.8942,127397.2603,iron-and-steel
26.75892,83.20164,1,0.000,2.000,0.5027,976113.6000,44843.8356,iron-and-steel
22.08467,84.86146,1,0.000,2.000,0.5027,185165.6400,7813.6986,iron-and-steel
29.12710,75.77284,1,0.000,2.000,0.5027,511936.0000,67945.2055,iron-and-steel
23.31293,70.20019,1,0.000,2.000,0.5027,1777545.0000,65397.2603,iron-and-steel
19.09773,82.16614,1,0.000,2.000,0.5027,4599997.4961,254794.5205,iron-and-steel
22.00981,83.32950,1,0.000,2.000,0.5027,348717.6046,25224.6575,iron-and-steel
22.36960,87.28993,3,1.597,3.597,8.0084,4372587.4200,165446.5753,iron-and-steel
21.80207,85.56614,1,0.000,2.000,0.5027,233158.5000,8578.0822,iron-and-steel
22.58776,85.90658,1,0.000,2.000,0.5027,1419860.8800,59112.3288,iron-and-steel
23.68855,87.12278,1,0.000,2.000,0.5027,2640924.0000,97161.6438,iron-and-steel
23.56371,87.08649,1,0.000,2.000,0.5027,259078.6800,10701.3699,iron-and-steel
35.74563,50.22225,1,0.000,2.000,0.5027,66496.4247,20383.5616,iron-and-steel
31.69970,55.44826,1,0.000,2.000,0.5027,849255.1042,101917.8082,iron-and-steel
30.49284,56.82101,1,0.000,2.000,0.5027,963904.5433,127397.2603,iron-and-steel
32.41927,51.32422,2,1.571,3.571,7.7499,4531564.4277,441643.8356,iron-and-steel
33.92787,59.00627,1,0.000,2.000,0.5027,566170.0695,67945.2055,iron-and-steel
31.28355,48.57247,1,0.000,2.000,0.5027,9913.9781,2972.6027,iron-and-steel
36.34521,58.67441,1,0.000,2.000,0.5027,990797.6216,118904.1096,iron-and-steel
31.27040,48.73319,1,0.000,2.000,0.5027,2360249.7857,305753.4247,iron-and-steel
29.92933,56.73447,2,2.180,4.180,14.9269,786990.6368,118904.1096,iron-and-steel
33.42864,51.98265,1,0.000,2.000,0.5027,471028.0202,62254.7945,iron-and-steel
29.16969,54.61894,1,0.000,2.000,0.5027,642603.0289,84931.5068,iron-and-steel
37.12471,46.17302,1,0.000,2.000,0.5027,566170.0695,67945.2055,iron-and-steel
29.19292,52.84391,1,0.000,2.000,0.5027,1061568.8803,127397.2603,iron-and-steel
30.56471,48.93597,1,0.000,2.000,0.5027,707712.5869,84931.5068,iron-and-steel
35.59488,59.20598,1,0.000,2.000,0.5027,938221.3202,123150.6849,iron-and-steel
36.12436,49.31914,1,0.000,2.000,0.5027,908255.7239,135890.4110,iron-and-steel
30.75653,56.65999,1,0.000,2.000,0.5027,1522237.1271,127397.2603,iron-and-steel
36.09267,43.96872,2,2.528,4.528,20.0750,569249.0946,114657.5342,iron-and-steel
46.04867,11.43868,1,0.000,2.000,0.5027,80576.0616,50958.9041,iron-and-steel
45.41975,11.90604,1,0.000,2.000,0.5027,80576.0616,50958.9041,iron-and-steel
45.64874,10.21027,1,0.000,2.000,0.5027,72518.4554,45863.0137,iron-and-steel
45.52101,11.49456,2,0.571,2.571,1.0261,125921.2484,109905.7189,iron-and-steel
37.43833,15.03337,1,0.000,2.000,0.5027,31231.0316,42465.7534,iron-and-steel
46.00821,13.25363,1,0.000,2.000,0.5027,93693.0949,127397.2603,iron-and-steel
45.37165,10.33221,1,0.000,2.000,0.5027,37477.2380,50958.9041,iron-and-steel
45.46020,10.45783,1,0.000,2.000,0.5027,75953.8689,103276.7123,iron-and-steel
45.64359,10.37747,2,0.365,2.365,0.5027,99939.3012,135890.4110,iron-and-steel
45.14667,9.94527,1,0.000,2.000,0.5027,1417802.9505,365205.4795,iron-and-steel
46.23077,13.07797,1,0.000,2.000,0.5027,516686.1872,186849.3151,iron-and-steel
40.64071,15.82966,1,0.000,2.000,0.5027,104061.7974,59452.0548,iron-and-steel
45.59885,9.03542,1,0.000,2.000,0.5027,48720.4093,66246.5753,iron-and-steel
44.38810,7.94523,1,0.000,2.000,0.5027,37477.2380,50958.9041,iron-and-steel
35.70461,139.94829,2,3.641,5.641,41.6515,176748.7807,76391.9455,iron-and-steel
34.47566,135.35411,1,0.000,2.000,0.5027,25327.1367,42465.7534,iron-and-steel
34.81786,135.67772,1,0.000,2.000,0.5027,40776.6901,68369.8630,iron-and-steel
36.54060,139.99283,1,0.000,2.000,0.5027,40523.4188,67945.2055,iron-and-steel
-3.78921,39.31641,1,0.000,2.000,0.5027,0.0000,84931.5068,iron-and-steel
35.09882,128.86231,1,0.000,2.000,0.5027,45300.5549,84931.5068,iron-and-steel
36.95628,126.61736,1,0.000,2.000,0.5027,36240.4439,67945.2055,iron-and-steel
35.21266,128.62742,2,2.224,4.224,15.5394,190262.3306,356712.3288,iron-and-steel
17.93089,-102.20199,1,0.000,2.000,0.5027,1978898.8924,552054.7945,iron-and-steel
20.52180,-100.92452,1,0.000,2.000,0.5027,232811.2172,195342.4658,iron-and-steel
25.51095,-100.96319,1,0.000,2.000,0.5027,154973.8164,186849.3151,iron-and-steel
22.09465,-100.90834,2,1.245,3.245,4.8693,110570.1396,186084.9315,iron-and-steel
19.39674,-98.08818,1,0.000,2.000,0.5027,63929.8537,96821.9178,iron-and-steel
19.17971,-96.24085,1,0.000,2.000,0.5027,156232.7859,104465.7534,iron-and-steel
19.16907,-98.31850,1,0.000,2.000,0.5027,674992.7052,112958.9041,iron-and-steel
8.45103,4.53518,1,0.000,2.000,0.5027,98040.0000,50958.9041,iron-and-steel
5.48229,5.77017,1,0.000,2.000,0.5027,0.0000,0.0000,iron-and-steel
66.31207,14.16673,5,0.571,2.571,1.0255,572196.2526,67786.4921,other-metals
24.80048,67.50511,1,0.000,2.000,0.5027,5738.0635,50958.9041,iron-and-steel
-13.79028,-76.16660,1,0.000,2.000,0.5027,102046.5116,106164.3836,iron-and-steel
-9.06110,-78.60299,1,0.000,2.000,0.5027,47007.9900,63698.6301,iron-and-steel
10.44951,124.00562,1,0.000,2.000,0.5027,68571.4286,84931.5068,iron-and-steel
50.94945,21.45047,1,0.000,2.000,0.5027,76960.0692,103616.4384,iron-and-steel
50.48922,19.45774,1,0.000,2.000,0.5027,193567.1904,144383.5616,iron-and-steel
38.92372,125.58169,1,0.000,2.000,0.5027,3511.8484,63868.4932,iron-and-steel
38.74447,125.60981,1,0.000,2.000,0.5027,45594.7652,127397.2603,iron-and-steel
41.25449,-8.55510,1,0.000,2.000,0.5027,98040.0000,50958.9041,iron-and-steel
38.62303,-9.07312,1,0.000,2.000,0.5027,179740.0000,93424.6575,iron-and-steel
44.90457,25.45812,1,0.000,2.000,0.5027,15926.4810,25479.4521,iron-and-steel
45.29359,21.90141,1,0.000,2.000,0.5027,16853.4191,42465.7534,iron-and-steel
45.73518,22.91627,1,0.000,2.000,0.5027,38432.3640,67945.2055,iron-and-steel
44.88238,38.12298,1,0.000,2.000,0.5027,170843.8536,135890.4110,iron-and-steel
46.84370,46.84370,1,0.000,2.000,0.5027,177970.8739,42465.7534,iron-and-steel
54.99889,57.26805,1,0.000,2.000,0.5027,44864.4573,84931.5068,iron-and-steel
53.88385,87.26134,1,0.000,2.000,0.5027,10610021.6813,840906.8493,iron-and-steel
51.14364,37.93898,1,0.000,2.000,0.5027,1962820.0088,297260.2740,iron-and-steel
47.75477,40.17836,1,0.000,2.000,0.5027,37237.4996,70493.1507,iron-and-steel
55.37957,42.18221,1,0.000,2.000,0.5027,62810.2403,118904.1096,iron-and-steel
55.23449,36.67738,1,0.000,2.000,0.5027,67296.6860,127397.2603,iron-and-steel
56.48154,60.24486,1,0.000,2.000,0.5027,42621.2345,80684.9315,iron-and-steel
47.24228,38.92897,1,0.000,2.000,0.5027,149201.1208,80684.9315,iron-and-steel
48.75204,44.55905,1,0.000,2.000,0.5027,22477.0931,42550.6849,iron-and-steel
26.27057,49.95337,3,3.215,5.215,32.4695,2087167.3867,335479.4521,iron-and-steel
21.28982,39.18369,1,0.000,2.000,0.5027,208478.1895,72191.7808,iron-and-steel
44.60721,20.96847,1,0.000,2.000,0.5027,1971148.7429,186764.3836,iron-and-steel
44.97526,19.64607,1,0.000,2.000,0.5027,20576.0000,42465.7534,iron-and-steel
46.42237,14.09683,1,0.000,2.000,0.5027,94926.9962,61660.2740,iron-and-steel
60.14846,16.17234,1,0.000,2.000,0.5027,59850.0000,42465.7534,iron-and-steel
60.54938,16.30369,1,0.000,2.000,0.5027,55480.0000,42465.7534,iron-and-steel
58.67711,17.12717,1,0.000,2.000,0.5027,1634028.1774,127397.2603,iron-and-steel
33.62751,36.57537,2,0.134,2.134,0.5027,0.0000,135890.4110,iron-and-steel
34.36419,36.80267,1,0.000,2.000,0.5027,0.0000,67945.2055,iron-and-steel
14.07423,101.84239,1,0.000,2.000,0.5027,3953.0479,62000.0000,iron-and-steel
13.27568,100.97054,1,0.000,2.000,0.5027,34873.4635,68369.8630,iron-and-steel
40.42728,29.27012,1,0.000,2.000,0.5027,37159.0877,62000.0000,iron-and-steel
37.01600,36.10769,3,1.254,3.254,4.9434,327343.7984,271780.8219,iron-and-steel
41.56564,32.42929,1,0.000,2.000,0.5027,178192.0173,84931.5068,iron-and-steel
24.56867,120.74052,1,0.000,2.000,0.5027,204644.0310,101917.8082,iron-and-steel
23.30098,120.27897,1,0.000,2.000,0.5027,359600.8281,84931.5068,iron-and-steel
0.61553,33.45805,1,0.000,2.000,0.5027,645505.4795,50958.9041,iron-and-steel
48.47134,38.77075,1,0.000,2.000,0.5027,1973720.5037,232372.6027,iron-and-steel
47.14028,37.59434,2,5.069,7.069,80.7169,972756.6562,365120.5479,iron-and-steel
48.48079,34.97810,1,0.000,2.000,0.5027,278318.3734,104465.7534,iron-and-steel
47.86430,35.15377,2,0.668,2.668,1.4034,2776703.3706,433320.5479,iron-and-steel
48.49313,35.09271,1,0.000,2.000,0.5027,29580.8725,112109.5890,iron-and-steel
48.22145,38.23268,1,0.000,2.000,0.5027,2001595.7131,280273.9726,iron-and-steel
47.98131,37.81006,1,0.000,2.000,0.5027,22409.7519,84931.5068,iron-and-steel
31.14951,-87.98219,3,0.801,2.801,2.0174,954102.8678,212329.7671,iron-and-steel
41.56834,-84.04804,2,0.083,2.083,0.5027,974014.5624,257683.1918,other-metals
45.22825,-123.16162,1,0.000,2.000,0.5027,54693.0977,73041.0959,iron-and-steel
40.84531,-79.92095,1,0.000,2.000,0.5027,51789.8975,77117.8082,iron-and-steel
39.97834,-75.82493,1,0.000,2.000,0.5027,45629.8656,67945.2055,iron-and-steel
40.78969,-82.52583,1,0.000,2.000,0.5027,84862.9945,46372.6027,iron-and-steel
33.28640,-111.58685,1,0.000,2.000,0.5027,50763.2255,75589.0411,iron-and-steel
35.97829,-83.95666,1,0.000,2.000,0.5027,31028.3086,46202.7397,iron-and-steel
34.24036,-84.79944,1,0.000,2.000,0.5027,51789.8975,77117.8082,iron-and-steel
35.30712,-94.37341,1,0.000,2.000,0.5027,74709.9929,42890.4110,iron-and-steel
35.72807,-88.80898,1,0.000,2.000,0.5027,35876.4818,53421.9178,iron-and-steel
41.51296,-87.61955,2,0.085,2.085,0.5027,74261.1031,61661.2740,iron-and-steel
40.77212,-81.41561,4,2.679,4.679,22.5497,1108802.8779,192406.4795,iron-and-steel
38.00425,-86.13310,2,1.344,3.344,5.6764,247539.8577,123151.6849,iron-and-steel
39.97679,-86.83008,1,0.000,2.000,0.5027,403441.0199,195682.1918,iron-and-steel
34.37578,-79.89521,1,0.000,2.000,0.5027,93686.6697,77287.6712,iron-and-steel
36.35341,-76.81205,1,0.000,2.000,0.5027,361041.1784,130964.3836,iron-and-steel
35.89957,-89.77617,1,0.000,2.000,0.5027,814692.7320,208082.1918,iron-and-steel
31.35174,-96.16538,1,0.000,2.000,0.5027,75529.9758,77032.8767,iron-and-steel
41.17318,-87.85651,2,1.383,3.383,6.0046,117191.9568,67436.6164,iron-and-steel
35.14344,-114.08876,1,0.000,2.000,0.5027,52628.3422,48580.8219,iron-and-steel
42.07848,-97.36201,1,0.000,2.000,0.5027,97739.1722,92405.4795,iron-and-steel
41.88272,-112.19696,1,0.000,2.000,0.5027,87524.9267,77117.8082,iron-and-steel
33.23500,-87.50812,1,0.000,2.000,0.5027,265223.5939,101917.8082,iron-and-steel
35.94308,-89.71559,1,0.000,2.000,0.5027,439239.7883,269572.6027,iron-and-steel
41.48256,-90.82039,1,0.000,2.000,0.5027,180009.8199,101917.8082,iron-and-steel
41.37055,-84.91876,1,0.000,2.000,0.5027,485958.0689,254794.5205,iron-and-steel
41.12163,-85.34459,1,0.000,2.000,0.5027,245260.5277,169863.0137,iron-and-steel
33.44841,-88.57337,1,0.000,2.000,0.5027,550752.4780,288767.1233,iron-and-steel
39.87548,-86.48531,1,0.000,2.000,0.5027,54185.4654,80684.9315,iron-and-steel
37.27375,-79.99747,1,0.000,2.000,0.5027,33652.0259,50109.5890,iron-and-steel
28.05864,-97.45305,1,0.000,2.000,0.5027,440925.9545,231183.5616,iron-and-steel
12.59939,107.94092,1,0.000,2.000,0.5027,462916.8229,42465.7534,iron-and-steel
22.30735,104.13019,1,0.000,2.000,0.5027,283360.5974,42465.7534,iron-and-steel
20.65142,106.44005,1,0.000,2.000,0.5027,128583.1293,67945.2055,iron-and-steel
21.73881,105.24555,1,0.000,2.000,0.5027,575232.2311,46712.3288,iron-and-steel
11.06281,106.62344,2,3.430,5.430,36.9669,198370.1817,50935.6988,iron-and-steel
11.11332,106.83344,1,0.000,2.000,0.5027,80364.4558,42465.7534,iron-and-steel
20.94627,106.02751,1,0.000,2.000,0.5027,25344.6921,46882.1918,iron-and-steel
20.90512,106.62907,1,0.000,2.000,0.5027,2869.6436,42465.7534,iron-and-steel
10.63683,106.51760,1,0.000,2.000,0.5027,346386.7018,101917.8082,iron-and-steel
-25.79315,29.49744,1,0.000,2.000,0.5027,109174.0000,72191.7808,iron-and-steel
-27.71570,30.00726,1,0.000,2.000,0.5027,1222626.6275,161284.9315,iron-and-steel
-26.66171,27.81697,1,0.000,2.000,0.5027,3090770.4725,285369.8630,iron-and-steel
-26.27879,28.16356,1,0.000,2.000,0.5027,45600.0000,50958.9041,iron-and-steel
-18.93948,30.60639,1,0.000,2.000,0.5027,0.0000,50958.9041,iron-and-steel
-27.45983,153.04386,1,0.000,2.000,0.5027,220015.1789,15244.2260,lime
50.16490,5.26800,1,0.000,2.000,0.5027,412999.9986,184179.6610,lime
43.36352,-79.85928,5,7.073,9.073,157.1790,522413.2095,72939.6062,other-manufacturing
51.41350,-98.76500,1,0.000,2.000,0.5027,109646.4998,18723.0248,lime
45.99756,-65.30631,1,0.000,2.000,0.5027,61840.4904,10559.7628,lime
49.19120,-122.66050,1,0.000,2.000,0.5027,56861.3649,9709.5370,lime
46.19820,-82.69890,1,0.000,2.000,0.5027,130217.9371,22235.7637,lime
50.81450,-121.64900,1,0.000,2.000,0.5027,58398.9502,9972.0921,lime
45.11230,-73.01290,1,0.000,2.000,0.5027,409709.0433,69961.1257,lime
45.62070,-71.60490,1,0.000,2.000,0.5027,183609.1101,31352.7374,lime
41.16763,80.26338,1,0.000,2.000,0.5027,524167.6485,68283.5156,lime
40.94171,80.12633,1,0.000,2.000,0.5027,268512.2854,34979.1959,lime
32.62527,119.12043,1,0.000,2.000,0.5027,268512.2854,34979.1959,lime
30.44063,117.60421,6,7.583,9.583,180.6405,1040225.5134,135510.5667,lime
32.68782,117.82500,2,0.000,2.000,0.5027,537024.5708,69958.3917,lime
30.69243,118.00884,17,11.633,13.633,425.1648,4277034.8174,557170.9255,lime
30.72311,118.23347,3,5.781,7.781,104.9981,1847443.6920,240667.1808,lime
31.83520,118.45594,1,0.000,2.000,0.5027,268512.2854,34979.1959,lime
30.22214,116.93242,1,0.000,2.000,0.5027,268512.2854,34979.1959,lime
30.35275,117.71551,1,0.000,2.000,0.5027,268512.2854,34979.1959,lime
31.28255,113.55602,1,0.000,2.000,0.5027,268512.2854,34979.1959,lime
42.74867,124.89701,2,1.152,3.152,4.1664,537024.5708,69958.3917,lime
26.25113,105.95330,1,0.000,2.000,0.5027,65520.9561,8535.4395,lime
36.08364,114.67638,1,0.000,2.000,0.5027,327604.7803,42677.1973,lime
35.84983,114.54379,1,0.000,2.000,0.5027,268512.2854,34979.1959,lime
29.07168,102.46503,1,0.000,2.000,0.5027,268512.2854,34979.1959,lime
25.72178,110.76782,3,0.000,2.000,0.5027,668066.4829,87029.2706,lime
24.67798,114.92619,1,0.000,2.000,0.5027,268512.2854,34979.1959,lime
34.44346,107.62101,2,0.000,2.000,0.5027,923721.8460,120333.5904,lime
34.64260,107.13237,1,0.000,2.000,0.5027,268512.2854,34979.1959,lime
47.58352,130.71163,1,0.000,2.000,0.5027,268512.2854,34979.1959,lime
47.69763,130.83456,1,0.000,2.000,0.5027,268512.2854,34979.1959,lime
30.82552,113.02627,8,7.322,9.322,168.4144,1759521.9765,229213.5860,lime
41.23081,124.48708,1,0.000,2.000,0.5027,268512.2854,34979.1959,lime
41.16922,125.19702,2,2.861,4.861,25.7136,537024.5708,69958.3917,lime
27.57983,105.61620,1,0.000,2.000,0.5027,131041.9121,17070.8789,lime
37.29865,117.60803,2,0.000,2.000,0.5027,537024.5708,69958.3917,lime
24.67621,116.82538,1,0.000,2.000,0.5027,1965628.6818,256063.1836,lime
39.95273,118.98296,1,0.000,2.000,0.5027,357744.4201,46603.4994,lime
25.02941,103.66683,1,0.000,2.000,0.5027,78625.1473,10242.5273,lime
43.42919,125.54529,2,0.000,2.000,0.5027,537024.5708,69958.3917,lime
28.00454,112.52571,1,0.000,2.000,0.5027,833426.5611,108570.7899,lime
29.18918,117.45901,1,0.000,2.000,0.5027,6552095.6061,853543.9454,lime
37.23428,103.87542,1,0.000,2.000,0.5027,268512.2854,34979.1959,lime
31.58595,120.92703,1,0.000,2.000,0.5027,268512.2854,34979.1959,lime
26.20239,106.47688,1,0.000,2.000,0.5027,268512.2854,34979.1959,lime
29.71517,118.33866,1,0.000,2.000,0.5027,45864.6692,5974.8076,lime
36.08769,113.07819,3,3.198,5.198,32.1373,668066.4829,87029.2706,lime
31.82383,119.36305,4,1.082,3.082,3.6806,838297.3342,109205.3073,lime
31.59294,119.44735,1,0.000,2.000,0.5027,268512.2854,34979.1959,lime
31.60009,120.06566,1,0.000,2.000,0.5027,268512.2854,34979.1959,lime
31.27054,117.33465,1,0.000,2.000,0.5027,196562.8682,25606.3184,lime
41.19716,119.61222,1,0.000,2.000,0.5027,65520.9561,8535.4395,lime
41.34706,119.85805,1,0.000,2.000,0.5027,268512.2854,34979.1959,lime
40.93883,119.58448,1,0.000,2.000,0.5027,196562.8682,25606.3184,lime
40.78710,118.32849,4,6.708,8.708,141.3453,949682.9595,123715.5544,lime
40.88075,118.62430,1,0.000,2.000,0.5027,268512.2854,34979.1959,lime
31.06426,103.90045,3,3.550,5.550,39.5896,4160624.6757,302193.8077,oil-and-gas-refining
24.68797,102.98545,1,0.000,2.000,0.5027,167406.0427,21808.0478,lime
34.94197,115.90802,1,0.000,2.000,0.5027,268512.2854,34979.1959,lime
34.68637,116.27630,1,0.000,2.000,0.5027,268512.2854,34979.1959,lime
27.87787,110.20621,1,0.000,2.000,0.5027,77052.6443,10037.6768,lime
29.56727,113.71766,2,0.109,2.109,0.5027,537024.5708,69958.3917,lime
41.85605,119.07995,1,0.000,2.000,0.5027,268512.2854,34979.1959,lime
42.00509,119.08571,3,1.092,3.092,3.7464,805536.8562,104937.5876,lime
30.34654,117.61723,1,0.000,2.000,0.5027,163802.3902,21338.5986,lime
30.51542,117.74280,4,0.000,2.000,0.5027,903818.2903,117740.7467,lime
29.60675,106.11826,1,0.000,2.000,0.5027,655209.5606,85354.3945,lime
29.89118,108.25859,1,0.000,2.000,0.5027,268512.2854,34979.1959,lime
31.37987,108.49363,1,0.000,2.000,0.5027,33415.6876,4353.0741,lime
29.46928,106.23509,1,0.000,2.000,0.5027,268512.2854,34979.1959,lime
29.02299,106.65623,1,0.000,2.000,0.5027,268512.2854,34979.1959,lime
28.74189,106.81735,2,3.299,5.299,34.1980,537024.5708,69958.3917,lime
30.74003,103.53481,1,0.000,2.000,0.5027,268512.2854,34979.1959,lime
27.93398,108.25018,1,0.000,2.000,0.5027,268512.2854,34979.1959,lime
26.11045,117.80134,3,3.623,5.623,41.2364,684446.7219,89163.1305,lime
27.35996,105.55201,1,0.000,2.000,0.5027,32760.4780,4267.7197,lime
39.35735,121.83144,1,0.000,2.000,0.5027,268512.2854,34979.1959,lime
26.53839,99.58169,1,0.000,2.000,0.5027,268512.2854,34979.1959,lime
31.09816,107.57253,1,0.000,2.000,0.5027,98281.4341,12803.1592,lime
29.30774,115.76014,1,0.000,2.000,0.5027,268512.2854,34979.1959,lime
26.46912,103.96236,1,0.000,2.000,0.5027,65520.9561,8535.4395,lime
25.44861,118.29958,1,0.000,2.000,0.5027,268512.2854,34979.1959,lime
28.99427,117.54763,1,0.000,2.000,0.5027,268512.2854,34979.1959,lime
23.95755,103.36278,1,0.000,2.000,0.5027,65520.9561,8535.4395,lime
32.47007,117.16138,1,0.000,2.000,0.5027,268512.2854,34979.1959,lime
32.31001,117.39169,1,0.000,2.000,0.5027,268512.2854,34979.1959,lime
19.04713,108.94526,2,0.000,2.000,0.5027,303893.6017,39588.3332,lime
36.86360,115.32911,2,0.000,2.000,0.5027,537024.5708,69958.3917,lime
36.11512,116.16033,3,3.056,5.056,29.3411,805536.8562,104937.5876,lime
35.95127,116.26410,1,0.000,2.000,0.5027,268512.2854,34979.1959,lime
28.27322,112.48261,2,0.000,2.000,0.5027,537024.5708,69958.3917,lime
22.18294,112.30532,1,0.000,2.000,0.5027,268512.2854,34979.1959,lime
30.52503,109.65959,2,0.000,2.000,0.5027,281616.4766,36686.2837,lime
40.92683,124.22878,1,0.000,2.000,0.5027,268512.2854,34979.1959,lime
29.69841,107.92214,1,0.000,2.000,0.5027,268512.2854,34979.1959,lime
37.29694,111.59827,1,0.000,2.000,0.5027,524167.6485,68283.5156,lime
26.36372,119.42881,1,0.000,2.000,0.5027,268512.2854,34979.1959,lime
25.76059,117.15590,2,1.265,3.265,5.0294,537024.5708,69958.3917,lime
40.06743,119.49346,1,0.000,2.000,0.5027,268512.2854,34979.1959,lime
34.84847,109.14539,3,2.008,4.008,12.6663,805536.8562,104937.5876,lime
41.30835,124.73506,2,1.686,3.686,8.9286,465075.1536,60585.5142,lime
26.58445,107.40915,1,0.000,2.000,0.5027,268512.2854,34979.1959,lime
42.37848,121.61702,1,0.000,2.000,0.5027,655209.5606,85354.3945,lime
26.85682,107.46897,1,0.000,2.000,0.5027,268512.2854,34979.1959,lime
34.62188,108.31386,1,0.000,2.000,0.5027,268512.2854,34979.1959,lime
34.76901,105.35071,1,0.000,2.000,0.5027,78625.1473,10242.5273,lime
35.06774,107.61456,1,0.000,2.000,0.5027,268512.2854,34979.1959,lime
28.32002,115.37898,5,2.896,4.896,26.3503,1336132.9659,174058.5412,lime
28.06927,115.11698,1,0.000,2.000,0.5027,65520.9561,8535.4395,lime
35.87161,112.71274,1,0.000,2.000,0.5027,65520.9561,8535.4395,lime
28.48483,104.52628,1,0.000,2.000,0.5027,268512.2854,34979.1959,lime
29.22704,103.25973,1,0.000,2.000,0.5027,196562.8682,25606.3184,lime
23.45683,99.57021,1,0.000,2.000,0.5027,268512.2854,34979.1959,lime
23.53786,99.39767,1,0.000,2.000,0.5027,268512.2854,34979.1959,lime
27.19975,99.87740,1,0.000,2.000,0.5027,268512.2854,34979.1959,lime
34.59998,113.02082,1,0.000,2.000,0.5027,268512.2854,34979.1959,lime
30.95034,119.17953,1,0.000,2.000,0.5027,262083.8242,34141.7578,lime
24.14221,112.92130,1,0.000,2.000,0.5027,268512.2854,34979.1959,lime
22.53082,110.45667,1,0.000,2.000,0.5027,268512.2854,34979.1959,lime
23.41137,109.16672,1,0.000,2.000,0.5027,687970.0386,89622.1143,lime
23.23748,109.33464,1,0.000,2.000,0.5027,13104191.2121,1707087.8908,lime
22.40433,107.66864,1,0.000,2.000,0.5027,268512.2854,34979.1959,lime
22.35273,106.94972,1,0.000,2.000,0.5027,655209.5606,85354.3945,lime
25.31801,107.37732,1,0.000,2.000,0.5027,268512.2854,34979.1959,lime
23.42868,107.48250,2,0.750,2.750,1.7691,327604.7803,42677.1973,lime
22.65627,108.23658,1,0.000,2.000,0.5027,131041.9121,17070.8789,lime
23.57305,107.19491,1,0.000,2.000,0.5027,268512.2854,34979.1959,lime
24.26140,109.29211,4,0.000,2.000,0.5027,386450.0063,50342.9869,lime
22.29619,111.42531,1,0.000,2.000,0.5027,268512.2854,34979.1959,lime
22.85264,109.47139,1,0.000,2.000,0.5027,268512.2854,34979.1959,lime
29.28946,120.24191,1,0.000,2.000,0.5027,268512.2854,34979.1959,lime
26.88761,106.40222,1,0.000,2.000,0.5027,262083.8242,34141.7578,lime
26.67997,105.66039,1,0.000,2.000,0.5027,294844.3023,38409.4775,lime
26.45677,107.10163,1,0.000,2.000,0.5027,268512.2854,34979.1959,lime
25.82933,105.90310,1,0.000,2.000,0.5027,268512.2854,34979.1959,lime
26.22932,105.37914,1,0.000,2.000,0.5027,78625.1473,10242.5273,lime
37.43347,102.89267,1,0.000,2.000,0.5027,163802.3902,21338.5986,lime
36.30870,111.96432,1,0.000,2.000,0.5027,268512.2854,34979.1959,lime
42.54255,86.56149,1,0.000,2.000,0.5027,268512.2854,34979.1959,lime
39.90421,116.40739,1,0.000,2.000,0.5027,104833.5297,13656.7031,lime
29.33224,119.18465,2,0.000,2.000,0.5027,537024.5708,69958.3917,lime
31.70462,118.11729,2,1.143,3.143,4.1011,537024.5708,69958.3917,lime
33.04479,106.81636,1,0.000,2.000,0.5027,268512.2854,34979.1959,lime
45.34945,127.09387,2,0.281,2.281,0.5027,537024.5708,69958.3917,lime
48.67322,121.79774,1,0.000,2.000,0.5027,268512.2854,34979.1959,lime
45.45337,127.01236,1,0.000,2.000,0.5027,268512.2854,34979.1959,lime
38.97700,115.04908,2,2.110,4.110,13.9887,740263.1690,96434.3599,lime
38.06755,113.92657,1,0.000,2.000,0.5027,268512.2854,34979.1959,lime
38.48777,114.20355,4,3.838,5.838,46.2800,543700.3009,70828.0416,lime
37.95823,114.03482,6,3.640,5.640,41.6164,1611073.7124,209875.1751,lime
35.62531,114.33911,2,1.686,3.686,8.9342,537024.5708,69958.3917,lime
35.75986,114.48066,4,1.519,3.519,7.2461,772900.0126,100685.9737,lime
46.46402,132.96685,1,0.000,2.000,0.5027,268512.2854,34979.1959,lime
47.15517,123.82234,1,0.000,2.000,0.5027,268512.2854,34979.1959,lime
34.19414,112.21012,3,4.281,6.281,57.5865,543576.6664,70811.9357,lime
27.09193,104.69190,1,0.000,2.000,0.5027,268512.2854,34979.1959,lime
24.51634,111.47503,1,0.000,2.000,0.5027,268635.9198,34995.3018,lime
35.70296,111.71582,1,0.000,2.000,0.5027,268512.2854,34979.1959,lime
27.24746,109.87676,1,0.000,2.000,0.5027,23587.5442,3072.7582,lime
43.20915,126.52654,1,0.000,2.000,0.5027,196562.8682,25606.3184,lime
38.25264,114.05228,1,0.000,2.000,0.5027,268512.2854,34979.1959,lime
30.05386,115.99826,1,0.000,2.000,0.5027,268512.2854,34979.1959,lime
24.77436,108.12093,1,0.000,2.000,0.5027,268512.2854,34979.1959,lime
38.62423,100.36759,1,0.000,2.000,0.5027,268512.2854,34979.1959,lime
31.73330,111.79450,2,3.367,5.367,35.6053,537024.5708,69958.3917,lime
32.18959,119.42500,2,0.000,2.000,0.5027,727282.6123,94743.3779,lime
29.55157,108.95786,1,0.000,2.000,0.5027,327604.7803,42677.1973,lime
31.09683,112.35951,3,2.966,4.966,27.6404,1244898.1652,162173.3496,lime
31.97769,111.76977,1,0.000,2.000,0.5027,196562.8682,25606.3184,lime
35.95068,113.25603,1,0.000,2.000,0.5027,196562.8682,25606.3184,lime
37.28163,117.52008,2,1.329,3.329,5.5522,269314.2619,35083.6696,lime
26.12025,106.65115,1,0.000,2.000,0.5027,268512.2854,34979.1959,lime
26.21375,106.68315,1,0.000,2.000,0.5027,268512.2854,34979.1959,lime
23.86483,109.10984,1,0.000,2.000,0.5027,268512.2854,34979.1959,lime
26.40815,103.28596,2,2.902,4.902,26.4558,537024.5708,69958.3917,lime
26.52378,103.20335,1,0.000,2.000,0.5027,268512.2854,34979.1959,lime
27.21657,113.56449,1,0.000,2.000,0.5027,268512.2854,34979.1959,lime
25.30749,112.51637,2,3.226,5.226,32.6876,334033.2415,43514.6353,lime
27.27069,111.80878,1,0.000,2.000,0.5027,268512.2854,34979.1959,lime
26.65915,112.09918,1,0.000,2.000,0.5027,196562.8682,25606.3184,lime
33.96828,113.16307,1,0.000,2.000,0.5027,65520.9561,8535.4395,lime
25.57246,112.34654,1,0.000,2.000,0.5027,268512.2854,34979.1959,lime
40.62955,119.34421,1,0.000,2.000,0.5027,268512.2854,34979.1959,lime
29.57523,119.32010,1,0.000,2.000,0.5027,4586.4669,597.4808,lime
24.19846,102.81060,3,5.782,7.782,105.0348,589441.3357,76786.7433,lime
33.97479,118.89251,1,0.000,2.000,0.5027,268512.2854,34979.1959,lime
35.51202,111.55722,3,8.621,10.621,233.4661,484731.4404,63146.1461,lime
35.60687,111.71376,3,5.579,7.579,97.7903,858200.8900,111798.1509,lime
35.39227,111.42770,3,2.970,4.970,27.7089,753243.7258,98125.3419,lime
28.45671,118.32042,1,0.000,2.000,0.5027,982814.3409,128031.5918,lime
28.16064,115.17943,3,4.028,6.028,50.9718,544887.0855,70982.6444,lime
29.06271,117.14356,10,11.069,13.069,384.9115,1892813.8235,246577.5648,lime
28.19344,117.74392,6,8.045,10.045,203.3473,786127.8383,102409.1675,lime
24.65757,114.79807,2,0.000,2.000,0.5027,410037.5505,53415.7451,lime
30.48183,114.32123,1,0.000,2.000,0.5027,13104.1912,1707.0879,lime
30.62414,120.44543,1,0.000,2.000,0.5027,268512.2854,34979.1959,lime
43.39046,125.73235,1,0.000,2.000,0.5027,268512.2854,34979.1959,lime
36.31542,117.79557,1,0.000,2.000,0.5027,268512.2854,34979.1959,lime
35.33667,107.72717,1,0.000,2.000,0.5027,163802.3902,21338.5986,lime
23.32911,100.96539,1,0.000,2.000,0.5027,268512.2854,34979.1959,lime
38.34700,111.91848,1,0.000,2.000,0.5027,268512.2854,34979.1959,lime
30.81917,112.89251,1,0.000,2.000,0.5027,268512.2854,34979.1959,lime
30.84799,113.19954,1,0.000,2.000,0.5027,268512.2854,34979.1959,lime
30.92254,113.22465,1,0.000,2.000,0.5027,268512.2854,34979.1959,lime
38.15691,114.03607,1,0.000,2.000,0.5027,39312.5736,5121.2637,lime
27.40217,112.39482,1,0.000,2.000,0.5027,5241.6765,682.8352,lime
27.39579,106.43397,1,0.000,2.000,0.5027,268512.2854,34979.1959,lime
42.70742,124.95852,1,0.000,2.000,0.5027,45864.6692,5974.8076,lime
35.63576,110.88341,1,0.000,2.000,0.5027,268512.2854,34979.1959,lime
29.49479,115.70796,1,0.000,2.000,0.5027,268512.2854,34979.1959,lime
29.24307,114.76958,3,6.496,8.496,132.5662,654962.2917,85322.1827,lime
35.81551,118.91114,1,0.000,2.000,0.5027,131041.9121,17070.8789,lime
35.27761,116.17983,1,0.000,2.000,0.5027,268512.2854,34979.1959,lime
30.31541,102.24587,1,0.000,2.000,0.5027,268512.2854,34979.1959,lime
41.24196,119.81931,1,0.000,2.000,0.5027,19656.2868,2560.6318,lime
39.71610,76.16839,1,0.000,2.000,0.5027,268512.2854,34979.1959,lime
40.55899,124.84522,1,0.000,2.000,0.5027,268512.2854,34979.1959,lime
42.51589,121.20837,1,0.000,2.000,0.5027,655209.5606,85354.3945,lime
29.41282,109.35610,1,0.000,2.000,0.5027,131041.9121,17070.8789,lime
39.44940,114.60520,1,0.000,2.000,0.5027,268512.2854,34979.1959,lime
22.82548,99.75376,2,3.212,5.212,32.4191,537024.5708,69958.3917,lime
35.03749,118.07585,1,0.000,2.000,0.5027,268512.2854,34979.1959,lime
31.18045,89.03277,2,0.000,2.000,0.5027,537024.5708,69958.3917,lime
34.88291,118.16800,2,1.079,3.079,3.6600,537024.5708,69958.3917,lime
32.59770,111.70232,1,0.000,2.000,0.5027,268512.2854,34979.1959,lime
25.16991,113.00569,1,0.000,2.000,0.5027,268512.2854,34979.1959,lime
28.30785,103.62007,1,0.000,2.000,0.5027,268512.2854,34979.1959,lime
35.27486,110.98522,3,3.236,5.236,32.8947,357089.2105,46518.1450,lime
27.66727,111.59466,2,0.917,2.917,2.6438,150698.1989,19631.5107,lime
29.00010,117.32188,4,3.732,5.732,43.7586,903818.2903,117740.7467,lime
28.96173,117.12900,1,0.000,2.000,0.5027,786251.4727,102425.2734,lime
40.10195,117.35982,1,0.000,2.000,0.5027,58968.8605,7681.8955,lime
40.98246,122.63276,1,0.000,2.000,0.5027,478302.9792,62308.7080,lime
30.39077,108.81698,1,0.000,2.000,0.5027,268512.2854,34979.1959,lime
34.31165,110.64021,1,0.000,2.000,0.5027,268512.2854,34979.1959,lime
35.72485,113.25855,1,0.000,2.000,0.5027,65520.9561,8535.4395,lime
38.50409,114.42663,1,0.000,2.000,0.5027,268512.2854,34979.1959,lime
41.11494,119.39183,5,2.247,4.247,15.8631,1342561.4270,174895.9793,lime
40.93917,119.48882,1,0.000,2.000,0.5027,268512.2854,34979.1959,lime
29.58547,111.63442,1,0.000,2.000,0.5027,268512.2854,34979.1959,lime
25.20795,112.58646,1,0.000,2.000,0.5027,268512.2854,34979.1959,lime
24.44757,110.44912,2,0.000,2.000,0.5027,537024.5708,69958.3917,lime
43.25935,124.69812,1,0.000,2.000,0.5027,268512.2854,34979.1959,lime
42.28285,126.04696,1,0.000,2.000,0.5027,262083.8242,34141.7578,lime
24.11709,109.21848,1,0.000,2.000,0.5027,268512.2854,34979.1959,lime
24.64776,109.70269,1,0.000,2.000,0.5027,281740.1111,36702.3897,lime
25.10393,105.19515,1,0.000,2.000,0.5027,268512.2854,34979.1959,lime
41.31381,117.73897,1,0.000,2.000,0.5027,268512.2854,34979.1959,lime
24.59454,114.70627,1,0.000,2.000,0.5027,268512.2854,34979.1959,lime
24.92766,116.96547,4,7.612,9.612,182.0331,860574.4593,112107.3567,lime
24.72303,116.73202,1,0.000,2.000,0.5027,268512.2854,34979.1959,lime
24.90415,116.84362,1,0.000,2.000,0.5027,268512.2854,34979.1959,lime
29.78620,102.22752,1,0.000,2.000,0.5027,98281.4341,12803.1592,lime
25.12202,103.74807,1,0.000,2.000,0.5027,131041.9121,17070.8789,lime
37.72603,111.11683,1,0.000,2.000,0.5027,268512.2854,34979.1959,lime
25.15556,104.10369,1,0.000,2.000,0.5027,268512.2854,34979.1959,lime
34.41599,112.22863,3,3.009,5.009,28.4433,602545.5269,78493.8312,lime
34.85553,112.01855,1,0.000,2.000,0.5027,262083.8242,34141.7578,lime
24.33125,98.39268,1,0.000,2.000,0.5027,268512.2854,34979.1959,lime
24.20184,98.19239,1,0.000,2.000,0.5027,268512.2854,34979.1959,lime
21.85138,100.92293,1,0.000,2.000,0.5027,268512.2854,34979.1959,lime
31.60330,104.21464,1,0.000,2.000,0.5027,65520.9561,8535.4395,lime
31.59903,104.69057,1,0.000,2.000,0.5027,268512.2854,34979.1959,lime
26.30993,117.42052,1,0.000,2.000,0.5027,268512.2854,34979.1959,lime
45.50619,132.28790,1,0.000,2.000,0.5027,268512.2854,34979.1959,lime
32.10006,120.65490,1,0.000,2.000,0.5027,268512.2854,34979.1959,lime
32.73697,120.77487,1,0.000,2.000,0.5027,268512.2854,34979.1959,lime
33.01570,111.74865,1,0.000,2.000,0.5027,268512.2854,34979.1959,lime
32.95265,111.84463,2,0.000,2.000,0.5027,386450.0063,50342.9869,lime
26.34839,116.85087,1,0.000,2.000,0.5027,268512.2854,34979.1959,lime
26.26178,116.65443,1,0.000,2.000,0.5027,268512.2854,34979.1959,lime
37.47162,105.43648,1,0.000,2.000,0.5027,268512.2854,34979.1959,lime
36.34785,106.11185,1,0.000,2.000,0.5027,268512.2854,34979.1959,lime
37.78294,107.40789,1,0.000,2.000,0.5027,268512.2854,34979.1959,lime
31.13049,103.99865,2,3.707,5.707,43.1661,537024.5708,69958.3917,lime
34.84949,110.99587,1,0.000,2.000,0.5027,268512.2854,34979.1959,lime
34.83397,111.36375,1,0.000,2.000,0.5027,268512.2854,34979.1959,lime
40.96774,118.85405,1,0.000,2.000,0.5027,268512.2854,34979.1959,lime
34.92597,109.57650,2,4.023,6.023,50.8543,366793.7195,47782.3550,lime
26.62030,112.20484,1,0.000,2.000,0.5027,268512.2854,34979.1959,lime
36.45090,116.53621,1,0.000,2.000,0.5027,268512.2854,34979.1959,lime
35.70412,119.78675,1,0.000,2.000,0.5027,262083.8242,34141.7578,lime
36.69493,101.88523,1,0.000,2.000,0.5027,268512.2854,34979.1959,lime
23.87644,112.87512,1,0.000,2.000,0.5027,98281.4341,12803.1592,lime
22.56273,114.17069,1,0.000,2.000,0.5027,131041.9121,17070.8789,lime
36.65464,118.29468,3,6.839,8.839,146.9194,668066.4829,87029.2706,lime
36.67746,118.42624,3,0.068,2.068,0.5027,733587.4390,95564.7101,lime
39.83579,119.18098,1,0.000,2.000,0.5027,327604.7803,42677.1973,lime
28.14689,112.22235,1,0.000,2.000,0.5027,268512.2854,34979.1959,lime
25.50401,103.16699,1,0.000,2.000,0.5027,268512.2854,34979.1959,lime
38.69430,114.70581,4,1.056,3.056,3.5001,1074049.1416,139916.7834,lime
25.09818,113.68209,1,0.000,2.000,0.5027,268512.2854,34979.1959,lime
35.74584,119.20671,1,0.000,2.000,0.5027,268512.2854,34979.1959,lime
22.13625,110.06386,1,0.000,2.000,0.5027,180837.8387,23557.8129,lime
34.76499,110.65125,1,0.000,2.000,0.5027,268512.2854,34979.1959,lime
24.98055,98.49600,1,0.000,2.000,0.5027,268512.2854,34979.1959,lime
24.75575,113.31385,1,0.000,2.000,0.5027,131041.9121,17070.8789,lime
39.38532,117.07655,1,0.000,2.000,0.5027,131041.9121,17070.8789,lime
22.40280,113.15171,1,0.000,2.000,0.5027,268512.2854,34979.1959,lime
34.96992,109.45319,1,0.000,2.000,0.5027,196562.8682,25606.3184,lime
37.84580,76.04448,1,0.000,2.000,0.5027,65520.9561,8535.4395,lime
38.67872,100.78771,1,0.000,2.000,0.5027,268512.2854,34979.1959,lime
37.50362,117.72558,1,0.000,2.000,0.5027,268512.2854,34979.1959,lime
36.11332,118.06228,1,0.000,2.000,0.5027,268512.2854,34979.1959,lime
35.71527,118.18468,1,0.000,2.000,0.5027,268512.2854,34979.1959,lime
35.78036,118.13260,1,0.000,2.000,0.5027,32760.4780,4267.7197,lime
35.41155,118.40107,1,0.000,2.000,0.5027,1965628.6818,256063.1836,lime
36.56044,116.09658,1,0.000,2.000,0.5027,268512.2854,34979.1959,lime
41.42499,113.53182,1,0.000,2.000,0.5027,1572.5029,204.8505,lime
28.19771,114.90495,1,0.000,2.000,0.5027,6552.0956,853.5439,lime
28.09011,114.92063,1,0.000,2.000,0.5027,157250.2945,20485.0547,lime
30.71167,119.53068,1,0.000,2.000,0.5027,131041.9121,17070.8789,lime
45.42959,127.90140,1,0.000,2.000,0.5027,268512.2854,34979.1959,lime
39.47440,112.81237,3,3.180,5.180,31.7670,517491.9184,67413.8658,lime
38.07679,112.47950,1,0.000,2.000,0.5027,268512.2854,34979.1959,lime
36.08037,111.66566,1,0.000,2.000,0.5027,268512.2854,34979.1959,lime
32.99452,106.12353,1,0.000,2.000,0.5027,98281.4341,12803.1592,lime
25.80672,113.81971,1,0.000,2.000,0.5027,268512.2854,34979.1959,lime
37.87037,114.76416,1,0.000,2.000,0.5027,268512.2854,34979.1959,lime
36.95106,111.00827,1,0.000,2.000,0.5027,268512.2854,34979.1959,lime
22.58303,109.50896,1,0.000,2.000,0.5027,268512.2854,34979.1959,lime
24.92882,103.89690,1,0.000,2.000,0.5027,268512.2854,34979.1959,lime
32.82843,109.52172,1,0.000,2.000,0.5027,163802.3902,21338.5986,lime
44.86476,82.33535,1,0.000,2.000,0.5027,393125.7364,51212.6367,lime
22.15850,107.81337,1,0.000,2.000,0.5027,268512.2854,34979.1959,lime
34.12301,112.07295,1,0.000,2.000,0.5027,268512.2854,34979.1959,lime
30.09558,111.40761,1,0.000,2.000,0.5027,655209.5606,85354.3945,lime
29.98287,111.61978,1,0.000,2.000,0.5027,268512.2854,34979.1959,lime
31.51914,121.03637,1,0.000,2.000,0.5027,268512.2854,34979.1959,lime
29.10467,121.39568,1,0.000,2.000,0.5027,176906.5814,23045.6865,lime
28.17939,114.98537,1,0.000,2.000,0.5027,268512.2854,34979.1959,lime
23.94807,115.53433,2,0.755,2.755,1.7917,537024.5708,69958.3917,lime
34.93131,117.22125,1,0.000,2.000,0.5027,268512.2854,34979.1959,lime
23.46805,107.01982,1,0.000,2.000,0.5027,98281.4341,12803.1592,lime
39.88673,117.32919,1,0.000,2.000,0.5027,268512.2854,34979.1959,lime
29.75456,88.54597,1,0.000,2.000,0.5027,196562.8682,25606.3184,lime
36.86373,109.32897,1,0.000,2.000,0.5027,268512.2854,34979.1959,lime
41.77261,121.29896,1,0.000,2.000,0.5027,196562.8682,25606.3184,lime
30.95223,117.95556,1,0.000,2.000,0.5027,268512.2854,34979.1959,lime
29.59580,114.43686,1,0.000,2.000,0.5027,268512.2854,34979.1959,lime
29.57058,114.35529,1,0.000,2.000,0.5027,191321.1917,24923.4832,lime
29.57089,114.59877,1,0.000,2.000,0.5027,268512.2854,34979.1959,lime
19.40434,110.13614,1,0.000,2.000,0.5027,268512.2854,34979.1959,lime
19.50369,110.18394,1,0.000,2.000,0.5027,268512.2854,34979.1959,lime
43.50358,129.66641,1,0.000,2.000,0.5027,268512.2854,34979.1959,lime
28.72910,117.16005,1,0.000,2.000,0.5027,268512.2854,34979.1959,lime
40.79032,114.52118,1,0.000,2.000,0.5027,268512.2854,34979.1959,lime
35.41534,110.83781,1,0.000,2.000,0.5027,98281.4341,12803.1592,lime
36.51593,118.53197,1,0.000,2.000,0.5027,268512.2854,34979.1959,lime
26.19045,115.91717,1,0.000,2.000,0.5027,268512.2854,34979.1959,lime
27.05706,107.47751,1,0.000,2.000,0.5027,268512.2854,34979.1959,lime
35.37696,111.20290,3,6.337,8.337,126.1593,805784.1251,104969.7994,lime
38.69102,113.02431,1,0.000,2.000,0.5027,268512.2854,34979.1959,lime
31.53871,120.55225,1,0.000,2.000,0.5027,786251.4727,102425.2734,lime
35.84073,111.23510,2,2.626,4.626,21.6662,386450.0063,50342.9869,lime
27.82121,112.71712,1,0.000,2.000,0.5027,268512.2854,34979.1959,lime
27.68607,112.74765,1,0.000,2.000,0.5027,268512.2854,34979.1959,lime
24.18766,113.83516,2,3.920,5.920,48.2748,537024.5708,69958.3917,lime
25.46293,100.55576,2,2.166,4.166,14.7441,727158.9778,94727.2720,lime
29.65580,114.10490,1,0.000,2.000,0.5027,268512.2854,34979.1959,lime
33.19907,111.09808,1,0.000,2.000,0.5027,268512.2854,34979.1959,lime
24.16435,113.95646,1,0.000,2.000,0.5027,268512.2854,34979.1959,lime
29.86162,111.50490,1,0.000,2.000,0.5027,268512.2854,34979.1959,lime
38.36204,112.71661,1,0.000,2.000,0.5027,268512.2854,34979.1959,lime
23.99534,112.28776,1,0.000,2.000,0.5027,268512.2854,34979.1959,lime
40.63177,120.69189,1,0.000,2.000,0.5027,119575.7448,15577.1770,lime
40.78540,120.56090,1,0.000,2.000,0.5027,268512.2854,34979.1959,lime
32.77754,120.20038,1,0.000,2.000,0.5027,268512.2854,34979.1959,lime
40.65832,118.04388,1,0.000,2.000,0.5027,268512.2854,34979.1959,lime
25.58757,105.21462,1,0.000,2.000,0.5027,106143.9488,13827.4119,lime
26.31399,104.39427,1,0.000,2.000,0.5027,47830.2979,6230.8708,lime
28.23796,104.97404,1,0.000,2.000,0.5027,196562.8682,25606.3184,lime
39.87181,79.08343,1,0.000,2.000,0.5027,268512.2854,34979.1959,lime
37.85887,115.31206,2,0.396,2.396,0.5027,131041.9121,17070.8789,lime
25.54397,117.22764,1,0.000,2.000,0.5027,268512.2854,34979.1959,lime
25.73653,112.33299,1,0.000,2.000,0.5027,52416.7648,6828.3516,lime
28.74933,109.28096,1,0.000,2.000,0.5027,340708.9715,44384.2852,lime
37.68038,113.75579,1,0.000,2.000,0.5027,268512.2854,34979.1959,lime
37.38162,113.77353,1,0.000,2.000,0.5027,268512.2854,34979.1959,lime
37.59513,113.96223,1,0.000,2.000,0.5027,268512.2854,34979.1959,lime
37.37247,113.91317,2,0.000,2.000,0.5027,530596.1096,69120.9537,lime
37.68777,113.90752,1,0.000,2.000,0.5027,268512.2854,34979.1959,lime
30.64896,118.36565,2,0.000,2.000,0.5027,330757.1937,43087.8633,lime
33.67515,119.89474,1,0.000,2.000,0.5027,268512.2854,34979.1959,lime
35.33341,112.52456,3,3.158,5.158,31.3407,576337.1444,75079.6554,lime
22.06150,111.78062,1,0.000,2.000,0.5027,268512.2854,34979.1959,lime
21.63742,109.81205,1,0.000,2.000,0.5027,268512.2854,34979.1959,lime
37.96471,113.78757,1,0.000,2.000,0.5027,281740.1111,36702.3897,lime
37.91909,113.91947,1,0.000,2.000,0.5027,157250.2945,20485.0547,lime
24.79705,112.38179,1,0.000,2.000,0.5027,268512.2854,34979.1959,lime
22.28280,112.66838,2,0.000,2.000,0.5027,281740.1111,36702.3897,lime
40.03086,114.38225,1,0.000,2.000,0.5027,327604.7803,42677.1973,lime
24.47133,112.63796,1,0.000,2.000,0.5027,268512.2854,34979.1959,lime
29.42426,103.29635,1,0.000,2.000,0.5027,268512.2854,34979.1959,lime
30.41810,111.51385,1,0.000,2.000,0.5027,268512.2854,34979.1959,lime
28.36286,115.16252,1,0.000,2.000,0.5027,268512.2854,34979.1959,lime
30.31671,111.40141,1,0.000,2.000,0.5027,268512.2854,34979.1959,lime
24.81801,102.22753,2,0.006,2.006,0.5027,530596.1096,69120.9537,lime
34.44951,110.87133,1,0.000,2.000,0.5027,268512.2854,34979.1959,lime
36.03897,118.89291,1,0.000,2.000,0.5027,268512.2854,34979.1959,lime
35.95927,118.35986,1,0.000,2.000,0.5027,268512.2854,34979.1959,lime
35.92375,118.47479,1,0.000,2.000,0.5027,196562.8682,25606.3184,lime
38.94807,114.96262,1,0.000,2.000,0.5027,268512.2854,34979.1959,lime
39.13085,115.29804,1,0.000,2.000,0.5027,268512.2854,34979.1959,lime
40.19188,114.35267,1,0.000,2.000,0.5027,131041.9121,17070.8789,lime
25.40707,112.90288,1,0.000,2.000,0.5027,268512.2854,34979.1959,lime
25.35614,112.77971,1,0.000,2.000,0.5027,268512.2854,34979.1959,lime
25.28925,118.37360,1,0.000,2.000,0.5027,268512.2854,34979.1959,lime
36.27400,103.59655,1,0.000,2.000,0.5027,52416.7648,6828.3516,lime
36.76800,103.45059,1,0.000,2.000,0.5027,268512.2854,34979.1959,lime
36.74969,102.93886,2,0.000,2.000,0.5027,661638.0218,86191.8326,lime
36.96502,103.35512,1,0.000,2.000,0.5027,268512.2854,34979.1959,lime
24.02319,99.34544,1,0.000,2.000,0.5027,268512.2854,34979.1959,lime
45.20652,130.41667,2,2.951,4.951,27.3584,537024.5708,69958.3917,lime
45.39294,127.20605,1,0.000,2.000,0.5027,268512.2854,34979.1959,lime
38.92601,112.62153,2,0.000,2.000,0.5027,334033.2415,43514.6353,lime
35.18498,111.76286,1,0.000,2.000,0.5027,268512.2854,34979.1959,lime
25.99302,115.66766,1,0.000,2.000,0.5027,15725.0295,2048.5055,lime
40.10550,118.27364,1,0.000,2.000,0.5027,268512.2854,34979.1959,lime
40.29176,97.04542,1,0.000,2.000,0.5027,268512.2854,34979.1959,lime
22.48000,112.57000,1,0.000,2.000,0.5027,131041.9121,17070.8789,lime
38.06157,113.29849,1,0.000,2.000,0.5027,268512.2854,34979.1959,lime
46.71014,122.37036,2,3.318,5.318,34.5769,596117.0657,77656.3931,lime
46.73393,122.93374,1,0.000,2.000,0.5027,16380.2390,2133.8599,lime
21.32233,110.32605,1,0.000,2.000,0.5027,655209.5606,85354.3945,lime
27.30477,107.74152,1,0.000,2.000,0.5027,268512.2854,34979.1959,lime
22.89241,112.60690,1,0.000,2.000,0.5027,268512.2854,34979.1959,lime
27.28109,103.76364,2,2.595,4.595,21.1545,537024.5708,69958.3917,lime
30.17908,119.96101,1,0.000,2.000,0.5027,268512.2854,34979.1959,lime
22.51299,112.84748,1,0.000,2.000,0.5027,260118.1956,33885.6946,lime
36.49835,117.93286,1,0.000,2.000,0.5027,268512.2854,34979.1959,lime
31.72514,105.04954,1,0.000,2.000,0.5027,268512.2854,34979.1959,lime
27.24235,106.43347,1,0.000,2.000,0.5027,268512.2854,34979.1959,lime
51.39770,7.84168,1,0.000,2.000,0.5027,768000.0023,136551.9342,lime
55.24432,12.13432,1,0.000,2.000,0.5027,8548.0000,12735.0064,lime
61.92459,29.02752,1,0.000,2.000,0.5027,120000.0004,12209.1203,lime
60.26076,24.06693,1,0.000,2.000,0.5027,167000.0005,16991.0257,lime
50.12000,3.92000,1,0.000,2.000,0.5027,117999.9996,20661.4462,lime
49.10000,5.37000,1,0.000,2.000,0.5027,283999.9990,49727.5485,lime
50.79000,1.78000,1,0.000,2.000,0.5027,638999.9978,111886.9842,lime
48.71000,5.66000,1,0.000,2.000,0.5027,340999.9988,59708.0776,lime
49.37000,1.99000,1,0.000,2.000,0.5027,267386.6110,46818.5941,lime
48.15000,-0.38000,1,0.000,2.000,0.5027,281999.9990,49377.3545,lime
46.64000,1.43000,1,0.000,2.000,0.5027,184999.9994,32392.9453,lime
50.46000,1.77000,1,0.000,2.000,0.5027,267386.6110,46818.5941,lime
22.34761,114.20989,1,0.000,2.000,0.5027,39312.5736,5121.2637,lime
22.27519,114.19372,1,0.000,2.000,0.5027,268512.2854,34979.1959,lime
45.80653,18.40385,1,0.000,2.000,0.5027,107150.0000,15824.6072,lime
46.14437,13.24395,1,0.000,2.000,0.5027,178417.2628,17995.3472,lime
44.00471,12.40495,1,0.000,2.000,0.5027,178417.2628,17995.3472,lime
40.70969,17.66809,1,0.000,2.000,0.5027,178417.2628,17995.3472,lime
46.33970,11.98122,1,0.000,2.000,0.5027,178417.2628,17995.3472,lime
40.63510,15.37946,1,0.000,2.000,0.5027,178417.2628,17995.3472,lime
42.91871,12.73640,1,0.000,2.000,0.5027,178417.2628,17995.3472,lime
44.45228,11.00202,1,0.000,2.000,0.5027,178417.2628,17995.3472,lime
45.81279,12.24786,2,0.979,2.979,3.0138,306417.2623,30905.5579,lime
41.30755,13.25253,1,0.000,2.000,0.5027,178417.2628,17995.3472,lime
45.71498,11.42232,1,0.000,2.000,0.5027,178417.2628,17995.3472,lime
43.69656,12.86541,1,0.000,2.000,0.5027,178417.2628,17995.3472,lime
44.32228,8.13856,1,0.000,2.000,0.5027,178417.2628,17995.3472,lime
39.96436,18.20388,1,0.000,2.000,0.5027,178417.2628,17995.3472,lime
45.57917,10.83333,1,0.000,2.000,0.5027,152999.9995,15431.7361,lime
45.85014,9.41413,1,0.000,2.000,0.5027,178417.2628,17995.3472,lime
44.39111,7.41750,1,0.000,2.000,0.5027,102999.9996,10388.6851,lime
45.78861,9.62611,1,0.000,2.000,0.5027,257999.9991,26022.1433,lime
45.62650,11.76102,1,0.000,2.000,0.5027,178417.2628,17995.3472,lime
63.80126,11.42386,2,4.658,6.658,68.1774,243249.9987,7612.4708,lime
18.02305,-66.63888,1,0.000,2.000,0.5027,2807.0000,406.1058,lime
39.45053,-8.84709,2,0.444,2.444,0.6180,616371.1006,88978.5399,lime
48.38310,18.16468,1,0.000,2.000,0.5027,451784.5971,73952.0976,lime
59.49812,16.02848,1,0.000,2.000,0.5027,224000.0007,115729.7606,lime
25.11002,121.92029,1,0.000,2.000,0.5027,262083.8242,34141.7578,lime
43.61214,-116.57923,1,0.000,2.000,0.5027,212029.0000,14690.8864,lime
48.59167,-97.17500,1,0.000,2.000,0.5027,303316.0000,21015.9030,lime
47.76444,-96.63250,1,0.000,2.000,0.5027,213751.0000,14810.1989,lime
47.92583,-97.00611,1,0.000,2.000,0.5027,257225.0000,17822.3887,lime
35.79464,-91.71899,2,0.136,2.136,0.5027,646452.1789,44790.8329,lime
30.45407,-97.72091,1,0.000,2.000,0.5027,213549.0000,14796.2029,lime
40.32478,-76.54350,2,1.235,3.235,4.7926,251873.1789,17451.5762,lime
38.78646,-84.36966,1,0.000,2.000,0.5027,220015.1789,15244.2260,lime
41.39590,-82.54753,2,0.047,2.047,0.5027,314663.1789,21802.1167,lime
36.22796,-83.71471,2,0.140,2.140,0.5027,426368.1789,29541.8385,lime
39.25631,-78.08512,2,0.050,2.050,0.5027,399512.1789,27681.0626,lime
39.02510,-78.33233,1,0.000,2.000,0.5027,0.0000,0.0000,lime
41.31337,-83.27519,1,0.000,2.000,0.5027,44097.0000,3055.3557,lime
33.20674,-86.78454,4,5.346,7.346,89.7747,2083651.0001,144370.2516,lime
41.22460,-83.20840,1,0.000,2.000,0.5027,540212.0000,37429.7531,lime
33.91364,-86.50909,1,0.000,2.000,0.5027,220015.1789,15244.2260,lime
44.99594,-108.62532,2,0.038,2.038,0.5027,386334.1789,26767.9965,lime
41.52490,-109.52111,1,0.000,2.000,0.5027,29217.0000,2024.3628,lime
45.99473,-85.99672,2,3.493,5.493,38.3335,474879.1789,32903.0277,lime
40.92406,-77.72232,1,0.000,2.000,0.5027,833833.0000,57773.9170,lime
43.70460,-88.38491,1,0.000,2.000,0.5027,327353.0000,22681.3583,lime
38.93895,-112.81665,1,0.000,2.000,0.5027,690892.0000,47869.9417,lime
46.32847,-111.61741,1,0.000,2.000,0.5027,319058.0000,22106.6214,lime
40.82126,-114.25020,1,0.000,2.000,0.5027,571516.0000,39598.7182,lime
38.78757,-79.44669,2,4.729,6.729,70.2502,554992.1789,38453.8296,lime
41.38444,-105.45367,1,0.000,2.000,0.5027,144325.0000,9999.8688,lime
37.98341,-90.07097,2,3.002,5.002,28.3172,3485868.0002,241525.8795,lime
35.52050,-113.31310,1,0.000,2.000,0.5027,795954.0000,55149.3889,lime
31.70833,-97.59722,1,0.000,2.000,0.5027,562938.0000,39004.3730,lime
37.38973,-80.64928,2,2.929,4.929,26.9610,680627.1789,47158.7214,lime
41.62860,-95.07305,1,0.000,2.000,0.5027,220015.1789,15244.2260,lime
31.58840,-98.15564,1,0.000,2.000,0.5027,220015.1789,15244.2260,lime
30.64790,-98.25360,1,0.000,2.000,0.5027,222578.0000,15421.7966,lime
36.74700,-121.60534,1,0.000,2.000,0.5027,63018.0000,4366.3380,lime
35.52865,-113.42795,1,0.000,2.000,0.5027,220015.1789,15244.2260,lime
41.07489,-79.98354,1,0.000,2.000,0.5027,46608.0000,3229.3358,lime
43.48080,-83.39521,1,0.000,2.000,0.5027,55252.0000,3828.2539,lime
43.26605,-82.61955,1,0.000,2.000,0.5027,43104.0000,2986.5536,lime
43.74100,-83.44830,1,0.000,2.000,0.5027,96365.0000,6676.8568,lime
39.41788,-81.46279,3,6.938,8.938,151.2048,496900.1784,15246.2260,other-metals
42.64282,-73.11309,2,0.054,2.054,0.5027,357556.1789,24774.0507,lime
46.32331,-96.61413,2,0.216,2.216,0.5027,560223.1789,38816.2707,lime
38.82790,-84.75880,1,0.000,2.000,0.5027,296242.0000,20525.7656,lime
32.38878,-90.89771,3,1.001,3.001,3.1448,455561.7315,41745.2260,oil-and-gas-refining
40.64436,-105.13891,1,0.000,2.000,0.5027,220015.1789,15244.2260,lime
44.79748,-95.17197,1,0.000,2.000,0.5027,562253.0000,38956.9113,lime
32.24639,-97.55083,1,0.000,2.000,0.5027,462789.0000,32065.3336,lime
44.83786,-108.40449,2,0.072,2.072,0.5027,267306.1789,18520.8849,lime
35.59076,-94.82676,2,1.228,3.228,4.7400,358895.1789,24866.8262,lime
31.96860,-99.90181,1,0.000,2.000,0.5027,220015.1789,15244.2260,lime
41.85960,-103.63703,1,0.000,2.000,0.5027,359997.0000,24943.1683,lime
40.26269,-103.80612,1,0.000,2.000,0.5027,165260.0000,11450.3954,lime
42.04790,-104.18900,1,0.000,2.000,0.5027,16136.0000,1118.0175,lime
44.00999,-107.96949,1,0.000,2.000,0.5027,32599.0000,2258.6920,lime
31.06008,35.00708,2,0.686,2.686,1.4787,5175.5970,2.0000,other-manufacturing
32.55665,35.19691,1,0.000,2.000,0.5027,1321.9140,1.0000,other-chemicals
32.69235,34.93796,1,0.000,2.000,0.5027,2527.7790,1.0000,other-chemicals
18.43324,-66.57051,1,0.000,2.000,0.5027,61881.0000,1.0000,other-chemicals
18.23579,-65.90443,1,0.000,2.000,0.5027,41438.0000,1.0000,other-chemicals
18.35461,-65.94525,1,0.000,2.000,0.5027,22375.0000,1.0000,other-chemicals
43.64833,-96.22444,1,0.000,2.000,0.5027,2198.0000,1.0000,other-chemicals
46.16596,-119.01722,1,0.000,2.000,0.5027,10459.0000,1.0000,other-chemicals
33.17560,-93.21690,1,0.000,2.000,0.5027,77425.0000,1.0000,other-chemicals
32.65784,-97.32095,1,0.000,2.000,0.5027,31519.0000,1.0000,other-chemicals
34.19175,-118.91969,1,0.000,2.000,0.5027,21440.0000,1.0000,other-chemicals
31.88000,-110.24000,1,0.000,2.000,0.5027,25149.0000,1.0000,other-chemicals
35.27172,-89.97518,5,0.346,2.346,0.5027,226025.9993,5.0000,other-chemicals
39.83294,-91.43941,2,7.450,9.450,174.3739,144477.0000,2.0000,other-metals
32.53598,-94.39907,1,0.000,2.000,0.5027,6850.0000,1.0000,other-chemicals
32.59033,-93.51303,2,0.245,2.245,0.5027,69040.0294,8301.0000,oil-and-gas-refining
32.79887,-93.41141,2,0.227,2.227,0.5027,83836.2798,13021.0000,oil-and-gas-refining
47.52338,-111.29484,2,0.057,2.057,0.5027,252583.4853,15001.0000,oil-and-gas-refining
38.24310,-81.55600,1,0.000,2.000,0.5027,102497.0000,1.0000,other-chemicals
30.38056,-89.30778,1,0.000,2.000,0.5027,808955.0000,1.0000,other-chemicals
40.96131,-76.64329,1,0.000,2.000,0.5027,22785.0000,1.0000,other-chemicals
41.09490,-104.90630,1,0.000,2.000,0.5027,0.0000,1.0000,other-chemicals
40.62607,-74.64009,1,0.000,2.000,0.5027,26819.0000,1.0000,other-chemicals
41.27017,-112.22377,1,0.000,2.000,0.5027,95088.0000,1.0000,other-chemicals
39.77281,-85.79897,1,0.000,2.000,0.5027,23918.0000,1.0000,other-chemicals
35.95561,-101.88095,2,0.755,2.755,1.7927,1795601.8928,195001.0000,oil-and-gas-refining
39.68131,-75.72069,1,0.000,2.000,0.5027,29007.0000,1.0000,other-chemicals
45.91220,-122.82860,1,0.000,2.000,0.5027,0.0000,1.0000,other-chemicals
39.42889,-91.03298,1,0.000,2.000,0.5027,10846.0000,1.0000,other-chemicals
39.73432,-87.39304,1,0.000,2.000,0.5027,66048.0000,1.0000,other-chemicals
34.37252,-77.85947,1,0.000,2.000,0.5027,152342.0000,1.0000,other-chemicals
46.02191,-122.85698,1,0.000,2.000,0.5027,65189.0000,1.0000,other-chemicals
36.04410,-79.78814,1,0.000,2.000,0.5027,31965.0000,1.0000,other-chemicals
35.27395,-84.53665,1,0.000,2.000,0.5027,52719.0000,1.0000,other-chemicals
41.24235,-111.98831,1,0.000,2.000,0.5027,69675.0000,1.0000,other-chemicals
34.23348,-82.06010,2,0.874,2.874,2.4011,70697.9997,2.0000,other-manufacturing
35.72257,-91.52498,1,0.000,2.000,0.5027,151712.0000,1.0000,other-chemicals
37.65701,-122.37822,1,0.000,2.000,0.5027,31017.0000,1.0000,other-chemicals
35.93978,-78.86389,1,0.000,2.000,0.5027,14365.0000,1.0000,other-chemicals
35.83205,-78.31974,1,0.000,2.000,0.5027,8122.0000,1.0000,other-chemicals
37.79663,-96.87302,2,0.308,2.308,0.5027,2218950.5331,162001.0000,oil-and-gas-refining
33.20043,-87.60975,2,0.256,2.256,0.5027,604387.5623,50001.0000,oil-and-gas-refining
30.31613,-95.38768,1,0.000,2.000,0.5027,49658.0000,1.0000,other-chemicals
38.77322,-82.20003,1,0.000,2.000,0.5027,24611.0000,1.0000,other-chemicals
29.41877,-95.23907,1,0.000,2.000,0.5027,42635.0000,1.0000,other-chemicals
41.01902,-79.71628,1,0.000,2.000,0.5027,4.0000,1.0000,other-chemicals
30.82216,-93.28490,1,0.000,2.000,0.5027,59503.0000,1.0000,other-chemicals
36.95000,-89.06611,1,0.000,2.000,0.5027,85907.0000,1.0000,other-chemicals
40.69000,-91.23000,1,0.000,2.000,0.5027,0.0000,1.0000,other-chemicals
42.73942,-111.54142,1,0.000,2.000,0.5027,130139.0000,1.0000,other-chemicals
41.08554,-87.88054,1,0.000,2.000,0.5027,32688.0000,1.0000,other-chemicals
36.37858,-97.76390,1,0.000,2.000,0.5027,0.0000,1.0000,other-chemicals
39.01500,-102.41316,1,0.000,2.000,0.5027,25320.0000,1.0000,other-chemicals
33.10983,-92.67881,1,0.000,2.000,0.5027,29193.0000,1.0000,other-chemicals
33.18389,-92.93778,1,0.000,2.000,0.5027,21800.0000,1.0000,other-chemicals
32.60750,-95.19722,1,0.000,2.000,0.5027,56388.0000,1.0000,other-chemicals
30.13916,-93.52694,1,0.000,2.000,0.5027,345235.0000,1.0000,other-chemicals
43.43094,-84.15724,3,0.006,2.006,0.5027,221682.0000,3.0000,other-metals
47.08767,-102.94820,2,0.000,2.000,0.5027,59210.0000,2.0000,other-chemicals
33.36352,-92.71374,2,0.304,2.304,0.5027,60399.2072,7501.0000,oil-and-gas-refining
38.38433,-78.65199,1,0.000,2.000,0.5027,42238.0000,1.0000,other-chemicals
37.32746,-109.01755,1,0.000,2.000,0.5027,950.0000,1.0000,other-chemicals
32.40613,-103.94702,1,0.000,2.000,0.5027,31798.0000,1.0000,other-chemicals
27.85118,-82.25990,1,0.000,2.000,0.5027,49038.0000,1.0000,other-chemicals
39.48194,-81.07643,1,0.000,2.000,0.5027,34421.0000,1.0000,other-chemicals
39.88648,-108.33267,1,0.000,2.000,0.5027,49258.0000,1.0000,other-chemicals
32.84524,-104.39136,2,0.468,2.468,0.6884,979777.4836,110001.0000,oil-and-gas-refining
38.38707,-98.19943,1,0.000,2.000,0.5027,52811.0000,1.0000,other-chemicals
33.42365,-88.39510,1,0.000,2.000,0.5027,32379.0000,1.0000,other-chemicals
40.81154,-74.38735,1,0.000,2.000,0.5027,15152.0000,1.0000,other-chemicals
46.02222,-94.33833,1,0.000,2.000,0.5027,1115.0000,1.0000,other-chemicals
32.75469,-96.77826,1,0.000,2.000,0.5027,16173.0000,1.0000,other-chemicals
38.37990,-97.83905,1,0.000,2.000,0.5027,5116.0000,1.0000,other-chemicals
28.86920,-96.00704,2,0.000,2.000,0.5027,693007.9982,2.0000,other-manufacturing
42.68703,-111.58780,1,0.000,2.000,0.5027,477998.0000,1.0000,other-chemicals
35.65940,-77.35693,2,0.345,2.345,0.5027,37018.9999,2.0000,other-manufacturing
61.08202,-146.37501,2,6.679,8.679,140.1440,439009.0241,62501.0000,oil-and-gas-refining
42.61413,-71.16952,1,0.000,2.000,0.5027,47822.0000,1.0000,other-chemicals
42.21304,-85.55608,1,0.000,2.000,0.5027,90684.0000,1.0000,other-chemicals
35.16677,-89.95893,1,0.000,2.000,0.5027,99328.0000,1.0000,other-chemicals
41.17562,-83.38060,1,0.000,2.000,0.5027,109252.0000,1.0000,other-chemicals
41.30581,-88.59106,1,0.000,2.000,0.5027,33136.0000,1.0000,other-chemicals
41.09475,-75.32632,1,0.000,2.000,0.5027,40993.0000,1.0000,other-chemicals
33.34383,-81.74118,1,0.000,2.000,0.5027,20650.0000,1.0000,other-chemicals
42.71464,-87.88606,1,0.000,2.000,0.5027,26781.0000,1.0000,other-chemicals
33.46750,-80.88111,1,0.000,2.000,0.5027,59242.0000,1.0000,other-chemicals
41.77985,-107.10802,2,0.346,2.346,0.5027,1115231.0860,75001.0000,oil-and-gas-refining
33.66338,-85.85335,2,1.383,3.383,6.0112,30216.0000,2.0000,other-metals
30.39850,-94.22960,1,0.000,2.000,0.5027,84878.0000,1.0000,other-chemicals
44.85098,-92.99481,2,0.579,2.579,1.0539,1184119.1545,105001.0000,oil-and-gas-refining
33.73056,-88.45250,1,0.000,2.000,0.5027,375187.0000,1.0000,other-chemicals
38.36880,-81.67860,1,0.000,2.000,0.5027,115634.0000,1.0000,other-chemicals
32.61591,-93.92273,1,0.000,2.000,0.5027,45854.0000,1.0000,other-chemicals
39.01333,-82.99805,1,0.000,2.000,0.5027,9155.0000,1.0000,other-chemicals
36.19390,-83.00266,1,0.000,2.000,0.5027,0.0000,1.0000,other-chemicals
34.20399,-97.10344,3,6.797,8.797,145.1396,969158.0031,86002.0000,oil-and-gas-refining
41.71940,-88.36504,2,1.410,3.410,6.2494,89149.9997,2.0000,other-manufacturing
30.40811,-82.78746,1,0.000,2.000,0.5027,74721.0000,1.0000,other-chemicals
44.99028,-73.37406,1,0.000,2.000,0.5027,4854.0000,1.0000,other-chemicals
34.63289,-97.16777,2,0.448,2.448,0.6317,733234.9446,74501.0000,oil-and-gas-refining
38.55833,-121.57583,1,0.000,2.000,0.5027,2414.0000,1.0000,other-chemicals
43.01260,-80.01560,1,0.000,2.000,0.5027,78926.7399,1.0000,other-manufacturing
45.59360,-67.30960,1,0.000,2.000,0.5027,7227.1300,1.0000,other-manufacturing
45.64184,-73.52335,2,6.831,8.831,146.6123,1872548.0565,137001.0000,oil-and-gas-refining
43.78074,-79.27093,2,5.023,7.023,79.2483,105128.1907,13860.9106,pulp-and-paper
49.90380,-97.19490,1,0.000,2.000,0.5027,17233.1000,1.0000,other-manufacturing
32.71994,35.14119,1,0.000,2.000,0.5027,2482.2470,1.0000,other-manufacturing
32.54229,35.46668,2,0.160,2.160,0.5027,8235.4690,2.0000,other-manufacturing
32.90761,35.50107,1,0.000,2.000,0.5027,4173.9310,1.0000,other-manufacturing
32.47865,35.05285,1,0.000,2.000,0.5027,6104.3290,1.0000,other-manufacturing
33.06453,35.22681,2,5.527,7.527,95.9815,5408.2100,2.0000,other-manufacturing
32.35626,34.90613,1,0.000,2.000,0.5027,7131.2620,1.0000,other-manufacturing
32.81214,35.39558,1,0.000,2.000,0.5027,8710.8900,1.0000,other-manufacturing
32.80201,35.21565,1,0.000,2.000,0.5027,887.1840,1.0000,other-manufacturing
31.24824,34.81623,1,0.000,2.000,0.5027,1213.0800,1.0000,other-manufacturing
32.75784,35.53894,1,0.000,2.000,0.5027,5193.4200,1.0000,other-manufacturing
32.05893,34.96040,3,4.147,6.147,54.0358,14655.5630,3.0000,other-manufacturing
31.02718,34.81849,1,0.000,2.000,0.5027,4039.0980,1.0000,other-manufacturing
30.98613,34.93808,1,0.000,2.000,0.5027,28049.9969,1.0000,other-manufacturing
29.74025,34.96617,1,0.000,2.000,0.5027,1385.1870,1.0000,other-manufacturing
31.68055,35.04783,1,0.000,2.000,0.5027,3573.0270,1.0000,other-manufacturing
31.30983,35.08311,1,0.000,2.000,0.5027,1246.3670,1.0000,other-manufacturing
32.99604,35.18711,1,0.000,2.000,0.5027,5513.3700,1.0000,other-manufacturing
32.45236,35.44669,1,0.000,2.000,0.5027,4890.9760,1.0000,other-manufacturing
32.23710,34.97354,1,0.000,2.000,0.5027,4350.9680,1.0000,other-manufacturing
37.63610,-79.44654,1,0.000,2.000,0.5027,12118.9999,1.0000,other-manufacturing
39.56097,-78.84361,1,0.000,2.000,0.5027,22605.9999,1.0000,other-manufacturing
39.25496,-80.29091,1,0.000,2.000,0.5027,24715.9999,1.0000,other-manufacturing
38.66448,-82.16973,1,0.000,2.000,0.5027,44917.9998,1.0000,other-manufacturing
34.38351,-92.72544,1,0.000,2.000,0.5027,65441.9996,1.0000,other-manufacturing
30.40867,-87.25016,1,0.000,2.000,0.5027,25622.9999,1.0000,other-manufacturing
45.83976,-122.81929,1,0.000,2.000,0.5027,18435.9999,1.0000,other-manufacturing
42.94717,-87.86150,1,0.000,2.000,0.5027,44755.9998,1.0000,other-manufacturing
41.67900,-112.43200,1,0.000,2.000,0.5027,48185.9997,1.0000,other-manufacturing
35.39820,-80.20477,1,0.000,2.000,0.5027,201.0000,1.0000,other-manufacturing
35.02782,-81.87896,1,0.000,2.000,0.5027,100129.9994,1.0000,other-manufacturing
33.81389,-88.55611,1,0.000,2.000,0.5027,63960.9996,1.0000,other-manufacturing
30.06825,-94.23005,1,0.000,2.000,0.5027,64154.9996,1.0000,other-manufacturing
41.09431,-84.94376,3,5.658,7.658,100.5774,98680.9998,3.0000,other-metals
32.36178,-89.13297,1,0.000,2.000,0.5027,45696.9997,1.0000,other-manufacturing
47.92330,-122.27320,1,0.000,2.000,0.5027,67410.9996,1.0000,other-manufacturing
38.74156,-90.34189,1,0.000,2.000,0.5027,30119.9998,1.0000,other-manufacturing
31.45648,-93.45969,1,0.000,2.000,0.5027,27869.9998,1.0000,other-manufacturing
30.78440,-92.67690,1,0.000,2.000,0.5027,27740.9998,1.0000,other-manufacturing
33.62159,-81.85518,1,0.000,2.000,0.5027,35417.9998,1.0000,other-manufacturing
36.00463,-86.59910,1,0.000,2.000,0.5027,30186.9998,1.0000,other-manufacturing
35.63544,-85.86741,1,0.000,2.000,0.5027,27344.9998,1.0000,other-manufacturing
34.60444,-81.41861,1,0.000,2.000,0.5027,16576.9999,1.0000,other-manufacturing
41.23310,-79.41674,1,0.000,2.000,0.5027,59924.9997,1.0000,other-manufacturing
39.90428,-82.94609,1,0.000,2.000,0.5027,7367.0000,1.0000,other-manufacturing
38.29007,-88.89037,1,0.000,2.000,0.5027,65800.9996,1.0000,other-manufacturing
41.02793,-83.65937,1,0.000,2.000,0.5027,45740.9997,1.0000,other-manufacturing
33.42317,-94.00378,1,0.000,2.000,0.5027,41931.9998,1.0000,other-manufacturing
34.23224,-88.71056,1,0.000,2.000,0.5027,31490.9998,1.0000,other-manufacturing
34.73580,-82.38256,2,0.965,2.965,2.9261,35874.9998,2.0000,other-manufacturing
34.98305,-78.78722,1,0.000,2.000,0.5027,47351.9997,1.0000,other-manufacturing
30.23303,-89.56167,1,0.000,2.000,0.5027,56769.9997,1.0000,other-manufacturing
32.62659,-96.85298,1,0.000,2.000,0.5027,28447.9998,1.0000,other-manufacturing
37.16861,-85.91861,1,0.000,2.000,0.5027,26574.9999,1.0000,other-manufacturing
42.37642,-83.26104,1,0.000,2.000,0.5027,26261.9999,1.0000,other-manufacturing
31.19171,-94.78895,1,0.000,2.000,0.5027,6208.0000,1.0000,other-manufacturing
39.55748,-82.95830,2,1.119,3.119,3.9321,63279.9997,2.0000,other-manufacturing
35.33060,-77.47720,1,0.000,2.000,0.5027,42645.9998,1.0000,other-manufacturing
30.34996,-96.07691,2,1.783,3.783,9.9857,45949.9997,2.0000,other-manufacturing
44.54830,-122.91967,1,0.000,2.000,0.5027,29883.9998,1.0000,other-manufacturing
28.78750,-95.94306,1,0.000,2.000,0.5027,34272.9998,1.0000,other-manufacturing
42.23642,-88.86540,1,0.000,2.000,0.5027,40617.9998,1.0000,other-manufacturing
40.46674,-86.13783,3,2.525,4.525,20.0366,97176.9999,3.0000,other-metals
34.28301,-79.88912,1,0.000,2.000,0.5027,52925.9997,1.0000,other-manufacturing
36.26669,-86.65670,1,0.000,2.000,0.5027,87947.9995,1.0000,other-manufacturing
39.20356,-94.47933,1,0.000,2.000,0.5027,62147.9997,1.0000,other-manufacturing
38.29350,-85.53220,1,0.000,2.000,0.5027,84207.9995,1.0000,other-manufacturing
42.37020,-83.39550,1,0.000,2.000,0.5027,12570.9999,1.0000,other-manufacturing
38.16453,-85.69526,2,4.221,6.221,55.9769,71299.9996,2.0000,other-manufacturing
42.27838,-83.41220,1,0.000,2.000,0.5027,63577.9996,1.0000,other-manufacturing
39.25033,-84.44167,2,2.604,4.604,21.3107,49237.9997,2.0000,other-manufacturing
37.01172,-85.07922,1,0.000,2.000,0.5027,250.0000,1.0000,other-manufacturing
34.52778,-79.83333,1,0.000,2.000,0.5027,18136.9999,1.0000,other-manufacturing
34.83239,-82.29203,1,0.000,2.000,0.5027,28453.9998,1.0000,other-manufacturing
38.91738,-83.29864,1,0.000,2.000,0.5027,38654.9998,1.0000,other-manufacturing
40.96431,-85.30275,1,0.000,2.000,0.5027,53710.9997,1.0000,other-manufacturing
38.81379,-90.82038,1,0.000,2.000,0.5027,64452.9996,1.0000,other-manufacturing
35.72097,-86.97084,1,0.000,2.000,0.5027,29701.9998,1.0000,other-manufacturing
33.89060,-93.13782,1,0.000,2.000,0.5027,30161.9998,1.0000,other-manufacturing
31.84127,-89.46952,1,0.000,2.000,0.5027,67346.9996,1.0000,other-manufacturing
30.43891,-84.77078,1,0.000,2.000,0.5027,41003.9998,1.0000,other-manufacturing
33.44516,-86.05741,1,0.000,2.000,0.5027,37191.9998,1.0000,other-manufacturing
33.76460,-92.36720,1,0.000,2.000,0.5027,41950.9998,1.0000,other-manufacturing
33.27500,-83.70527,1,0.000,2.000,0.5027,19395.9999,1.0000,other-manufacturing
42.80990,-73.95172,1,0.000,2.000,0.5027,19954.9999,1.0000,other-manufacturing
42.14545,-80.02544,1,0.000,2.000,0.5027,42378.9998,1.0000,other-manufacturing
32.73533,-97.06772,1,0.000,2.000,0.5027,54499.9997,1.0000,other-manufacturing
42.98785,-83.71324,1,0.000,2.000,0.5027,60896.9997,1.0000,other-manufacturing
47.58360,-117.56851,1,0.000,2.000,0.5027,14725.9999,1.0000,other-manufacturing
34.60056,-98.52750,1,0.000,2.000,0.5027,53244.9997,1.0000,other-manufacturing
35.64279,-87.04370,1,0.000,2.000,0.5027,899.0000,1.0000,other-manufacturing
43.52805,-89.99960,2,0.000,2.000,0.5027,91877.9998,2.0000,other-metals
46.42224,-117.09100,1,0.000,2.000,0.5027,0.0000,1.0000,other-manufacturing
40.37271,-84.19002,1,0.000,2.000,0.5027,32536.9998,1.0000,other-manufacturing
40.27486,-83.50925,1,0.000,2.000,0.5027,104047.9994,1.0000,other-manufacturing
39.36738,-85.54215,2,0.000,2.000,0.5027,45768.9997,2.0000,other-manufacturing
33.61623,-86.15611,1,0.000,2.000,0.5027,53081.9997,1.0000,other-manufacturing
41.04567,-81.54176,1,0.000,2.000,0.5027,17924.9999,1.0000,other-manufacturing
32.45598,-91.50686,1,0.000,2.000,0.5027,23538.9999,1.0000,other-manufacturing
32.27766,-86.32957,1,0.000,2.000,0.5027,28047.9998,1.0000,other-manufacturing
32.91590,-85.11761,1,0.000,2.000,0.5027,21105.9999,1.0000,other-manufacturing
32.60457,-81.74026,1,0.000,2.000,0.5027,37955.9998,1.0000,other-manufacturing
40.54422,-84.37889,2,1.948,3.948,11.9245,37212.9998,2.0000,other-manufacturing
39.28042,-81.63917,2,4.095,6.095,52.6742,215751.9988,2.0000,other-manufacturing
31.87616,-92.28410,1,0.000,2.000,0.5027,30788.9998,1.0000,other-manufacturing
33.04478,-80.21089,2,0.000,2.000,0.5027,35582.9998,2.0000,other-metals
34.60263,-118.11648,1,0.000,2.000,0.5027,16342.9999,1.0000,other-manufacturing
30.90852,-93.92102,1,0.000,2.000,0.5027,23482.9999,1.0000,other-manufacturing
44.66953,-88.88401,1,0.000,2.000,0.5027,8771.0000,1.0000,other-manufacturing
33.18936,-87.26062,1,0.000,2.000,0.5027,45383.9997,1.0000,other-manufacturing
41.13527,-89.34109,1,0.000,2.000,0.5027,44812.9998,1.0000,other-manufacturing
33.93412,-81.28582,1,0.000,2.000,0.5027,61078.9997,1.0000,other-manufacturing
42.81580,-73.67280,1,0.000,2.000,0.5027,115131.9994,1.0000,other-manufacturing
34.54550,-85.31194,1,0.000,2.000,0.5027,54478.9997,1.0000,other-manufacturing
41.70000,-78.48000,1,0.000,2.000,0.5027,41597.9998,1.0000,other-manufacturing
38.97878,-84.59479,1,0.000,2.000,0.5027,14594.9999,1.0000,other-manufacturing
33.79386,-79.72986,1,0.000,2.000,0.5027,178327.9990,1.0000,other-manufacturing
43.42848,-83.89609,3,3.125,5.125,30.6808,67146.9998,3.0000,other-metals
35.95998,-86.49001,1,0.000,2.000,0.5027,55911.9997,1.0000,other-manufacturing
32.57149,-90.06930,1,0.000,2.000,0.5027,31807.9998,1.0000,other-manufacturing
41.31343,-84.85337,1,0.000,2.000,0.5027,25242.9999,1.0000,other-manufacturing
44.06806,-70.25833,1,0.000,2.000,0.5027,21996.9999,1.0000,other-manufacturing
41.15616,-83.95773,1,0.000,2.000,0.5027,101836.9994,1.0000,other-manufacturing
30.38000,-89.61000,1,0.000,2.000,0.5027,1223.0000,1.0000,other-manufacturing
41.33453,-88.75577,1,0.000,2.000,0.5027,27525.9998,1.0000,other-manufacturing
33.91990,-80.31968,1,0.000,2.000,0.5027,29986.9998,1.0000,other-manufacturing
41.99349,-88.69819,1,0.000,2.000,0.5027,635.0000,1.0000,other-manufacturing
47.20870,-119.28412,1,0.000,2.000,0.5027,12365.9999,1.0000,other-manufacturing
33.09028,-80.34167,1,0.000,2.000,0.5027,43938.9998,1.0000,other-manufacturing
46.75724,-122.99644,1,0.000,2.000,0.5027,0.0000,1.0000,other-manufacturing
47.21173,-123.09558,1,0.000,2.000,0.5027,0.0000,1.0000,other-manufacturing
42.86261,-74.02774,1,0.000,2.000,0.5027,31962.9998,1.0000,other-manufacturing
33.56444,-85.07000,1,0.000,2.000,0.5027,32086.9998,1.0000,other-manufacturing
37.62167,-97.28269,1,0.000,2.000,0.5027,98610.9995,1.0000,other-manufacturing
35.77262,-79.82243,1,0.000,2.000,0.5027,35761.9998,1.0000,other-manufacturing
42.86432,-85.55290,1,0.000,2.000,0.5027,15908.9999,1.0000,other-manufacturing
42.27530,-88.29112,1,0.000,2.000,0.5027,21591.9999,1.0000,other-manufacturing
29.64700,-95.57500,1,0.000,2.000,0.5027,88.0000,1.0000,other-manufacturing
37.69278,-97.22353,1,0.000,2.000,0.5027,24148.9999,1.0000,other-manufacturing
47.28363,-122.24277,1,0.000,2.000,0.5027,34709.9998,1.0000,other-manufacturing
35.17187,-78.86062,1,0.000,2.000,0.5027,39488.9998,1.0000,other-manufacturing
39.09099,-95.69256,1,0.000,2.000,0.5027,43700.9998,1.0000,other-manufacturing
38.06111,-78.88333,1,0.000,2.000,0.5027,28979.9998,1.0000,other-manufacturing
42.27351,-89.53911,1,0.000,2.000,0.5027,32319.9998,1.0000,other-manufacturing
34.17200,-83.63866,1,0.000,2.000,0.5027,2871.0000,1.0000,other-manufacturing
38.26035,-84.53437,1,0.000,2.000,0.5027,88462.9995,1.0000,other-manufacturing
29.26632,-98.54661,1,0.000,2.000,0.5027,30292.9998,1.0000,other-manufacturing
38.29278,-87.56483,1,0.000,2.000,0.5027,61251.9997,1.0000,other-manufacturing
32.77778,-97.45000,1,0.000,2.000,0.5027,20536.9999,1.0000,other-manufacturing
33.90136,-84.51219,1,0.000,2.000,0.5027,40128.9998,1.0000,other-manufacturing
34.64694,-86.67306,1,0.000,2.000,0.5027,4663.0000,1.0000,other-manufacturing
40.82712,-91.28319,1,0.000,2.000,0.5027,45532.9997,1.0000,other-manufacturing
35.98440,-84.26130,1,0.000,2.000,0.5027,43767.9998,1.0000,other-manufacturing
40.12724,-87.56257,2,2.958,4.958,27.4895,66533.9998,2.0000,other-metals
37.06757,-80.72113,2,1.291,3.291,5.2387,54714.9998,2.0000,other-metals
30.79212,-87.32661,1,0.000,2.000,0.5027,35740.9998,1.0000,other-manufacturing
48.37339,-114.19732,1,0.000,2.000,0.5027,32786.9998,1.0000,other-manufacturing
40.58618,-83.15968,1,0.000,2.000,0.5027,21003.9999,1.0000,other-manufacturing
33.11975,-88.97968,1,0.000,2.000,0.5027,68076.9996,1.0000,other-manufacturing
43.22783,-77.41153,1,0.000,2.000,0.5027,28594.9998,1.0000,other-manufacturing
43.59580,-79.54060,1,0.000,2.000,0.5027,9122.0000,1.0000,other-metals
48.25417,-79.01667,2,0.000,2.000,0.5027,217549.0107,2.0000,other-metals
45.59640,-76.75520,1,0.000,2.000,0.5027,5.5600,1.0000,other-metals
42.97537,-81.61618,2,1.807,3.807,10.2550,11024.7070,2.0000,other-metals
46.28190,7.54160,1,0.000,2.000,0.5027,6110.0000,1.0000,other-metals
46.31170,7.75500,1,0.000,2.000,0.5027,13900.0000,1.0000,other-metals
47.40513,9.30281,1,0.000,2.000,0.5027,2.7400,1.0000,other-metals
47.36434,7.36149,2,5.006,7.006,78.7155,1830.9000,2.0000,other-metals
48.41522,13.32241,1,0.000,2.000,0.5027,216000.0002,1.0000,other-metals
42.94820,-9.17315,1,0.000,2.000,0.5027,144000.0000,1.0000,other-metals
42.98363,-9.08549,2,0.000,2.000,0.5027,356999.9999,2.0000,other-metals
48.05000,7.53000,1,0.000,2.000,0.5027,114999.9998,1.0000,other-metals
45.90299,5.80052,2,0.913,2.913,2.6189,476999.9993,2.0000,other-metals
45.08526,5.90068,3,2.392,4.392,17.9719,660999.9990,3.0000,other-metals
45.51000,6.51000,1,0.000,2.000,0.5027,191999.9997,1.0000,other-metals
38.31638,23.62417,1,0.000,2.000,0.5027,114000.0000,1.0000,other-metals
47.18980,18.46724,1,0.000,2.000,0.5027,114000.0000,1.0000,other-metals
60.43092,6.43042,2,0.000,2.000,0.5027,345999.9992,2.0000,other-metals
61.77319,5.29649,1,0.000,2.000,0.5027,318999.9993,1.0000,other-metals
67.36346,15.59062,1,0.000,2.000,0.5027,475999.9989,1.0000,other-metals
63.32585,9.89443,1,0.000,2.000,0.5027,276999.9994,1.0000,other-metals
59.64697,6.36083,1,0.000,2.000,0.5027,319999.9993,1.0000,other-metals
58.27684,6.89135,1,0.000,2.000,0.5027,227999.9995,1.0000,other-metals
69.22260,18.08218,1,0.000,2.000,0.5027,283999.9994,1.0000,other-metals
63.31783,9.14357,1,0.000,2.000,0.5027,273999.9994,1.0000,other-metals
49.26469,19.36995,1,0.000,2.000,0.5027,294000.0003,1.0000,other-metals
64.66811,21.26870,1,0.000,2.000,0.5027,291000.0003,1.0000,other-metals
35.66055,-79.17678,1,0.000,2.000,0.5027,29309.0000,1.0000,other-metals
30.32903,-97.29207,1,0.000,2.000,0.5027,24436.0000,1.0000,other-metals
34.32394,-99.81819,1,0.000,2.000,0.5027,36973.0000,1.0000,other-metals
40.71635,-111.44104,1,0.000,2.000,0.5027,37712.0000,1.0000,other-metals
38.49637,-82.67028,1,0.000,2.000,0.5027,68037.0000,1.0000,other-metals
40.60907,-79.57760,2,4.463,6.463,62.5877,41068.0000,2.0000,other-metals
34.57526,-92.53113,3,1.335,3.335,5.5971,101262.0000,3.0000,other-metals
35.32935,-106.52578,1,0.000,2.000,0.5027,15244.0000,1.0000,other-metals
34.65417,-99.59472,1,0.000,2.000,0.5027,99722.0000,1.0000,other-metals
40.88135,-82.66758,1,0.000,2.000,0.5027,58490.0000,1.0000,other-metals
40.06333,-76.32056,1,0.000,2.000,0.5027,109418.0000,1.0000,other-metals
35.81182,-83.96958,1,0.000,2.000,0.5027,203576.0000,1.0000,other-metals
38.03810,-85.71530,1,0.000,2.000,0.5027,48270.0000,1.0000,other-metals
33.00180,-110.77795,1,0.000,2.000,0.5027,490.0000,1.0000,other-metals
37.80876,-87.63286,1,0.000,2.000,0.5027,46440.0000,1.0000,other-metals
30.73805,-84.49394,1,0.000,2.000,0.5027,98009.0000,1.0000,other-metals
40.80793,-75.58793,1,0.000,2.000,0.5027,126855.0000,1.0000,other-metals
33.24839,-81.48496,1,0.000,2.000,0.5027,117774.0000,1.0000,other-metals
35.86959,-84.69576,1,0.000,2.000,0.5027,107695.0000,1.0000,other-metals
32.34424,-93.61650,1,0.000,2.000,0.5027,28084.0000,1.0000,other-metals
33.37984,-84.82169,1,0.000,2.000,0.5027,22446.0000,1.0000,other-metals
36.20416,-85.94222,1,0.000,2.000,0.5027,33092.0000,1.0000,other-metals
39.55768,-95.11652,1,0.000,2.000,0.5027,14784.0000,1.0000,other-metals
37.63680,-91.13189,1,0.000,2.000,0.5027,97345.0000,1.0000,other-metals
31.87697,-85.15607,1,0.000,2.000,0.5027,13553.0000,1.0000,other-metals
32.84852,-83.14422,2,1.658,3.658,8.6353,31379.0000,2.0000,other-metals
35.22947,-80.24389,1,0.000,2.000,0.5027,19888.0000,1.0000,other-metals
35.50767,-80.32970,1,0.000,2.000,0.5027,112804.0000,1.0000,other-metals
31.95291,-84.33237,1,0.000,2.000,0.5027,142454.0000,1.0000,other-metals
38.52595,-89.98326,1,0.000,2.000,0.5027,131.0000,1.0000,other-metals
36.04861,-115.38232,2,0.020,2.020,0.5027,74068.0000,2.0000,other-metals
34.07269,-93.90225,1,0.000,2.000,0.5027,47700.0000,1.0000,other-metals
35.22432,-80.86181,1,0.000,2.000,0.5027,54241.0000,1.0000,other-metals
35.17559,-96.54679,1,0.000,2.000,0.5027,26447.0000,1.0000,other-metals
38.92477,-81.79201,1,0.000,2.000,0.5027,119271.0000,1.0000,other-metals
39.03672,-84.39019,1,0.000,2.000,0.5027,155022.0000,1.0000,other-metals
42.11099,-77.15496,2,0.914,2.914,2.6244,118927.0000,2.0000,other-metals
37.17298,-80.42048,1,0.000,2.000,0.5027,30003.0000,1.0000,other-metals
35.70651,-95.38611,1,0.000,2.000,0.5027,67813.0000,1.0000,other-metals
36.10516,-87.42075,1,0.000,2.000,0.5027,58669.0000,1.0000,other-metals
31.95774,-106.35155,1,0.000,2.000,0.5027,34086.0000,1.0000,other-metals
41.23575,-85.83253,1,0.000,2.000,0.5027,19748.0000,1.0000,other-metals
32.39332,-86.07079,1,0.000,2.000,0.5027,91181.0000,1.0000,other-metals
40.47166,-75.76700,1,0.000,2.000,0.5027,96249.0000,1.0000,other-metals
45.15870,-85.12920,1,0.000,2.000,0.5027,46818.0000,1.0000,other-metals
40.15712,-85.41744,1,0.000,2.000,0.5027,49473.0000,1.0000,other-metals
40.07398,-97.12396,1,0.000,2.000,0.5027,27020.0000,1.0000,other-metals
39.13612,-85.95572,1,0.000,2.000,0.5027,23341.0000,1.0000,other-metals
40.03187,-95.23300,1,0.000,2.000,0.5027,21117.0000,1.0000,other-metals
33.41266,-110.85654,1,0.000,2.000,0.5027,83999.0000,1.0000,other-metals
38.87789,-86.47972,1,0.000,2.000,0.5027,49941.0000,1.0000,other-metals
44.71530,-108.18600,1,0.000,2.000,0.5027,33687.0000,1.0000,other-metals
34.84069,-98.22769,1,0.000,2.000,0.5027,43366.0000,1.0000,other-metals
42.47947,-94.15563,2,1.437,3.437,6.4893,86061.0000,2.0000,other-metals
32.37951,-86.99295,2,0.000,2.000,0.5027,133273.0000,2.0000,other-metals
37.28148,-98.59132,1,0.000,2.000,0.5027,50990.0000,1.0000,other-metals
35.32450,-80.99960,1,0.000,2.000,0.5027,88032.0000,1.0000,other-metals
32.83646,-100.44889,1,0.000,2.000,0.5027,42055.0000,1.0000,other-metals
38.68052,-86.73047,2,2.377,4.377,17.7459,90968.0000,2.0000,other-metals
34.17217,-77.94675,1,0.000,2.000,0.5027,37257.0000,1.0000,other-metals
36.01828,-88.38193,1,0.000,2.000,0.5027,101640.0000,1.0000,other-metals
35.68232,-80.50724,1,0.000,2.000,0.5027,26448.0000,1.0000,other-metals
45.79941,-88.07094,1,0.000,2.000,0.5027,20800.0000,1.0000,other-metals
37.42081,-79.14097,1,0.000,2.000,0.5027,73810.0000,1.0000,other-metals
38.41435,-82.38418,1,0.000,2.000,0.5027,87125.0000,1.0000,other-metals
36.91638,-93.91233,1,0.000,2.000,0.5027,18684.0000,1.0000,other-metals
29.78248,-81.30912,1,0.000,2.000,0.5027,23981.0000,1.0000,other-metals
42.89194,-97.35056,1,0.000,2.000,0.5027,31330.0000,1.0000,other-metals
40.36884,-81.34657,1,0.000,2.000,0.5027,67522.0000,1.0000,other-metals
32.96484,-82.82182,1,0.000,2.000,0.5027,48370.0000,1.0000,other-metals
40.88634,-85.47113,1,0.000,2.000,0.5027,19375.0000,1.0000,other-metals
28.00971,-82.14761,1,0.000,2.000,0.5027,30667.0000,1.0000,other-metals
40.17591,-80.27478,1,0.000,2.000,0.5027,24995.0000,1.0000,other-metals
40.83595,-81.27410,1,0.000,2.000,0.5027,38136.0000,1.0000,other-metals
32.43260,-84.97576,1,0.000,2.000,0.5027,27777.0000,1.0000,other-metals
32.70387,-80.03114,1,0.000,2.000,0.5027,44370.0000,1.0000,other-metals
40.00015,-82.46794,2,2.419,4.419,18.3837,50009.0000,2.0000,other-metals
38.36882,-82.76125,1,0.000,2.000,0.5027,17671.0000,1.0000,other-metals
42.95611,-74.38906,1,0.000,2.000,0.5027,21751.0000,1.0000,other-metals
34.91791,-81.84652,1,0.000,2.000,0.5027,15303.0000,1.0000,other-metals
36.94288,-86.93738,1,0.000,2.000,0.5027,230405.0000,1.0000,other-metals
42.52464,-84.65003,1,0.000,2.000,0.5027,40.0000,1.0000,other-metals
40.72133,-85.20312,1,0.000,2.000,0.5027,25519.0000,1.0000,other-metals
41.48839,-83.21624,1,0.000,2.000,0.5027,23447.0000,1.0000,other-metals
40.68467,-75.18617,1,0.000,2.000,0.5027,53964.0000,1.0000,other-metals
42.45766,-83.65611,1,0.000,2.000,0.5027,14879.0000,1.0000,other-metals
34.80594,-88.32305,1,0.000,2.000,0.5027,141783.0000,1.0000,other-metals
34.82643,-87.67035,1,0.000,2.000,0.5027,19913.0000,1.0000,other-metals
38.96279,-90.97173,1,0.000,2.000,0.5027,28539.0000,1.0000,other-metals
39.73359,-84.62415,1,0.000,2.000,0.5027,945.0000,1.0000,other-metals
36.04624,-87.34327,1,0.000,2.000,0.5027,20223.0000,1.0000,other-metals
41.21069,-80.51250,2,2.449,4.449,18.8420,209638.0000,2.0000,other-metals
42.05019,-73.97679,1,0.000,2.000,0.5027,49139.0000,1.0000,other-metals
37.60167,-84.30694,1,0.000,2.000,0.5027,49489.0000,1.0000,other-metals
33.56028,-83.19752,1,0.000,2.000,0.5027,35736.0000,1.0000,other-metals
38.20903,-85.25677,1,0.000,2.000,0.5027,36069.0000,1.0000,other-metals
39.05775,-82.63541,1,0.000,2.000,0.5027,23945.0000,1.0000,other-metals
45.46130,-122.61230,1,0.000,2.000,0.5027,19354.0000,1.0000,other-metals
31.78603,-99.09353,1,0.000,2.000,0.5027,23939.0000,1.0000,other-metals
44.72900,-74.98000,1,0.000,2.000,0.5027,23242.0000,1.0000,other-metals
35.71365,-78.83641,1,0.000,2.000,0.5027,29450.0000,1.0000,other-metals
37.19639,-86.72583,1,0.000,2.000,0.5027,33415.0000,1.0000,other-metals
45.97261,-112.68975,1,0.000,2.000,0.5027,32587.0000,1.0000,other-metals
47.13836,-119.20038,1,0.000,2.000,0.5027,19926.0000,1.0000,other-metals
42.80227,-78.84639,1,0.000,2.000,0.5027,75564.0000,1.0000,other-metals
41.44822,-82.13167,2,1.007,3.007,3.1874,17152.0000,2.0000,other-metals
43.20814,-75.43717,1,0.000,2.000,0.5027,35279.0000,1.0000,other-metals
35.43169,-94.37511,1,0.000,2.000,0.5027,19.0000,1.0000,other-metals
31.78811,-85.97761,1,0.000,2.000,0.5027,197963.0000,1.0000,other-metals
38.12180,-89.69536,1,0.000,2.000,0.5027,6126.0000,1.0000,other-metals
33.56182,-88.06229,1,0.000,2.000,0.5027,217309.0000,1.0000,other-metals
39.34439,-87.42121,1,0.000,2.000,0.5027,30748.0000,1.0000,other-metals
35.99979,-85.05327,1,0.000,2.000,0.5027,41145.0000,1.0000,other-metals
36.03255,-94.13286,1,0.000,2.000,0.5027,18228.0000,1.0000,other-metals
33.45071,-94.13436,1,0.000,2.000,0.5027,47224.0000,1.0000,other-metals
29.00627,-95.88806,1,0.000,2.000,0.5027,63592.0000,1.0000,other-metals
34.95096,-85.70972,2,2.107,4.107,13.9488,246457.9999,2.0000,other-metals
37.74723,-89.86833,1,0.000,2.000,0.5027,14037.0000,1.0000,other-metals
40.51170,-81.63890,1,0.000,2.000,0.5027,52790.0000,1.0000,other-metals
32.43442,-95.36285,1,0.000,2.000,0.5027,31735.0000,1.0000,other-metals
37.60599,-122.04237,1,0.000,2.000,0.5027,48678.0000,1.0000,other-metals
33.42225,-91.04956,1,0.000,2.000,0.5027,31666.0000,1.0000,other-metals
42.53579,-88.60193,1,0.000,2.000,0.5027,20722.0000,1.0000,other-metals
41.49166,-82.87500,1,0.000,2.000,0.5027,44974.0000,1.0000,other-metals
32.71831,-115.11152,1,0.000,2.000,0.5027,69226.0000,1.0000,other-metals
35.91239,-98.36044,1,0.000,2.000,0.5027,20819.0000,1.0000,other-metals
40.98627,-91.18872,1,0.000,2.000,0.5027,68192.0000,1.0000,other-metals
32.75839,-81.88940,1,0.000,2.000,0.5027,11763.0000,1.0000,other-metals
44.35758,-89.06150,2,1.683,3.683,8.8994,256495.9999,2.0000,other-metals
36.13129,-96.14730,1,0.000,2.000,0.5027,32049.0000,1.0000,other-metals
34.76349,-87.59186,2,0.926,2.926,2.6942,270926.9999,2.0000,other-metals
38.13810,-81.27840,1,0.000,2.000,0.5027,522825.9999,1.0000,other-metals
29.93462,-95.65033,1,0.000,2.000,0.5027,56468.0000,1.0000,other-metals
-33.95310,151.21917,1,0.000,2.000,0.5027,0.0000,20833.3333,petrochemical-steam-cracking
46.30112,7.88796,1,0.000,2.000,0.5027,30280.9896,2100.4566,petrochemical-steam-cracking
37.19992,118.84732,2,0.000,2.000,0.5027,3359712.6594,161121.9178,oil-and-gas-refining
22.93833,116.22582,2,0.372,2.372,0.5027,5940530.4105,500821.9178,oil-and-gas-refining
39.72969,115.96986,2,0.308,2.308,0.5027,3492801.9530,272255.7078,oil-and-gas-refining
49.47500,0.55077,2,1.107,3.107,3.8489,2210169.9527,244000.0000,oil-and-gas-refining
30.41179,50.74700,1,0.000,2.000,0.5027,1159836.9892,84018.2648,petrochemical-steam-cracking
30.32750,47.72722,1,0.000,2.000,0.5027,169149.1299,11090.4110,petrochemical-steam-cracking
30.47842,18.56971,2,0.507,2.507,0.8085,558444.4542,247726.0274,oil-and-gas-refining
52.58749,19.67235,2,1.531,3.531,7.3621,4040526.9180,388812.7854,oil-and-gas-refining
56.82610,106.00929,1,0.000,2.000,0.5027,249379.5762,50410.9589,petrochemical-steam-cracking
45.45753,20.32176,1,0.000,2.000,0.5027,219662.2985,16803.6530,petrochemical-steam-cracking
40.16442,52.77269,1,0.000,2.000,0.5027,331784.8890,31926.9406,petrochemical-steam-cracking
49.07924,24.31217,1,0.000,2.000,0.5027,0.0000,0.0000,petrochemical-steam-cracking
38.45760,65.80667,1,0.000,2.000,0.5027,163166.4196,11762.5571,petrochemical-steam-cracking
43.17650,58.26876,1,0.000,2.000,0.5027,331863.9042,33607.3059,petrochemical-steam-cracking
10.45921,107.06083,1,0.000,2.000,0.5027,176837.4918,84018.2648,petrochemical-steam-cracking
-32.82630,-60.70209,1,0.000,2.000,0.5027,136727.2450,21428.9617,pulp-and-paper
-33.72333,-59.62306,1,0.000,2.000,0.5027,84306.1273,13213.1148,pulp-and-paper
48.04912,14.78601,2,3.186,5.186,31.8857,302165.5504,57256.8306,pulp-and-paper
42.13403,24.52120,1,0.000,2.000,0.5027,53928.9003,8452.1585,pulp-and-paper
-25.27340,-51.10397,1,0.000,2.000,0.5027,352957.5000,59226.0929,pulp-and-paper
-26.77111,-52.19167,1,0.000,2.000,0.5027,352957.5000,59226.0929,pulp-and-paper
-26.95722,-50.42028,1,0.000,2.000,0.5027,352957.5000,59226.0929,pulp-and-paper
-26.81468,-51.00985,1,0.000,2.000,0.5027,352957.5000,59226.0929,pulp-and-paper
-27.54583,-51.17417,1,0.000,2.000,0.5027,14712.5828,2468.7641,pulp-and-paper
-24.61361,-49.97139,1,0.000,2.000,0.5027,25747.0200,4320.3371,pulp-and-paper
-25.54361,-49.88639,1,0.000,2.000,0.5027,352957.5000,59226.0929,pulp-and-paper
-23.53433,-46.42785,1,0.000,2.000,0.5027,16110.2782,2703.2967,pulp-and-paper
-22.82694,-46.09056,1,0.000,2.000,0.5027,15898.1718,2667.7053,pulp-and-paper
-24.11667,-49.46750,1,0.000,2.000,0.5027,352957.5000,59226.0929,pulp-and-paper
-22.44250,-46.94750,1,0.000,2.000,0.5027,6429.3987,1078.8499,pulp-and-paper
-23.54020,-46.27866,2,7.104,9.104,158.5273,164290.5083,27567.8655,pulp-and-paper
-22.37472,-46.02917,1,0.000,2.000,0.5027,269730.6853,45260.6748,pulp-and-paper
-21.57167,-47.91417,1,0.000,2.000,0.5027,47325.4748,7941.1911,pulp-and-paper
-25.40972,-49.30389,1,0.000,2.000,0.5027,22068.8742,3703.1461,pulp-and-paper
-29.21972,-51.32861,1,0.000,2.000,0.5027,26973.0685,4526.0675,pulp-and-paper
-27.02139,-50.92250,1,0.000,2.000,0.5027,22068.8742,3703.1461,pulp-and-paper
54.58734,-112.80336,1,0.000,2.000,0.5027,88433.0007,13859.9106,pulp-and-paper
47.66831,-68.86331,1,0.000,2.000,0.5027,88433.0007,13859.9106,pulp-and-paper
49.78184,-92.84321,1,0.000,2.000,0.5027,88433.0007,13859.9106,pulp-and-paper
53.41373,-117.56685,2,0.211,2.211,0.5027,155340.9978,24346.2545,pulp-and-paper
47.44700,-72.79011,1,0.000,2.000,0.5027,88433.0007,13859.9106,pulp-and-paper
54.13140,-108.43092,1,0.000,2.000,0.5027,120434.3947,18875.4190,pulp-and-paper
49.28563,-123.11841,2,0.240,2.240,0.5027,176866.0014,27719.8212,pulp-and-paper
56.23234,-117.28990,1,0.000,2.000,0.5027,88433.0007,13859.9106,pulp-and-paper
47.76160,-69.47878,1,0.000,2.000,0.5027,88433.0007,13859.9106,pulp-and-paper
46.66654,-71.23247,1,0.000,2.000,0.5027,88433.0007,13859.9106,pulp-and-paper
45.15741,-66.77089,1,0.000,2.000,0.5027,88433.0007,13859.9106,pulp-and-paper
48.83194,-67.56727,1,0.000,2.000,0.5027,88433.0007,13859.9106,pulp-and-paper
49.17130,-97.92605,1,0.000,2.000,0.5027,88433.0007,13859.9106,pulp-and-paper
49.91566,-115.76435,2,0.080,2.080,0.5027,140506.7939,22021.3222,pulp-and-paper
55.25039,-114.51900,1,0.000,2.000,0.5027,64231.6772,10066.8901,pulp-and-paper
55.27239,-114.78015,1,0.000,2.000,0.5027,88433.0007,13859.9106,pulp-and-paper
-34.98583,-72.02222,1,0.000,2.000,0.5027,39075.0012,7527.7206,pulp-and-paper
30.73928,103.62124,1,0.000,2.000,0.5027,258962.5728,40586.6371,pulp-and-paper
30.45226,103.49511,1,0.000,2.000,0.5027,258962.5728,40586.6371,pulp-and-paper
25.59180,100.23000,1,0.000,2.000,0.5027,258962.5728,40586.6371,pulp-and-paper
23.63681,112.44164,1,0.000,2.000,0.5027,258962.5728,40586.6371,pulp-and-paper
24.41331,111.54901,1,0.000,2.000,0.5027,258962.5728,40586.6371,pulp-and-paper
21.97523,108.63396,1,0.000,2.000,0.5027,490261.7474,76837.6503,pulp-and-paper
45.76201,126.65241,1,0.000,2.000,0.5027,258962.5728,40586.6371,pulp-and-paper
34.78106,113.67775,1,0.000,2.000,0.5027,258962.5728,40586.6371,pulp-and-paper
32.44604,111.27013,1,0.000,2.000,0.5027,258962.5728,40586.6371,pulp-and-paper
42.70292,129.75735,1,0.000,2.000,0.5027,258962.5728,40586.6371,pulp-and-paper
30.04184,112.42470,1,0.000,2.000,0.5027,258962.5728,40586.6371,pulp-and-paper
23.71580,109.41104,1,0.000,2.000,0.5027,258962.5728,40586.6371,pulp-and-paper
35.37976,117.95667,1,0.000,2.000,0.5027,258962.5728,40586.6371,pulp-and-paper
24.42780,109.53035,1,0.000,2.000,0.5027,258962.5728,40586.6371,pulp-and-paper
41.99767,122.82800,1,0.000,2.000,0.5027,302637.3801,47431.6940,pulp-and-paper
41.18543,121.70843,1,0.000,2.000,0.5027,258962.5728,40586.6371,pulp-and-paper
31.26790,111.64411,1,0.000,2.000,0.5027,258962.5728,40586.6371,pulp-and-paper
26.56254,117.98543,1,0.000,2.000,0.5027,258962.5728,40586.6371,pulp-and-paper
31.22839,121.52017,1,0.000,2.000,0.5027,258962.5728,40586.6371,pulp-and-paper
27.29757,117.50166,1,0.000,2.000,0.5027,258962.5728,40586.6371,pulp-and-paper
39.79421,117.81468,1,0.000,2.000,0.5027,258962.5728,40586.6371,pulp-and-paper
30.00686,103.03105,1,0.000,2.000,0.5027,258962.5728,40586.6371,pulp-and-paper
29.15952,113.15607,1,0.000,2.000,0.5027,258962.5728,40586.6371,pulp-and-paper
23.56862,100.72769,1,0.000,2.000,0.5027,258962.5728,40586.6371,pulp-and-paper
49.71797,18.29460,1,0.000,2.000,0.5027,127775.1693,23051.8033,pulp-and-paper
49.95967,16.86539,1,0.000,2.000,0.5027,127775.1693,23051.8033,pulp-and-paper
49.45820,8.08644,2,1.851,3.851,10.7585,191549.3090,33795.0820,pulp-and-paper
50.77862,13.15941,1,0.000,2.000,0.5027,31383.7851,5537.0473,pulp-and-paper
50.02101,12.02009,1,0.000,2.000,0.5027,95774.6545,16897.5410,pulp-and-paper
48.72363,8.35580,1,0.000,2.000,0.5027,95774.6545,16897.5410,pulp-and-paper
36.47357,2.83232,1,0.000,2.000,0.5027,7565.9345,1185.7923,pulp-and-paper
59.50199,26.54816,1,0.000,2.000,0.5027,47975.2528,11857.9235,pulp-and-paper
62.22108,21.14419,1,0.000,2.000,0.5027,170842.3447,32658.1313,pulp-and-paper
62.38228,21.22779,1,0.000,2.000,0.5027,282243.6842,53953.5519,pulp-and-paper
63.19295,30.82435,1,0.000,2.000,0.5027,282243.6842,53953.5519,pulp-and-paper
43.83139,-0.82661,1,0.000,2.000,0.5027,108797.1681,23337.2958,pulp-and-paper
45.85666,17.39787,1,0.000,2.000,0.5027,11497.9900,1802.0548,pulp-and-paper
45.29974,14.72139,1,0.000,2.000,0.5027,11497.9900,1802.0548,pulp-and-paper
-2.71733,105.35996,1,0.000,2.000,0.5027,463798.7333,72690.1600,pulp-and-paper
0.70703,101.54066,1,0.000,2.000,0.5027,432339.1144,67759.5628,pulp-and-paper
-6.24793,106.64577,1,0.000,2.000,0.5027,810635.8397,127049.1803,pulp-and-paper
-6.83769,107.49094,1,0.000,2.000,0.5027,463798.7333,72690.1600,pulp-and-paper
2.00780,117.74396,1,0.000,2.000,0.5027,283722.5439,44467.2131,pulp-and-paper
-3.31944,103.91440,1,0.000,2.000,0.5027,539289.0029,84521.5847,pulp-and-paper
-4.60454,104.89801,1,0.000,2.000,0.5027,463798.7333,72690.1600,pulp-and-paper
2.45272,99.16068,1,0.000,2.000,0.5027,105161.0854,16481.6667,pulp-and-paper
26.19947,78.14899,1,0.000,2.000,0.5027,36208.4008,5674.8634,pulp-and-paper
18.26428,80.48549,1,0.000,2.000,0.5027,36208.4008,5674.8634,pulp-and-paper
18.89610,82.55391,1,0.000,2.000,0.5027,36208.4008,5674.8634,pulp-and-paper
20.35714,72.92917,1,0.000,2.000,0.5027,36208.4008,5674.8634,pulp-and-paper
17.44149,78.44463,1,0.000,2.000,0.5027,36208.4008,5674.8634,pulp-and-paper
29.95746,77.55633,1,0.000,2.000,0.5027,36208.4008,5674.8634,pulp-and-paper
10.12961,76.46108,1,0.000,2.000,0.5027,36208.4008,5674.8634,pulp-and-paper
45.68664,8.31027,1,0.000,2.000,0.5027,50966.7725,7987.9107,pulp-and-paper
44.59773,10.40964,1,0.000,2.000,0.5027,50966.7725,7987.9107,pulp-and-paper
35.42048,137.01968,1,0.000,2.000,0.5027,115245.4976,37098.3607,pulp-and-paper
33.73445,136.01104,1,0.000,2.000,0.5027,52623.5149,16939.8907,pulp-and-paper
37.46767,138.85419,1,0.000,2.000,0.5027,52623.5149,16939.8907,pulp-and-paper
34.74798,135.50339,1,0.000,2.000,0.5027,52623.5149,16939.8907,pulp-and-paper
36.55323,136.62130,1,0.000,2.000,0.5027,113824.6627,36640.9836,pulp-and-paper
39.23248,141.09282,1,0.000,2.000,0.5027,113824.6627,36640.9836,pulp-and-paper
43.77717,142.39360,1,0.000,2.000,0.5027,113824.6627,36640.9836,pulp-and-paper
35.01460,132.22144,1,0.000,2.000,0.5027,113824.6627,36640.9836,pulp-and-paper
36.27357,139.76521,1,0.000,2.000,0.5027,113824.6627,36640.9836,pulp-and-paper
16.69609,106.20809,1,0.000,2.000,0.5027,6391.0000,1004.3917,pulp-and-paper
34.30213,-6.30208,1,0.000,2.000,0.5027,2905.0000,455.2943,pulp-and-paper
19.64083,-101.26250,1,0.000,2.000,0.5027,11852.4000,7978.6885,pulp-and-paper
18.27910,-95.72704,1,0.000,2.000,0.5027,11852.4000,7978.6885,pulp-and-paper
1.44459,103.60385,1,0.000,2.000,0.5027,372892.4863,58442.6229,pulp-and-paper
5.15654,8.04994,1,0.000,2.000,0.5027,13363.0000,2094.3537,pulp-and-paper
59.27678,11.11516,1,0.000,2.000,0.5027,32425.4336,5081.9672,pulp-and-paper
63.98520,11.10322,1,0.000,2.000,0.5027,70255.1061,11010.9290,pulp-and-paper
58.40757,8.63577,1,0.000,2.000,0.5027,37829.6725,5928.9617,pulp-and-paper
58.89527,9.33850,1,0.000,2.000,0.5027,43233.9114,6775.9563,pulp-and-paper
-38.21942,175.86744,1,0.000,2.000,0.5027,143212.3316,22445.3552,pulp-and-paper
-38.07422,176.71717,1,0.000,2.000,0.5027,134824.9528,21130.8197,pulp-and-paper
-39.46422,175.56748,1,0.000,2.000,0.5027,118893.2564,18633.8798,pulp-and-paper
31.19356,72.77562,1,0.000,2.000,0.5027,4863.8150,762.2951,pulp-and-paper
31.46292,74.34175,2,2.561,4.561,20.6109,71837.7761,11258.9774,pulp-and-paper
32.08709,72.65845,1,0.000,2.000,0.5027,36748.8247,5759.5628,pulp-and-paper
34.16818,71.75039,1,0.000,2.000,0.5027,35667.9769,5590.1639,pulp-and-paper
31.98949,74.21955,1,0.000,2.000,0.5027,5404.2389,846.9945,pulp-and-paper
13.39369,123.71230,1,0.000,2.000,0.5027,4323.3911,677.5956,pulp-and-paper
10.86242,124.72641,1,0.000,2.000,0.5027,2431.9075,381.1475,pulp-and-paper
13.10282,123.69588,1,0.000,2.000,0.5027,3377.6493,529.3716,pulp-and-paper
50.57339,19.31958,1,0.000,2.000,0.5027,270211.9466,42349.7268,pulp-and-paper
39.47156,-8.33329,1,0.000,2.000,0.5027,62376.5750,9740.4372,pulp-and-paper
55.87228,48.35685,1,0.000,2.000,0.5027,27021.1947,4234.9727,pulp-and-paper
61.33797,40.08128,1,0.000,2.000,0.5027,259835.8078,40723.4973,pulp-and-paper
48.86334,21.72875,1,0.000,2.000,0.5027,81063.5840,12704.9180,pulp-and-paper
59.29571,14.13168,1,0.000,2.000,0.5027,117111.6382,19480.8743,pulp-and-paper
57.28500,12.44426,1,0.000,2.000,0.5027,386977.5873,64371.5847,pulp-and-paper
60.12816,18.64350,1,0.000,2.000,0.5027,94198.4916,15669.3989,pulp-and-paper
56.04359,14.46299,1,0.000,2.000,0.5027,173121.5522,28797.8142,pulp-and-paper
14.25938,100.47281,1,0.000,2.000,0.5027,176538.4718,27668.4882,pulp-and-paper
38.08964,27.73660,1,0.000,2.000,0.5027,75659.3450,11857.9235,pulp-and-paper
0.42729,33.16964,1,0.000,2.000,0.5027,39450.9442,6183.0601,pulp-and-paper
-34.88557,-55.26736,1,0.000,2.000,0.5027,405317.9198,63524.5902,pulp-and-paper
21.08926,105.79014,1,0.000,2.000,0.5027,54042.3893,8469.9454,pulp-and-paper
37.20814,67.40827,1,0.000,2.000,0.5027,143782.1931,30000.0000,oil-and-gas-refining
40.60490,19.75585,1,0.000,2.000,0.5027,0.0000,0.0000,oil-and-gas-refining
40.70096,19.54648,1,0.000,2.000,0.5027,32008.1512,10000.0000,oil-and-gas-refining
25.18907,56.35153,3,1.232,3.232,4.7646,1147522.9204,207000.0000,oil-and-gas-refining
-22.20600,-63.66253,1,0.000,2.000,0.5027,154786.7902,25200.0000,oil-and-gas-refining
-38.92815,-69.18120,1,0.000,2.000,0.5027,140521.1670,25000.0000,oil-and-gas-refining
-27.41307,153.15816,2,2.163,4.163,14.7049,1235194.1235,109000.0000,oil-and-gas-refining
-38.07800,144.38181,1,0.000,2.000,0.5027,1458851.9391,120000.0000,oil-and-gas-refining
-17.87477,-63.20236,1,0.000,2.000,0.5027,103763.6104,24000.0000,oil-and-gas-refining
-5.13230,-36.38439,1,0.000,2.000,0.5027,190341.7040,39600.0000,oil-and-gas-refining
-3.71637,-38.47230,1,0.000,2.000,0.5027,60337.9815,8000.0000,oil-and-gas-refining
-23.19081,-45.82077,1,0.000,2.000,0.5027,3424325.7346,252000.0000,oil-and-gas-refining
4.61965,114.34330,1,0.000,2.000,0.5027,0.0000,0.0000,oil-and-gas-refining
47.79820,-53.99336,1,0.000,2.000,0.5027,0.0000,0.0000,oil-and-gas-refining
46.75944,-71.19366,1,0.000,2.000,0.5027,2632414.0817,265000.0000,oil-and-gas-refining
-52.62381,-70.20292,1,0.000,2.000,0.5027,100466.0479,18000.0000,oil-and-gas-refining
28.88580,105.53440,1,0.000,2.000,0.5027,76463.2454,12060.0000,oil-and-gas-refining
32.30658,119.85978,1,0.000,2.000,0.5027,740802.7023,90000.0000,oil-and-gas-refining
37.17867,117.90008,1,0.000,2.000,0.5027,89207.1196,14070.0000,oil-and-gas-refining
35.44798,118.71413,1,0.000,2.000,0.5027,579060.7788,70350.0000,oil-and-gas-refining
38.52360,117.38107,1,0.000,2.000,0.5027,382316.2270,60300.0000,oil-and-gas-refining
38.29938,117.70603,2,1.688,3.688,8.9539,1240844.5261,150750.0000,oil-and-gas-refining
38.46070,117.61740,1,0.000,2.000,0.5027,280365.2331,44220.0000,oil-and-gas-refining
35.75051,115.35663,1,0.000,2.000,0.5027,430159.4357,52260.0000,oil-and-gas-refining
37.88865,118.40879,2,0.411,2.411,0.5319,1125032.3703,136680.0000,oil-and-gas-refining
30.45988,112.87690,1,0.000,2.000,0.5027,827229.6841,100500.0000,oil-and-gas-refining
37.51530,118.23476,1,0.000,2.000,0.5027,579060.7788,70350.0000,oil-and-gas-refining
37.67610,118.34006,1,0.000,2.000,0.5027,19115.8113,3015.0000,oil-and-gas-refining
37.74260,107.45653,1,0.000,2.000,0.5027,191158.1135,30150.0000,oil-and-gas-refining
37.36008,106.59910,1,0.000,2.000,0.5027,254877.4847,40200.0000,oil-and-gas-refining
41.34092,122.16515,1,0.000,2.000,0.5027,661783.7473,80400.0000,oil-and-gas-refining
46.56157,124.82719,1,0.000,2.000,0.5027,2524431.3227,200000.0000,oil-and-gas-refining
45.75623,118.04126,1,0.000,2.000,0.5027,567594.8549,95000.0000,oil-and-gas-refining
41.13806,121.08701,1,0.000,2.000,0.5027,2271988.1904,180000.0000,oil-and-gas-refining
35.65206,107.62802,1,0.000,2.000,0.5027,935301.8051,74100.0000,oil-and-gas-refining
34.36138,108.76698,1,0.000,2.000,0.5027,597468.2683,100000.0000,oil-and-gas-refining
39.83052,97.56066,1,0.000,2.000,0.5027,1060261.1555,84000.0000,oil-and-gas-refining
37.27268,118.71521,1,0.000,2.000,0.5027,363981.0610,44220.0000,oil-and-gas-refining
37.10590,118.22690,1,0.000,2.000,0.5027,66178.3747,8040.0000,oil-and-gas-refining
37.98124,118.46142,2,0.459,2.459,0.6612,394835.6730,56280.0000,oil-and-gas-refining
37.81720,117.40580,1,0.000,2.000,0.5027,26762.1359,4221.0000,oil-and-gas-refining
37.47290,118.54330,1,0.000,2.000,0.5027,331340.7301,52260.0000,oil-and-gas-refining
37.89366,118.68516,1,0.000,2.000,0.5027,579060.7788,70350.0000,oil-and-gas-refining
41.78790,123.26210,1,0.000,2.000,0.5027,152926.4908,24120.0000,oil-and-gas-refining
36.81136,118.53737,1,0.000,2.000,0.5027,681113.8259,114000.0000,oil-and-gas-refining
36.84647,119.36064,1,0.000,2.000,0.5027,339166.7640,160000.0000,oil-and-gas-refining
36.73766,117.17723,1,0.000,2.000,0.5027,1653502.5164,131000.0000,oil-and-gas-refining
32.67285,112.59347,1,0.000,2.000,0.5027,149888.1098,11875.0000,oil-and-gas-refining
36.21368,120.36417,1,0.000,2.000,0.5027,3029317.5873,240000.0000,oil-and-gas-refining
41.71040,83.04314,1,0.000,2.000,0.5027,1308352.8496,114000.0000,oil-and-gas-refining
32.51206,119.87962,1,0.000,2.000,0.5027,656352.1439,52000.0000,oil-and-gas-refining
29.47451,113.30735,1,0.000,2.000,0.5027,883550.9630,70000.0000,oil-and-gas-refining
21.16347,110.38094,1,0.000,2.000,0.5027,972252.2023,100000.0000,oil-and-gas-refining
36.68536,109.84836,1,0.000,2.000,0.5027,1268526.7397,100500.0000,oil-and-gas-refining
37.00351,109.83940,1,0.000,2.000,0.5027,1135994.0953,90000.0000,oil-and-gas-refining
4.01347,9.12732,1,0.000,2.000,0.5027,0.0000,42000.0000,oil-and-gas-refining
-4.73371,11.84966,1,0.000,2.000,0.5027,81362.2315,21000.0000,oil-and-gas-refining
4.07858,-73.37684,1,0.000,2.000,0.5027,13942.2042,2500.0000,oil-and-gas-refining
0.67626,-76.87760,1,0.000,2.000,0.5027,13942.2042,2500.0000,oil-and-gas-refining
55.59329,9.74710,1,0.000,2.000,0.5027,630596.9058,68000.0000,oil-and-gas-refining
28.20720,-0.15626,1,0.000,2.000,0.5027,121420.8924,12082.0000,oil-and-gas-refining
-0.20114,-76.65610,1,0.000,2.000,0.5027,114213.0997,20000.0000,oil-and-gas-refining
30.79340,30.96257,1,0.000,2.000,0.5027,158701.9294,40000.0000,oil-and-gas-refining
28.63988,33.22049,1,0.000,2.000,0.5027,33922.5374,8550.0000,oil-and-gas-refining
48.59059,2.94514,1,0.000,2.000,0.5027,0.0000,0.0000,oil-and-gas-refining
5.65052,-0.09961,1,0.000,2.000,0.5027,24306.9619,6000.0000,oil-and-gas-refining
-6.38138,108.39339,1,0.000,2.000,0.5027,744314.3708,150000.0000,oil-and-gas-refining
-1.31818,131.02127,1,0.000,2.000,0.5027,49620.9581,10000.0000,oil-and-gas-refining
1.34306,102.15250,1,0.000,2.000,0.5027,248104.7903,50000.0000,oil-and-gas-refining
26.58068,93.78909,1,0.000,2.000,0.5027,904781.1880,60000.0000,oil-and-gas-refining
26.51502,90.53294,1,0.000,2.000,0.5027,412120.0452,54000.0000,oil-and-gas-refining
27.38502,95.61987,1,0.000,2.000,0.5027,208527.6926,13000.0000,oil-and-gas-refining
26.18471,91.80725,1,0.000,2.000,0.5027,342624.3800,24000.0000,oil-and-gas-refining
27.37846,77.68662,1,0.000,2.000,0.5027,2454009.8837,161000.0000,oil-and-gas-refining
16.50257,81.89539,1,0.000,2.000,0.5027,9765.5055,1325.0000,oil-and-gas-refining
34.35354,47.10391,1,0.000,2.000,0.5027,149638.7302,25000.0000,oil-and-gas-refining
26.79961,53.35110,1,0.000,2.000,0.5027,359132.9526,60000.0000,oil-and-gas-refining
29.73425,52.65583,1,0.000,2.000,0.5027,735672.9893,55000.0000,oil-and-gas-refining
31.52475,44.56030,1,0.000,2.000,0.5027,74257.6310,20000.0000,oil-and-gas-refining
34.07004,42.36076,1,0.000,2.000,0.5027,37128.8155,16000.0000,oil-and-gas-refining
36.45879,42.67138,1,0.000,2.000,0.5027,37128.8155,10000.0000,oil-and-gas-refining
35.53327,44.32854,1,0.000,2.000,0.5027,207921.3668,56000.0000,oil-and-gas-refining
44.57471,8.94761,1,0.000,2.000,0.5027,377546.6200,38000.0000,oil-and-gas-refining
34.10362,135.11459,1,0.000,2.000,0.5027,0.0000,0.0000,oil-and-gas-refining
34.04996,132.85987,1,0.000,2.000,0.5027,1207522.2968,138000.0000,oil-and-gas-refining
18.02155,102.74637,1,0.000,2.000,0.5027,95598.9878,20000.0000,oil-and-gas-refining
6.34906,-10.79248,1,0.000,2.000,0.5027,39267.8885,10000.0000,oil-and-gas-refining
29.24833,21.55264,1,0.000,2.000,0.5027,52943.4528,10000.0000,oil-and-gas-refining
30.41411,19.57931,1,0.000,2.000,0.5027,52943.4528,10000.0000,oil-and-gas-refining
34.23321,-5.71659,1,0.000,2.000,0.5027,0.0000,0.0000,oil-and-gas-refining
18.42256,-93.19315,1,0.000,2.000,0.5027,1323475.1583,340000.0000,oil-and-gas-refining
14.18612,8.78489,1,0.000,2.000,0.5027,78535.7770,20000.0000,oil-and-gas-refining
4.92752,6.65487,1,0.000,2.000,0.5027,46531.0625,11000.0000,oil-and-gas-refining
6.45484,3.99860,1,0.000,2.000,0.5027,3067962.4028,650000.0000,oil-and-gas-refining
6.12452,6.02261,1,0.000,2.000,0.5027,10575.2415,2500.0000,oil-and-gas-refining
6.07819,5.66832,1,0.000,2.000,0.5027,76141.7387,18000.0000,oil-and-gas-refining
10.41159,7.49065,1,0.000,2.000,0.5027,0.0000,0.0000,oil-and-gas-refining
5.56790,5.71685,1,0.000,2.000,0.5027,75887.7702,125000.0000,oil-and-gas-refining
5.66905,6.39286,1,0.000,2.000,0.5027,42300.9659,10000.0000,oil-and-gas-refining
5.31382,6.87799,1,0.000,2.000,0.5027,21150.4830,5000.0000,oil-and-gas-refining
59.31416,10.51568,1,0.000,2.000,0.5027,0.0000,0.0000,oil-and-gas-refining
-35.84179,174.49396,1,0.000,2.000,0.5027,0.0000,0.0000,oil-and-gas-refining
23.62543,58.51469,1,0.000,2.000,0.5027,568148.8267,106000.0000,oil-and-gas-refining
-8.39231,-74.53292,1,0.000,2.000,0.5027,0.0000,3300.0000,oil-and-gas-refining
-25.38825,-57.60570,1,0.000,2.000,0.5027,32920.1911,7500.0000,oil-and-gas-refining
44.79835,24.93267,1,0.000,2.000,0.5027,1163131.6039,86000.0000,oil-and-gas-refining
46.77289,48.11432,1,0.000,2.000,0.5027,414378.6599,66000.0000,oil-and-gas-refining
61.28554,73.00108,1,0.000,2.000,0.5027,1506831.4906,240000.0000,oil-and-gas-refining
48.50133,135.05274,1,0.000,2.000,0.5027,565061.8090,90000.0000,oil-and-gas-refining
44.86016,38.61259,1,0.000,2.000,0.5027,752569.6844,132000.0000,oil-and-gas-refining
63.57536,53.72262,1,0.000,2.000,0.5027,489720.2345,78000.0000,oil-and-gas-refining
56.98182,47.72659,1,0.000,2.000,0.5027,565061.8090,90000.0000,oil-and-gas-refining
56.12457,86.14153,1,0.000,2.000,0.5027,544356.8932,60000.0000,oil-and-gas-refining
47.83432,39.85538,1,0.000,2.000,0.5027,645821.4238,112000.0000,oil-and-gas-refining
56.44623,90.53906,1,0.000,2.000,0.5027,941769.6817,150000.0000,oil-and-gas-refining
60.98358,76.44850,1,0.000,2.000,0.5027,188353.9363,30000.0000,oil-and-gas-refining
44.88371,38.81858,1,0.000,2.000,0.5027,1046661.9202,120000.0000,oil-and-gas-refining
45.22589,38.13423,1,0.000,2.000,0.5027,565061.8090,90000.0000,oil-and-gas-refining
13.27140,30.23620,1,0.000,2.000,0.5027,0.0000,0.0000,oil-and-gas-refining
58.92181,17.96447,1,0.000,2.000,0.5027,510945.8578,90000.0000,oil-and-gas-refining
12.41416,15.09699,1,0.000,2.000,0.5027,78535.7770,20000.0000,oil-and-gas-refining
37.87973,41.13499,1,0.000,2.000,0.5027,101910.3731,28000.0000,oil-and-gas-refining
46.67493,32.56865,1,0.000,2.000,0.5027,0.0000,137000.0000,oil-and-gas-refining
48.85015,38.30783,1,0.000,2.000,0.5027,0.0000,160000.0000,oil-and-gas-refining
48.62781,24.59346,1,0.000,2.000,0.5027,0.0000,39000.0000,oil-and-gas-refining
49.34135,23.48165,1,0.000,2.000,0.5027,0.0000,40000.0000,oil-and-gas-refining
46.52165,30.71767,1,0.000,2.000,0.5027,0.0000,70000.0000,oil-and-gas-refining
41.96672,-78.62942,1,0.000,2.000,0.5027,65220.4635,11000.0000,oil-and-gas-refining
29.26162,-97.78725,1,0.000,2.000,0.5027,85848.2350,14000.0000,oil-and-gas-refining
70.32483,-149.60407,1,0.000,2.000,0.5027,99925.6858,15000.0000,oil-and-gas-refining
46.85576,-102.91303,1,0.000,2.000,0.5027,0.0000,0.0000,oil-and-gas-refining
30.52651,-91.74800,1,0.000,2.000,0.5027,739472.7987,80000.0000,oil-and-gas-refining
32.36043,-95.28196,1,0.000,2.000,0.5027,731700.9932,74000.0000,oil-and-gas-refining
38.62149,-115.61790,1,0.000,2.000,0.5027,13323.4248,2000.0000,oil-and-gas-refining
31.07200,-87.36300,1,0.000,2.000,0.5027,25193.7345,4100.0000,oil-and-gas-refining
42.85845,-106.24244,1,0.000,2.000,0.5027,304886.1483,31000.0000,oil-and-gas-refining
31.81488,-89.00919,1,0.000,2.000,0.5027,67592.9463,11000.0000,oil-and-gas-refining
35.29472,-118.91795,1,0.000,2.000,0.5027,173204.5220,26000.0000,oil-and-gas-refining
38.99728,-87.71585,1,0.000,2.000,0.5027,2785454.6559,253000.0000,oil-and-gas-refining
43.84852,-104.21390,1,0.000,2.000,0.5027,177030.6667,18000.0000,oil-and-gas-refining
29.93465,-89.96202,2,2.008,4.008,12.6696,3099472.2215,315000.0000,oil-and-gas-refining
41.26114,-110.80632,1,0.000,2.000,0.5027,20390.1574,3000.0000,oil-and-gas-refining
29.34764,-98.46000,1,0.000,2.000,0.5027,137885.4373,20000.0000,oil-and-gas-refining
29.30193,-94.82354,1,0.000,2.000,0.5027,273555.8172,45000.0000,oil-and-gas-refining
28.45921,-98.18827,1,0.000,2.000,0.5027,815252.2741,89000.0000,oil-and-gas-refining
35.48893,-108.42601,1,0.000,2.000,0.5027,0.0000,0.0000,oil-and-gas-refining
40.42956,71.51259,1,0.000,2.000,0.5027,120806.7924,66000.0000,oil-and-gas-refining
39.49819,64.70411,1,0.000,2.000,0.5027,91520.2973,50000.0000,oil-and-gas-refining
10.48161,-68.11942,1,0.000,2.000,0.5027,316832.2243,146000.0000,oil-and-gas-refining
12.75135,44.88174,1,0.000,2.000,0.5027,431946.7735,110000.0000,oil-and-gas-refining
-29.97342,31.03469,2,5.564,7.564,97.2568,0.0000,180000.0000,oil-and-gas-refining
